target_type,target_id,user_id,content,like_count,status,created_at,parent_id
course,1,1,course#1 评论 1：节奏刚好，建议再补充一点练习题。,2,normal,2026-01-26T10:48:13.282Z,
course,1,2,course#1 评论 2：课程结构清晰，学习路线明了。,7,normal,2026-01-27T10:48:13.282Z,
course,1,3,course#1 评论 3：课程结构清晰，学习路线明了。,2,normal,2026-01-29T10:48:13.282Z,
course,1,4,course#1 评论 4：实例讲解很实用，收藏了。,0,normal,2026-01-29T10:48:13.282Z,
course,1,5,course#1 评论 5：案例很贴近实际，学完能直接上手。,0,normal,2026-01-30T10:48:13.282Z,
course,1,6,course#1 评论 6：节奏刚好，建议再补充一点练习题。,4,normal,2026-01-28T10:48:13.282Z,
course,2,1,course#2 评论 1：实例讲解很实用，收藏了。,6,normal,2026-01-25T10:48:13.282Z,
course,2,2,course#2 评论 2：这节课讲得很清楚，重点很明确。,6,normal,2026-01-23T10:48:13.282Z,
course,2,3,course#2 评论 3：实例讲解很实用，收藏了。,1,normal,2026-01-24T10:48:13.282Z,
course,2,4,course#2 评论 4：希望后续更新更多进阶内容。,6,normal,2026-01-26T10:48:13.282Z,
course,2,5,course#2 评论 5：这节课讲得很清楚，重点很明确。,3,normal,2026-01-27T10:48:13.282Z,
course,2,6,course#2 评论 6：希望后续更新更多进阶内容。,5,normal,2026-01-23T10:48:13.282Z,
course,3,1,course#3 评论 1：节奏刚好，建议再补充一点练习题。,7,normal,2026-01-25T10:48:13.282Z,
course,3,2,course#3 评论 2：节奏刚好，建议再补充一点练习题。,3,normal,2026-01-30T10:48:13.282Z,
course,3,3,course#3 评论 3：重点知识点总结得不错，复习方便。,7,normal,2026-01-23T10:48:13.282Z,
course,3,4,course#3 评论 4：讲师讲解很细，适合零基础。,1,normal,2026-02-01T10:48:13.282Z,
course,3,5,course#3 评论 5：希望后续更新更多进阶内容。,0,normal,2026-01-26T10:48:13.282Z,
course,3,6,course#3 评论 6：节奏刚好，建议再补充一点练习题。,4,normal,2026-01-22T10:48:13.282Z,
course,4,1,course#4 评论 1：希望后续更新更多进阶内容。,3,normal,2026-01-23T10:48:13.282Z,
course,4,2,course#4 评论 2：课程结构清晰，学习路线明了。,0,normal,2026-01-31T10:48:13.282Z,
course,4,3,course#4 评论 3：这节课讲得很清楚，重点很明确。,2,normal,2026-01-25T10:48:13.282Z,
course,4,4,course#4 评论 4：课程结构清晰，学习路线明了。,6,normal,2026-01-25T10:48:13.282Z,
course,4,5,course#4 评论 5：重点知识点总结得不错，复习方便。,4,normal,2026-02-01T10:48:13.282Z,
course,4,6,course#4 评论 6：课程结构清晰，学习路线明了。,7,normal,2026-01-23T10:48:13.282Z,
course,5,1,course#5 评论 1：内容有深度但不晦涩，体验很好。,6,normal,2026-02-02T10:48:13.282Z,
course,5,2,course#5 评论 2：如果能加配套资料就更好了。,7,normal,2026-02-04T10:48:13.282Z,
course,5,3,course#5 评论 3：内容有深度但不晦涩，体验很好。,2,normal,2026-01-23T10:48:13.282Z,
course,5,4,course#5 评论 4：节奏刚好，建议再补充一点练习题。,3,normal,2026-01-28T10:48:13.282Z,
course,5,5,course#5 评论 5：内容有深度但不晦涩，体验很好。,6,normal,2026-01-27T10:48:13.282Z,
course,5,6,course#5 评论 6：实例讲解很实用，收藏了。,3,normal,2026-01-31T10:48:13.282Z,
course,6,1,course#6 评论 1：如果能加配套资料就更好了。,1,normal,2026-01-23T10:48:13.282Z,
course,6,2,course#6 评论 2：希望后续更新更多进阶内容。,3,normal,2026-02-02T10:48:13.282Z,
course,6,3,course#6 评论 3：内容有深度但不晦涩，体验很好。,2,normal,2026-01-31T10:48:13.282Z,
course,6,4,course#6 评论 4：内容有深度但不晦涩，体验很好。,3,normal,2026-01-23T10:48:13.282Z,
course,6,5,course#6 评论 5：节奏刚好，建议再补充一点练习题。,6,normal,2026-01-28T10:48:13.282Z,
course,6,6,course#6 评论 6：如果能加配套资料就更好了。,7,normal,2026-02-04T10:48:13.282Z,
course,7,1,course#7 评论 1：重点知识点总结得不错，复习方便。,2,normal,2026-01-29T10:48:13.282Z,
course,7,2,course#7 评论 2：如果能加配套资料就更好了。,4,normal,2026-01-22T10:48:13.282Z,
course,7,3,course#7 评论 3：课程结构清晰，学习路线明了。,0,normal,2026-01-25T10:48:13.282Z,
course,7,4,course#7 评论 4：案例很贴近实际，学完能直接上手。,0,normal,2026-02-03T10:48:13.282Z,
course,7,5,course#7 评论 5：重点知识点总结得不错，复习方便。,0,normal,2026-02-03T10:48:13.282Z,
course,7,6,course#7 评论 6：如果能加配套资料就更好了。,1,normal,2026-02-04T10:48:13.282Z,
course,8,1,course#8 评论 1：希望后续更新更多进阶内容。,5,normal,2026-01-22T10:48:13.282Z,
course,8,2,course#8 评论 2：节奏刚好，建议再补充一点练习题。,2,normal,2026-01-31T10:48:13.282Z,
course,8,3,course#8 评论 3：案例很贴近实际，学完能直接上手。,4,normal,2026-02-04T10:48:13.282Z,
course,8,4,course#8 评论 4：希望后续更新更多进阶内容。,3,normal,2026-01-24T10:48:13.282Z,
course,8,5,course#8 评论 5：实例讲解很实用，收藏了。,3,normal,2026-02-01T10:48:13.282Z,
course,8,6,course#8 评论 6：节奏刚好，建议再补充一点练习题。,7,normal,2026-01-30T10:48:13.282Z,
course,9,1,course#9 评论 1：节奏刚好，建议再补充一点练习题。,5,normal,2026-02-03T10:48:13.282Z,
course,9,2,course#9 评论 2：这节课讲得很清楚，重点很明确。,6,normal,2026-01-25T10:48:13.282Z,
course,9,3,course#9 评论 3：内容有深度但不晦涩，体验很好。,3,normal,2026-02-02T10:48:13.282Z,
course,9,4,course#9 评论 4：内容有深度但不晦涩，体验很好。,4,normal,2026-01-31T10:48:13.282Z,
course,9,5,course#9 评论 5：这节课讲得很清楚，重点很明确。,6,normal,2026-02-01T10:48:13.282Z,
course,9,6,course#9 评论 6：节奏刚好，建议再补充一点练习题。,6,normal,2026-01-23T10:48:13.282Z,
course,1000,1,course#1000 评论 1：如果能加配套资料就更好了。,3,normal,2026-01-25T10:48:13.282Z,
course,1000,2,course#1000 评论 2：案例很贴近实际，学完能直接上手。,7,normal,2026-01-30T10:48:13.282Z,
course,1000,3,course#1000 评论 3：课程结构清晰，学习路线明了。,6,normal,2026-01-28T10:48:13.282Z,
course,1000,4,course#1000 评论 4：实例讲解很实用，收藏了。,4,normal,2026-01-22T10:48:13.282Z,
course,1000,5,course#1000 评论 5：希望后续更新更多进阶内容。,7,normal,2026-01-31T10:48:13.282Z,
course,1000,6,course#1000 评论 6：如果能加配套资料就更好了。,4,normal,2026-01-23T10:48:13.282Z,
course,1001,1,course#1001 评论 1：希望后续更新更多进阶内容。,7,normal,2026-02-04T10:48:13.282Z,
course,1001,2,course#1001 评论 2：节奏刚好，建议再补充一点练习题。,5,normal,2026-01-29T10:48:13.282Z,
course,1001,3,course#1001 评论 3：实例讲解很实用，收藏了。,7,normal,2026-01-29T10:48:13.282Z,
course,1001,4,course#1001 评论 4：希望后续更新更多进阶内容。,3,normal,2026-01-24T10:48:13.282Z,
course,1001,5,course#1001 评论 5：实例讲解很实用，收藏了。,4,normal,2026-01-29T10:48:13.282Z,
course,1001,6,course#1001 评论 6：课程结构清晰，学习路线明了。,2,normal,2026-02-03T10:48:13.282Z,
course,1002,1,course#1002 评论 1：内容有深度但不晦涩，体验很好。,5,normal,2026-02-02T10:48:13.282Z,
course,1002,2,course#1002 评论 2：案例很贴近实际，学完能直接上手。,7,normal,2026-01-28T10:48:13.282Z,
course,1002,3,course#1002 评论 3：重点知识点总结得不错，复习方便。,6,normal,2026-02-02T10:48:13.282Z,
course,1002,4,course#1002 评论 4：重点知识点总结得不错，复习方便。,7,normal,2026-01-24T10:48:13.282Z,
course,1002,5,course#1002 评论 5：希望后续更新更多进阶内容。,7,normal,2026-01-24T10:48:13.282Z,
course,1002,6,course#1002 评论 6：这节课讲得很清楚，重点很明确。,2,normal,2026-01-25T10:48:13.282Z,
course,1003,1,course#1003 评论 1：如果能加配套资料就更好了。,5,normal,2026-01-28T10:48:13.282Z,
course,1003,2,course#1003 评论 2：希望后续更新更多进阶内容。,0,normal,2026-01-27T10:48:13.282Z,
course,1003,3,course#1003 评论 3：重点知识点总结得不错，复习方便。,3,normal,2026-01-28T10:48:13.282Z,
course,1003,4,course#1003 评论 4：这节课讲得很清楚，重点很明确。,3,normal,2026-02-02T10:48:13.282Z,
course,1003,5,course#1003 评论 5：重点知识点总结得不错，复习方便。,5,normal,2026-01-29T10:48:13.282Z,
course,1003,6,course#1003 评论 6：实例讲解很实用，收藏了。,0,normal,2026-01-22T10:48:13.282Z,
course,1004,1,course#1004 评论 1：实例讲解很实用，收藏了。,7,normal,2026-01-24T10:48:13.282Z,
course,1004,2,course#1004 评论 2：节奏刚好，建议再补充一点练习题。,4,normal,2026-01-24T10:48:13.282Z,
course,1004,3,course#1004 评论 3：如果能加配套资料就更好了。,0,normal,2026-01-31T10:48:13.282Z,
course,1004,4,course#1004 评论 4：节奏刚好，建议再补充一点练习题。,2,normal,2026-02-03T10:48:13.282Z,
course,1004,5,course#1004 评论 5：这节课讲得很清楚，重点很明确。,7,normal,2026-02-04T10:48:13.282Z,
course,1004,6,course#1004 评论 6：希望后续更新更多进阶内容。,4,normal,2026-01-31T10:48:13.282Z,
course,1005,1,course#1005 评论 1：这节课讲得很清楚，重点很明确。,5,normal,2026-01-25T10:48:13.282Z,
course,1005,2,course#1005 评论 2：内容有深度但不晦涩，体验很好。,0,normal,2026-01-25T10:48:13.282Z,
course,1005,3,course#1005 评论 3：实例讲解很实用，收藏了。,5,normal,2026-01-22T10:48:13.282Z,
course,1005,4,course#1005 评论 4：课程结构清晰，学习路线明了。,0,normal,2026-02-01T10:48:13.282Z,
course,1005,5,course#1005 评论 5：课程结构清晰，学习路线明了。,5,normal,2026-01-30T10:48:13.282Z,
course,1005,6,course#1005 评论 6：如果能加配套资料就更好了。,1,normal,2026-01-22T10:48:13.282Z,
course,1006,1,course#1006 评论 1：重点知识点总结得不错，复习方便。,5,normal,2026-01-27T10:48:13.282Z,
course,1006,2,course#1006 评论 2：如果能加配套资料就更好了。,5,normal,2026-01-22T10:48:13.282Z,
course,1006,3,course#1006 评论 3：实例讲解很实用，收藏了。,4,normal,2026-01-31T10:48:13.282Z,
course,1006,4,course#1006 评论 4：这节课讲得很清楚，重点很明确。,1,normal,2026-01-24T10:48:13.282Z,
course,1006,5,course#1006 评论 5：内容有深度但不晦涩，体验很好。,7,normal,2026-01-22T10:48:13.282Z,
course,1006,6,course#1006 评论 6：实例讲解很实用，收藏了。,7,normal,2026-02-03T10:48:13.282Z,
course,1007,1,course#1007 评论 1：课程结构清晰，学习路线明了。,6,normal,2026-02-03T10:48:13.282Z,
course,1007,2,course#1007 评论 2：节奏刚好，建议再补充一点练习题。,0,normal,2026-02-04T10:48:13.282Z,
course,1007,3,course#1007 评论 3：内容有深度但不晦涩，体验很好。,5,normal,2026-01-23T10:48:13.282Z,
course,1007,4,course#1007 评论 4：案例很贴近实际，学完能直接上手。,6,normal,2026-02-01T10:48:13.282Z,
course,1007,5,course#1007 评论 5：希望后续更新更多进阶内容。,5,normal,2026-01-28T10:48:13.282Z,
course,1007,6,course#1007 评论 6：重点知识点总结得不错，复习方便。,0,normal,2026-01-29T10:48:13.282Z,
course,1008,1,course#1008 评论 1：实例讲解很实用，收藏了。,2,normal,2026-02-02T10:48:13.282Z,
course,1008,2,course#1008 评论 2：如果能加配套资料就更好了。,4,normal,2026-01-25T10:48:13.282Z,
course,1008,3,course#1008 评论 3：课程结构清晰，学习路线明了。,5,normal,2026-01-29T10:48:13.282Z,
course,1008,4,course#1008 评论 4：实例讲解很实用，收藏了。,3,normal,2026-01-30T10:48:13.282Z,
course,1008,5,course#1008 评论 5：希望后续更新更多进阶内容。,2,normal,2026-01-30T10:48:13.282Z,
course,1008,6,course#1008 评论 6：课程结构清晰，学习路线明了。,1,normal,2026-01-26T10:48:13.282Z,
course,1009,1,course#1009 评论 1：希望后续更新更多进阶内容。,1,normal,2026-01-26T10:48:13.282Z,
course,1009,2,course#1009 评论 2：内容有深度但不晦涩，体验很好。,0,normal,2026-01-28T10:48:13.282Z,
course,1009,3,course#1009 评论 3：内容有深度但不晦涩，体验很好。,0,normal,2026-01-31T10:48:13.282Z,
course,1009,4,course#1009 评论 4：课程结构清晰，学习路线明了。,3,normal,2026-01-30T10:48:13.282Z,
course,1009,5,course#1009 评论 5：实例讲解很实用，收藏了。,1,normal,2026-01-28T10:48:13.282Z,
course,1009,6,course#1009 评论 6：案例很贴近实际，学完能直接上手。,1,normal,2026-02-04T10:48:13.282Z,
course,1010,1,course#1010 评论 1：案例很贴近实际，学完能直接上手。,0,normal,2026-02-03T10:48:13.282Z,
course,1010,2,course#1010 评论 2：如果能加配套资料就更好了。,2,normal,2026-01-28T10:48:13.282Z,
course,1010,3,course#1010 评论 3：节奏刚好，建议再补充一点练习题。,0,normal,2026-01-29T10:48:13.282Z,
course,1010,4,course#1010 评论 4：希望后续更新更多进阶内容。,0,normal,2026-01-30T10:48:13.282Z,
course,1010,5,course#1010 评论 5：如果能加配套资料就更好了。,1,normal,2026-01-28T10:48:13.282Z,
course,1010,6,course#1010 评论 6：节奏刚好，建议再补充一点练习题。,7,normal,2026-01-26T10:48:13.282Z,
course,1011,1,course#1011 评论 1：希望后续更新更多进阶内容。,1,normal,2026-02-02T10:48:13.282Z,
course,1011,2,course#1011 评论 2：这节课讲得很清楚，重点很明确。,4,normal,2026-01-28T10:48:13.282Z,
course,1011,3,course#1011 评论 3：案例很贴近实际，学完能直接上手。,2,normal,2026-02-02T10:48:13.282Z,
course,1011,4,course#1011 评论 4：如果能加配套资料就更好了。,3,normal,2026-01-22T10:48:13.282Z,
course,1011,5,course#1011 评论 5：讲师讲解很细，适合零基础。,5,normal,2026-02-04T10:48:13.282Z,
course,1011,6,course#1011 评论 6：课程结构清晰，学习路线明了。,4,normal,2026-01-25T10:48:13.282Z,
course,1012,1,course#1012 评论 1：节奏刚好，建议再补充一点练习题。,1,normal,2026-02-03T10:48:13.282Z,
course,1012,2,course#1012 评论 2：节奏刚好，建议再补充一点练习题。,4,normal,2026-01-23T10:48:13.282Z,
course,1012,3,course#1012 评论 3：实例讲解很实用，收藏了。,1,normal,2026-01-26T10:48:13.282Z,
course,1012,4,course#1012 评论 4：讲师讲解很细，适合零基础。,3,normal,2026-01-30T10:48:13.282Z,
course,1012,5,course#1012 评论 5：节奏刚好，建议再补充一点练习题。,3,normal,2026-02-03T10:48:13.282Z,
course,1012,6,course#1012 评论 6：实例讲解很实用，收藏了。,2,normal,2026-01-31T10:48:13.282Z,
course,1013,1,course#1013 评论 1：内容有深度但不晦涩，体验很好。,2,normal,2026-01-31T10:48:13.282Z,
course,1013,2,course#1013 评论 2：案例很贴近实际，学完能直接上手。,4,normal,2026-01-23T10:48:13.283Z,
course,1013,3,course#1013 评论 3：如果能加配套资料就更好了。,6,normal,2026-01-28T10:48:13.283Z,
course,1013,4,course#1013 评论 4：这节课讲得很清楚，重点很明确。,3,normal,2026-01-23T10:48:13.283Z,
course,1013,5,course#1013 评论 5：讲师讲解很细，适合零基础。,5,normal,2026-01-27T10:48:13.283Z,
course,1013,6,course#1013 评论 6：希望后续更新更多进阶内容。,6,normal,2026-02-02T10:48:13.283Z,
course,1014,1,course#1014 评论 1：节奏刚好，建议再补充一点练习题。,2,normal,2026-01-25T10:48:13.283Z,
course,1014,2,course#1014 评论 2：案例很贴近实际，学完能直接上手。,2,normal,2026-01-27T10:48:13.283Z,
course,1014,3,course#1014 评论 3：希望后续更新更多进阶内容。,4,normal,2026-01-27T10:48:13.283Z,
course,1014,4,course#1014 评论 4：希望后续更新更多进阶内容。,1,normal,2026-01-24T10:48:13.283Z,
course,1014,5,course#1014 评论 5：这节课讲得很清楚，重点很明确。,0,normal,2026-01-27T10:48:13.283Z,
course,1014,6,course#1014 评论 6：重点知识点总结得不错，复习方便。,2,normal,2026-01-25T10:48:13.283Z,
course,1015,1,course#1015 评论 1：重点知识点总结得不错，复习方便。,6,normal,2026-02-03T10:48:13.283Z,
course,1015,2,course#1015 评论 2：希望后续更新更多进阶内容。,0,normal,2026-01-23T10:48:13.283Z,
course,1015,3,course#1015 评论 3：实例讲解很实用，收藏了。,4,normal,2026-02-03T10:48:13.283Z,
course,1015,4,course#1015 评论 4：如果能加配套资料就更好了。,2,normal,2026-01-30T10:48:13.283Z,
course,1015,5,course#1015 评论 5：这节课讲得很清楚，重点很明确。,1,normal,2026-01-26T10:48:13.283Z,
course,1015,6,course#1015 评论 6：课程结构清晰，学习路线明了。,4,normal,2026-01-28T10:48:13.283Z,
course,1016,1,course#1016 评论 1：案例很贴近实际，学完能直接上手。,7,normal,2026-01-24T10:48:13.283Z,
course,1016,2,course#1016 评论 2：节奏刚好，建议再补充一点练习题。,4,normal,2026-01-22T10:48:13.283Z,
course,1016,3,course#1016 评论 3：希望后续更新更多进阶内容。,5,normal,2026-01-30T10:48:13.283Z,
course,1016,4,course#1016 评论 4：节奏刚好，建议再补充一点练习题。,0,normal,2026-02-01T10:48:13.283Z,
course,1016,5,course#1016 评论 5：节奏刚好，建议再补充一点练习题。,5,normal,2026-01-25T10:48:13.283Z,
course,1016,6,course#1016 评论 6：课程结构清晰，学习路线明了。,4,normal,2026-01-26T10:48:13.283Z,
course,1017,1,course#1017 评论 1：实例讲解很实用，收藏了。,0,normal,2026-01-31T10:48:13.283Z,
course,1017,2,course#1017 评论 2：讲师讲解很细，适合零基础。,4,normal,2026-01-30T10:48:13.283Z,
course,1017,3,course#1017 评论 3：这节课讲得很清楚，重点很明确。,7,normal,2026-01-26T10:48:13.283Z,
course,1017,4,course#1017 评论 4：课程结构清晰，学习路线明了。,1,normal,2026-01-31T10:48:13.283Z,
course,1017,5,course#1017 评论 5：如果能加配套资料就更好了。,6,normal,2026-02-01T10:48:13.283Z,
course,1017,6,course#1017 评论 6：重点知识点总结得不错，复习方便。,4,normal,2026-01-22T10:48:13.283Z,
course,1018,1,course#1018 评论 1：重点知识点总结得不错，复习方便。,5,normal,2026-01-28T10:48:13.283Z,
course,1018,2,course#1018 评论 2：案例很贴近实际，学完能直接上手。,2,normal,2026-01-23T10:48:13.283Z,
course,1018,3,course#1018 评论 3：讲师讲解很细，适合零基础。,4,normal,2026-02-02T10:48:13.283Z,
course,1018,4,course#1018 评论 4：如果能加配套资料就更好了。,4,normal,2026-01-22T10:48:13.283Z,
course,1018,5,course#1018 评论 5：内容有深度但不晦涩，体验很好。,6,normal,2026-01-24T10:48:13.283Z,
course,1018,6,course#1018 评论 6：希望后续更新更多进阶内容。,0,normal,2026-01-25T10:48:13.283Z,
course,1019,1,course#1019 评论 1：实例讲解很实用，收藏了。,3,normal,2026-01-31T10:48:13.283Z,
course,1019,2,course#1019 评论 2：实例讲解很实用，收藏了。,5,normal,2026-01-31T10:48:13.283Z,
course,1019,3,course#1019 评论 3：节奏刚好，建议再补充一点练习题。,2,normal,2026-01-31T10:48:13.283Z,
course,1019,4,course#1019 评论 4：实例讲解很实用，收藏了。,4,normal,2026-01-25T10:48:13.283Z,
course,1019,5,course#1019 评论 5：课程结构清晰，学习路线明了。,1,normal,2026-01-22T10:48:13.283Z,
course,1019,6,course#1019 评论 6：内容有深度但不晦涩，体验很好。,5,normal,2026-01-25T10:48:13.283Z,
course,1020,1,course#1020 评论 1：这节课讲得很清楚，重点很明确。,0,normal,2026-01-30T10:48:13.283Z,
course,1020,2,course#1020 评论 2：案例很贴近实际，学完能直接上手。,6,normal,2026-01-23T10:48:13.283Z,
course,1020,3,course#1020 评论 3：如果能加配套资料就更好了。,1,normal,2026-02-01T10:48:13.283Z,
course,1020,4,course#1020 评论 4：内容有深度但不晦涩，体验很好。,7,normal,2026-01-24T10:48:13.283Z,
course,1020,5,course#1020 评论 5：这节课讲得很清楚，重点很明确。,5,normal,2026-01-26T10:48:13.283Z,
course,1020,6,course#1020 评论 6：希望后续更新更多进阶内容。,3,normal,2026-01-29T10:48:13.283Z,
course,1021,1,course#1021 评论 1：这节课讲得很清楚，重点很明确。,6,normal,2026-02-01T10:48:13.283Z,
course,1021,2,course#1021 评论 2：这节课讲得很清楚，重点很明确。,1,normal,2026-01-27T10:48:13.283Z,
course,1021,3,course#1021 评论 3：希望后续更新更多进阶内容。,3,normal,2026-01-26T10:48:13.283Z,
course,1021,4,course#1021 评论 4：希望后续更新更多进阶内容。,5,normal,2026-01-29T10:48:13.283Z,
course,1021,5,course#1021 评论 5：内容有深度但不晦涩，体验很好。,5,normal,2026-02-04T10:48:13.283Z,
course,1021,6,course#1021 评论 6：如果能加配套资料就更好了。,6,normal,2026-01-25T10:48:13.283Z,
course,1022,1,course#1022 评论 1：希望后续更新更多进阶内容。,4,normal,2026-01-25T10:48:13.283Z,
course,1022,2,course#1022 评论 2：案例很贴近实际，学完能直接上手。,3,normal,2026-01-27T10:48:13.283Z,
course,1022,3,course#1022 评论 3：课程结构清晰，学习路线明了。,3,normal,2026-01-28T10:48:13.283Z,
course,1022,4,course#1022 评论 4：如果能加配套资料就更好了。,4,normal,2026-01-31T10:48:13.283Z,
course,1022,5,course#1022 评论 5：节奏刚好，建议再补充一点练习题。,0,normal,2026-01-29T10:48:13.283Z,
course,1022,6,course#1022 评论 6：案例很贴近实际，学完能直接上手。,7,normal,2026-01-25T10:48:13.283Z,
course,1023,1,course#1023 评论 1：课程结构清晰，学习路线明了。,1,normal,2026-01-26T10:48:13.283Z,
course,1023,2,course#1023 评论 2：案例很贴近实际，学完能直接上手。,0,normal,2026-02-02T10:48:13.283Z,
course,1023,3,course#1023 评论 3：案例很贴近实际，学完能直接上手。,7,normal,2026-02-04T10:48:13.283Z,
course,1023,4,course#1023 评论 4：重点知识点总结得不错，复习方便。,1,normal,2026-01-30T10:48:13.283Z,
course,1023,5,course#1023 评论 5：课程结构清晰，学习路线明了。,4,normal,2026-01-26T10:48:13.283Z,
course,1023,6,course#1023 评论 6：课程结构清晰，学习路线明了。,1,normal,2026-01-29T10:48:13.283Z,
course,1024,1,course#1024 评论 1：这节课讲得很清楚，重点很明确。,3,normal,2026-01-26T10:48:13.283Z,
course,1024,2,course#1024 评论 2：案例很贴近实际，学完能直接上手。,2,normal,2026-01-27T10:48:13.283Z,
course,1024,3,course#1024 评论 3：讲师讲解很细，适合零基础。,6,normal,2026-01-27T10:48:13.283Z,
course,1024,4,course#1024 评论 4：内容有深度但不晦涩，体验很好。,6,normal,2026-01-24T10:48:13.283Z,
course,1024,5,course#1024 评论 5：希望后续更新更多进阶内容。,0,normal,2026-01-23T10:48:13.283Z,
course,1024,6,course#1024 评论 6：案例很贴近实际，学完能直接上手。,7,normal,2026-02-04T10:48:13.283Z,
course,1025,1,course#1025 评论 1：重点知识点总结得不错，复习方便。,6,normal,2026-01-31T10:48:13.283Z,
course,1025,2,course#1025 评论 2：节奏刚好，建议再补充一点练习题。,6,normal,2026-01-22T10:48:13.283Z,
course,1025,3,course#1025 评论 3：实例讲解很实用，收藏了。,7,normal,2026-01-22T10:48:13.283Z,
course,1025,4,course#1025 评论 4：重点知识点总结得不错，复习方便。,6,normal,2026-01-30T10:48:13.283Z,
course,1025,5,course#1025 评论 5：这节课讲得很清楚，重点很明确。,4,normal,2026-01-27T10:48:13.283Z,
course,1025,6,course#1025 评论 6：这节课讲得很清楚，重点很明确。,6,normal,2026-01-26T10:48:13.283Z,
course,1026,1,course#1026 评论 1：案例很贴近实际，学完能直接上手。,3,normal,2026-02-03T10:48:13.283Z,
course,1026,2,course#1026 评论 2：课程结构清晰，学习路线明了。,0,normal,2026-01-31T10:48:13.283Z,
course,1026,3,course#1026 评论 3：如果能加配套资料就更好了。,1,normal,2026-01-30T10:48:13.283Z,
course,1026,4,course#1026 评论 4：讲师讲解很细，适合零基础。,2,normal,2026-01-31T10:48:13.283Z,
course,1026,5,course#1026 评论 5：这节课讲得很清楚，重点很明确。,7,normal,2026-02-03T10:48:13.283Z,
course,1026,6,course#1026 评论 6：案例很贴近实际，学完能直接上手。,3,normal,2026-01-22T10:48:13.283Z,
course,1027,1,course#1027 评论 1：如果能加配套资料就更好了。,7,normal,2026-02-03T10:48:13.283Z,
course,1027,2,course#1027 评论 2：重点知识点总结得不错，复习方便。,6,normal,2026-02-01T10:48:13.283Z,
course,1027,3,course#1027 评论 3：实例讲解很实用，收藏了。,2,normal,2026-01-25T10:48:13.283Z,
course,1027,4,course#1027 评论 4：实例讲解很实用，收藏了。,7,normal,2026-02-03T10:48:13.283Z,
course,1027,5,course#1027 评论 5：如果能加配套资料就更好了。,3,normal,2026-01-28T10:48:13.283Z,
course,1027,6,course#1027 评论 6：希望后续更新更多进阶内容。,4,normal,2026-01-25T10:48:13.283Z,
course,1028,1,course#1028 评论 1：案例很贴近实际，学完能直接上手。,1,normal,2026-01-31T10:48:13.283Z,
course,1028,2,course#1028 评论 2：重点知识点总结得不错，复习方便。,1,normal,2026-02-02T10:48:13.283Z,
course,1028,3,course#1028 评论 3：案例很贴近实际，学完能直接上手。,5,normal,2026-01-24T10:48:13.283Z,
course,1028,4,course#1028 评论 4：讲师讲解很细，适合零基础。,7,normal,2026-01-25T10:48:13.283Z,
course,1028,5,course#1028 评论 5：希望后续更新更多进阶内容。,4,normal,2026-01-24T10:48:13.283Z,
course,1028,6,course#1028 评论 6：案例很贴近实际，学完能直接上手。,2,normal,2026-01-29T10:48:13.283Z,
course,1029,1,course#1029 评论 1：课程结构清晰，学习路线明了。,6,normal,2026-01-30T10:48:13.283Z,
course,1029,2,course#1029 评论 2：重点知识点总结得不错，复习方便。,5,normal,2026-02-04T10:48:13.283Z,
course,1029,3,course#1029 评论 3：节奏刚好，建议再补充一点练习题。,1,normal,2026-02-02T10:48:13.283Z,
course,1029,4,course#1029 评论 4：内容有深度但不晦涩，体验很好。,7,normal,2026-01-28T10:48:13.283Z,
course,1029,5,course#1029 评论 5：实例讲解很实用，收藏了。,1,normal,2026-02-04T10:48:13.283Z,
course,1029,6,course#1029 评论 6：案例很贴近实际，学完能直接上手。,2,normal,2026-01-23T10:48:13.283Z,
course,1030,1,course#1030 评论 1：重点知识点总结得不错，复习方便。,7,normal,2026-02-03T10:48:13.283Z,
course,1030,2,course#1030 评论 2：如果能加配套资料就更好了。,0,normal,2026-01-23T10:48:13.283Z,
course,1030,3,course#1030 评论 3：内容有深度但不晦涩，体验很好。,7,normal,2026-01-22T10:48:13.283Z,
course,1030,4,course#1030 评论 4：重点知识点总结得不错，复习方便。,5,normal,2026-01-24T10:48:13.283Z,
course,1030,5,course#1030 评论 5：这节课讲得很清楚，重点很明确。,5,normal,2026-01-29T10:48:13.283Z,
course,1030,6,course#1030 评论 6：课程结构清晰，学习路线明了。,3,normal,2026-01-27T10:48:13.283Z,
course,1031,1,course#1031 评论 1：这节课讲得很清楚，重点很明确。,6,normal,2026-02-03T10:48:13.283Z,
course,1031,2,course#1031 评论 2：这节课讲得很清楚，重点很明确。,0,normal,2026-02-04T10:48:13.283Z,
course,1031,3,course#1031 评论 3：案例很贴近实际，学完能直接上手。,3,normal,2026-02-01T10:48:13.283Z,
course,1031,4,course#1031 评论 4：内容有深度但不晦涩，体验很好。,3,normal,2026-02-03T10:48:13.283Z,
course,1031,5,course#1031 评论 5：案例很贴近实际，学完能直接上手。,1,normal,2026-02-04T10:48:13.283Z,
course,1031,6,course#1031 评论 6：节奏刚好，建议再补充一点练习题。,0,normal,2026-01-27T10:48:13.283Z,
course,1032,1,course#1032 评论 1：案例很贴近实际，学完能直接上手。,4,normal,2026-02-03T10:48:13.283Z,
course,1032,2,course#1032 评论 2：这节课讲得很清楚，重点很明确。,5,normal,2026-02-03T10:48:13.283Z,
course,1032,3,course#1032 评论 3：节奏刚好，建议再补充一点练习题。,4,normal,2026-01-29T10:48:13.283Z,
course,1032,4,course#1032 评论 4：课程结构清晰，学习路线明了。,1,normal,2026-02-02T10:48:13.283Z,
course,1032,5,course#1032 评论 5：希望后续更新更多进阶内容。,7,normal,2026-01-26T10:48:13.283Z,
course,1032,6,course#1032 评论 6：希望后续更新更多进阶内容。,0,normal,2026-01-24T10:48:13.283Z,
course,1033,1,course#1033 评论 1：重点知识点总结得不错，复习方便。,0,normal,2026-01-22T10:48:13.283Z,
course,1033,2,course#1033 评论 2：讲师讲解很细，适合零基础。,5,normal,2026-02-01T10:48:13.283Z,
course,1033,3,course#1033 评论 3：课程结构清晰，学习路线明了。,7,normal,2026-02-01T10:48:13.283Z,
course,1033,4,course#1033 评论 4：讲师讲解很细，适合零基础。,0,normal,2026-02-02T10:48:13.283Z,
course,1033,5,course#1033 评论 5：案例很贴近实际，学完能直接上手。,3,normal,2026-01-22T10:48:13.283Z,
course,1033,6,course#1033 评论 6：希望后续更新更多进阶内容。,0,normal,2026-01-23T10:48:13.283Z,
course,1034,1,course#1034 评论 1：节奏刚好，建议再补充一点练习题。,2,normal,2026-01-24T10:48:13.283Z,
course,1034,2,course#1034 评论 2：案例很贴近实际，学完能直接上手。,6,normal,2026-01-30T10:48:13.283Z,
course,1034,3,course#1034 评论 3：案例很贴近实际，学完能直接上手。,5,normal,2026-01-26T10:48:13.283Z,
course,1034,4,course#1034 评论 4：课程结构清晰，学习路线明了。,5,normal,2026-02-02T10:48:13.283Z,
course,1034,5,course#1034 评论 5：案例很贴近实际，学完能直接上手。,1,normal,2026-01-25T10:48:13.283Z,
course,1034,6,course#1034 评论 6：实例讲解很实用，收藏了。,1,normal,2026-02-04T10:48:13.283Z,
course,1035,1,course#1035 评论 1：实例讲解很实用，收藏了。,4,normal,2026-02-02T10:48:13.283Z,
course,1035,2,course#1035 评论 2：讲师讲解很细，适合零基础。,3,normal,2026-01-28T10:48:13.283Z,
course,1035,3,course#1035 评论 3：如果能加配套资料就更好了。,5,normal,2026-01-25T10:48:13.283Z,
course,1035,4,course#1035 评论 4：讲师讲解很细，适合零基础。,6,normal,2026-01-30T10:48:13.283Z,
course,1035,5,course#1035 评论 5：内容有深度但不晦涩，体验很好。,2,normal,2026-01-22T10:48:13.283Z,
course,1035,6,course#1035 评论 6：重点知识点总结得不错，复习方便。,7,normal,2026-01-25T10:48:13.283Z,
course,1036,1,course#1036 评论 1：课程结构清晰，学习路线明了。,6,normal,2026-01-25T10:48:13.283Z,
course,1036,2,course#1036 评论 2：实例讲解很实用，收藏了。,5,normal,2026-01-28T10:48:13.283Z,
course,1036,3,course#1036 评论 3：如果能加配套资料就更好了。,4,normal,2026-01-23T10:48:13.283Z,
course,1036,4,course#1036 评论 4：案例很贴近实际，学完能直接上手。,6,normal,2026-01-26T10:48:13.283Z,
course,1036,5,course#1036 评论 5：节奏刚好，建议再补充一点练习题。,3,normal,2026-01-31T10:48:13.283Z,
course,1036,6,course#1036 评论 6：内容有深度但不晦涩，体验很好。,4,normal,2026-02-01T10:48:13.283Z,
course,1037,1,course#1037 评论 1：希望后续更新更多进阶内容。,3,normal,2026-01-28T10:48:13.283Z,
course,1037,2,course#1037 评论 2：这节课讲得很清楚，重点很明确。,0,normal,2026-01-25T10:48:13.283Z,
course,1037,3,course#1037 评论 3：案例很贴近实际，学完能直接上手。,2,normal,2026-02-03T10:48:13.283Z,
course,1037,4,course#1037 评论 4：节奏刚好，建议再补充一点练习题。,5,normal,2026-01-29T10:48:13.283Z,
course,1037,5,course#1037 评论 5：内容有深度但不晦涩，体验很好。,3,normal,2026-01-29T10:48:13.283Z,
course,1037,6,course#1037 评论 6：内容有深度但不晦涩，体验很好。,1,normal,2026-02-04T10:48:13.283Z,
course,1038,1,course#1038 评论 1：案例很贴近实际，学完能直接上手。,4,normal,2026-01-22T10:48:13.283Z,
course,1038,2,course#1038 评论 2：希望后续更新更多进阶内容。,1,normal,2026-02-02T10:48:13.283Z,
course,1038,3,course#1038 评论 3：节奏刚好，建议再补充一点练习题。,4,normal,2026-01-30T10:48:13.283Z,
course,1038,4,course#1038 评论 4：这节课讲得很清楚，重点很明确。,1,normal,2026-01-26T10:48:13.283Z,
course,1038,5,course#1038 评论 5：案例很贴近实际，学完能直接上手。,0,normal,2026-02-02T10:48:13.283Z,
course,1038,6,course#1038 评论 6：如果能加配套资料就更好了。,3,normal,2026-02-01T10:48:13.283Z,
course,1039,1,course#1039 评论 1：这节课讲得很清楚，重点很明确。,6,normal,2026-01-24T10:48:13.283Z,
course,1039,2,course#1039 评论 2：重点知识点总结得不错，复习方便。,6,normal,2026-02-01T10:48:13.283Z,
course,1039,3,course#1039 评论 3：希望后续更新更多进阶内容。,7,normal,2026-01-30T10:48:13.283Z,
course,1039,4,course#1039 评论 4：希望后续更新更多进阶内容。,5,normal,2026-01-23T10:48:13.283Z,
course,1039,5,course#1039 评论 5：案例很贴近实际，学完能直接上手。,5,normal,2026-01-31T10:48:13.283Z,
course,1039,6,course#1039 评论 6：讲师讲解很细，适合零基础。,2,normal,2026-02-04T10:48:13.283Z,
course,1040,1,course#1040 评论 1：节奏刚好，建议再补充一点练习题。,4,normal,2026-01-23T10:48:13.283Z,
course,1040,2,course#1040 评论 2：重点知识点总结得不错，复习方便。,6,normal,2026-02-03T10:48:13.283Z,
course,1040,3,course#1040 评论 3：实例讲解很实用，收藏了。,3,normal,2026-02-01T10:48:13.283Z,
course,1040,4,course#1040 评论 4：案例很贴近实际，学完能直接上手。,7,normal,2026-02-02T10:48:13.283Z,
course,1040,5,course#1040 评论 5：讲师讲解很细，适合零基础。,3,normal,2026-01-24T10:48:13.283Z,
course,1040,6,course#1040 评论 6：实例讲解很实用，收藏了。,2,normal,2026-01-30T10:48:13.283Z,
course,1041,1,course#1041 评论 1：课程结构清晰，学习路线明了。,0,normal,2026-01-24T10:48:13.283Z,
course,1041,2,course#1041 评论 2：内容有深度但不晦涩，体验很好。,0,normal,2026-02-01T10:48:13.283Z,
course,1041,3,course#1041 评论 3：讲师讲解很细，适合零基础。,5,normal,2026-01-28T10:48:13.283Z,
course,1041,4,course#1041 评论 4：实例讲解很实用，收藏了。,4,normal,2026-01-25T10:48:13.283Z,
course,1041,5,course#1041 评论 5：希望后续更新更多进阶内容。,7,normal,2026-02-03T10:48:13.283Z,
course,1041,6,course#1041 评论 6：案例很贴近实际，学完能直接上手。,5,normal,2026-02-03T10:48:13.283Z,
course,1042,1,course#1042 评论 1：重点知识点总结得不错，复习方便。,5,normal,2026-01-22T10:48:13.283Z,
course,1042,2,course#1042 评论 2：希望后续更新更多进阶内容。,5,normal,2026-01-26T10:48:13.283Z,
course,1042,3,course#1042 评论 3：这节课讲得很清楚，重点很明确。,0,normal,2026-01-26T10:48:13.283Z,
course,1042,4,course#1042 评论 4：内容有深度但不晦涩，体验很好。,5,normal,2026-01-25T10:48:13.283Z,
course,1042,5,course#1042 评论 5：这节课讲得很清楚，重点很明确。,2,normal,2026-02-01T10:48:13.283Z,
course,1042,6,course#1042 评论 6：内容有深度但不晦涩，体验很好。,7,normal,2026-01-30T10:48:13.283Z,
course,1043,1,course#1043 评论 1：课程结构清晰，学习路线明了。,1,normal,2026-01-31T10:48:13.283Z,
course,1043,2,course#1043 评论 2：重点知识点总结得不错，复习方便。,4,normal,2026-01-27T10:48:13.283Z,
course,1043,3,course#1043 评论 3：如果能加配套资料就更好了。,2,normal,2026-02-02T10:48:13.283Z,
course,1043,4,course#1043 评论 4：内容有深度但不晦涩，体验很好。,2,normal,2026-02-01T10:48:13.283Z,
course,1043,5,course#1043 评论 5：希望后续更新更多进阶内容。,3,normal,2026-02-03T10:48:13.283Z,
course,1043,6,course#1043 评论 6：节奏刚好，建议再补充一点练习题。,2,normal,2026-01-25T10:48:13.283Z,
course,1044,1,course#1044 评论 1：课程结构清晰，学习路线明了。,3,normal,2026-01-26T10:48:13.283Z,
course,1044,2,course#1044 评论 2：内容有深度但不晦涩，体验很好。,1,normal,2026-01-22T10:48:13.283Z,
course,1044,3,course#1044 评论 3：这节课讲得很清楚，重点很明确。,1,normal,2026-02-04T10:48:13.283Z,
course,1044,4,course#1044 评论 4：希望后续更新更多进阶内容。,6,normal,2026-01-25T10:48:13.283Z,
course,1044,5,course#1044 评论 5：讲师讲解很细，适合零基础。,5,normal,2026-02-01T10:48:13.283Z,
course,1044,6,course#1044 评论 6：实例讲解很实用，收藏了。,5,normal,2026-02-02T10:48:13.283Z,
course,1045,1,course#1045 评论 1：节奏刚好，建议再补充一点练习题。,1,normal,2026-01-29T10:48:13.283Z,
course,1045,2,course#1045 评论 2：讲师讲解很细，适合零基础。,2,normal,2026-02-03T10:48:13.283Z,
course,1045,3,course#1045 评论 3：课程结构清晰，学习路线明了。,1,normal,2026-02-02T10:48:13.283Z,
course,1045,4,course#1045 评论 4：这节课讲得很清楚，重点很明确。,0,normal,2026-01-30T10:48:13.283Z,
course,1045,5,course#1045 评论 5：重点知识点总结得不错，复习方便。,4,normal,2026-01-28T10:48:13.283Z,
course,1045,6,course#1045 评论 6：内容有深度但不晦涩，体验很好。,3,normal,2026-01-29T10:48:13.283Z,
course,1046,1,course#1046 评论 1：节奏刚好，建议再补充一点练习题。,1,normal,2026-01-29T10:48:13.283Z,
course,1046,2,course#1046 评论 2：案例很贴近实际，学完能直接上手。,1,normal,2026-01-25T10:48:13.283Z,
course,1046,3,course#1046 评论 3：希望后续更新更多进阶内容。,6,normal,2026-01-31T10:48:13.283Z,
course,1046,4,course#1046 评论 4：重点知识点总结得不错，复习方便。,5,normal,2026-01-30T10:48:13.283Z,
course,1046,5,course#1046 评论 5：课程结构清晰，学习路线明了。,2,normal,2026-02-01T10:48:13.283Z,
course,1046,6,course#1046 评论 6：重点知识点总结得不错，复习方便。,6,normal,2026-01-23T10:48:13.283Z,
course,1047,1,course#1047 评论 1：讲师讲解很细，适合零基础。,0,normal,2026-02-02T10:48:13.283Z,
course,1047,2,course#1047 评论 2：课程结构清晰，学习路线明了。,3,normal,2026-01-26T10:48:13.283Z,
course,1047,3,course#1047 评论 3：案例很贴近实际，学完能直接上手。,7,normal,2026-01-29T10:48:13.283Z,
course,1047,4,course#1047 评论 4：这节课讲得很清楚，重点很明确。,7,normal,2026-01-28T10:48:13.283Z,
course,1047,5,course#1047 评论 5：讲师讲解很细，适合零基础。,2,normal,2026-01-28T10:48:13.283Z,
course,1047,6,course#1047 评论 6：如果能加配套资料就更好了。,0,normal,2026-01-28T10:48:13.283Z,
course,1048,1,course#1048 评论 1：案例很贴近实际，学完能直接上手。,1,normal,2026-01-30T10:48:13.283Z,
course,1048,2,course#1048 评论 2：实例讲解很实用，收藏了。,3,normal,2026-01-28T10:48:13.283Z,
course,1048,3,course#1048 评论 3：希望后续更新更多进阶内容。,0,normal,2026-01-22T10:48:13.283Z,
course,1048,4,course#1048 评论 4：讲师讲解很细，适合零基础。,6,normal,2026-01-22T10:48:13.283Z,
course,1048,5,course#1048 评论 5：节奏刚好，建议再补充一点练习题。,5,normal,2026-01-22T10:48:13.283Z,
course,1048,6,course#1048 评论 6：这节课讲得很清楚，重点很明确。,1,normal,2026-01-22T10:48:13.283Z,
course,1049,1,course#1049 评论 1：讲师讲解很细，适合零基础。,5,normal,2026-01-23T10:48:13.283Z,
course,1049,2,course#1049 评论 2：实例讲解很实用，收藏了。,7,normal,2026-01-22T10:48:13.283Z,
course,1049,3,course#1049 评论 3：希望后续更新更多进阶内容。,5,normal,2026-01-30T10:48:13.283Z,
course,1049,4,course#1049 评论 4：内容有深度但不晦涩，体验很好。,6,normal,2026-02-01T10:48:13.283Z,
course,1049,5,course#1049 评论 5：希望后续更新更多进阶内容。,1,normal,2026-01-26T10:48:13.283Z,
course,1049,6,course#1049 评论 6：案例很贴近实际，学完能直接上手。,0,normal,2026-02-04T10:48:13.283Z,
course,1050,1,course#1050 评论 1：希望后续更新更多进阶内容。,6,normal,2026-02-04T10:48:13.283Z,
course,1050,2,course#1050 评论 2：讲师讲解很细，适合零基础。,3,normal,2026-02-02T10:48:13.283Z,
course,1050,3,course#1050 评论 3：节奏刚好，建议再补充一点练习题。,0,normal,2026-01-25T10:48:13.283Z,
course,1050,4,course#1050 评论 4：这节课讲得很清楚，重点很明确。,3,normal,2026-01-27T10:48:13.283Z,
course,1050,5,course#1050 评论 5：内容有深度但不晦涩，体验很好。,1,normal,2026-02-04T10:48:13.283Z,
course,1050,6,course#1050 评论 6：案例很贴近实际，学完能直接上手。,5,normal,2026-01-27T10:48:13.283Z,
course,1051,1,course#1051 评论 1：节奏刚好，建议再补充一点练习题。,6,normal,2026-01-25T10:48:13.283Z,
course,1051,2,course#1051 评论 2：如果能加配套资料就更好了。,4,normal,2026-01-27T10:48:13.283Z,
course,1051,3,course#1051 评论 3：重点知识点总结得不错，复习方便。,7,normal,2026-01-27T10:48:13.283Z,
course,1051,4,course#1051 评论 4：课程结构清晰，学习路线明了。,0,normal,2026-01-22T10:48:13.283Z,
course,1051,5,course#1051 评论 5：节奏刚好，建议再补充一点练习题。,7,normal,2026-01-25T10:48:13.283Z,
course,1051,6,course#1051 评论 6：内容有深度但不晦涩，体验很好。,0,normal,2026-01-26T10:48:13.283Z,
course,1052,1,course#1052 评论 1：讲师讲解很细，适合零基础。,3,normal,2026-01-28T10:48:13.283Z,
course,1052,2,course#1052 评论 2：实例讲解很实用，收藏了。,3,normal,2026-01-28T10:48:13.283Z,
course,1052,3,course#1052 评论 3：实例讲解很实用，收藏了。,1,normal,2026-01-29T10:48:13.283Z,
course,1052,4,course#1052 评论 4：重点知识点总结得不错，复习方便。,3,normal,2026-01-23T10:48:13.283Z,
course,1052,5,course#1052 评论 5：课程结构清晰，学习路线明了。,1,normal,2026-01-28T10:48:13.283Z,
course,1052,6,course#1052 评论 6：如果能加配套资料就更好了。,6,normal,2026-01-23T10:48:13.283Z,
course,1053,1,course#1053 评论 1：案例很贴近实际，学完能直接上手。,7,normal,2026-01-29T10:48:13.283Z,
course,1053,2,course#1053 评论 2：讲师讲解很细，适合零基础。,1,normal,2026-02-02T10:48:13.283Z,
course,1053,3,course#1053 评论 3：节奏刚好，建议再补充一点练习题。,0,normal,2026-01-29T10:48:13.283Z,
course,1053,4,course#1053 评论 4：节奏刚好，建议再补充一点练习题。,5,normal,2026-01-29T10:48:13.283Z,
course,1053,5,course#1053 评论 5：希望后续更新更多进阶内容。,0,normal,2026-01-24T10:48:13.283Z,
course,1053,6,course#1053 评论 6：课程结构清晰，学习路线明了。,6,normal,2026-01-28T10:48:13.283Z,
course,1054,1,course#1054 评论 1：内容有深度但不晦涩，体验很好。,6,normal,2026-01-30T10:48:13.283Z,
course,1054,2,course#1054 评论 2：实例讲解很实用，收藏了。,3,normal,2026-01-24T10:48:13.283Z,
course,1054,3,course#1054 评论 3：案例很贴近实际，学完能直接上手。,4,normal,2026-02-03T10:48:13.283Z,
course,1054,4,course#1054 评论 4：节奏刚好，建议再补充一点练习题。,1,normal,2026-01-23T10:48:13.283Z,
course,1054,5,course#1054 评论 5：重点知识点总结得不错，复习方便。,1,normal,2026-01-29T10:48:13.283Z,
course,1054,6,course#1054 评论 6：希望后续更新更多进阶内容。,6,normal,2026-02-01T10:48:13.283Z,
course,1055,1,course#1055 评论 1：节奏刚好，建议再补充一点练习题。,7,normal,2026-02-01T10:48:13.283Z,
course,1055,2,course#1055 评论 2：内容有深度但不晦涩，体验很好。,6,normal,2026-01-26T10:48:13.283Z,
course,1055,3,course#1055 评论 3：重点知识点总结得不错，复习方便。,6,normal,2026-01-27T10:48:13.283Z,
course,1055,4,course#1055 评论 4：希望后续更新更多进阶内容。,2,normal,2026-01-24T10:48:13.283Z,
course,1055,5,course#1055 评论 5：讲师讲解很细，适合零基础。,0,normal,2026-01-27T10:48:13.283Z,
course,1055,6,course#1055 评论 6：课程结构清晰，学习路线明了。,4,normal,2026-02-01T10:48:13.283Z,
course,1056,1,course#1056 评论 1：实例讲解很实用，收藏了。,5,normal,2026-01-28T10:48:13.283Z,
course,1056,2,course#1056 评论 2：重点知识点总结得不错，复习方便。,7,normal,2026-01-30T10:48:13.283Z,
course,1056,3,course#1056 评论 3：希望后续更新更多进阶内容。,0,normal,2026-02-04T10:48:13.283Z,
course,1056,4,course#1056 评论 4：如果能加配套资料就更好了。,5,normal,2026-01-26T10:48:13.283Z,
course,1056,5,course#1056 评论 5：案例很贴近实际，学完能直接上手。,2,normal,2026-01-27T10:48:13.283Z,
course,1056,6,course#1056 评论 6：课程结构清晰，学习路线明了。,4,normal,2026-02-01T10:48:13.283Z,
course,1057,1,course#1057 评论 1：讲师讲解很细，适合零基础。,3,normal,2026-01-22T10:48:13.283Z,
course,1057,2,course#1057 评论 2：节奏刚好，建议再补充一点练习题。,0,normal,2026-01-30T10:48:13.283Z,
course,1057,3,course#1057 评论 3：讲师讲解很细，适合零基础。,5,normal,2026-01-29T10:48:13.283Z,
course,1057,4,course#1057 评论 4：这节课讲得很清楚，重点很明确。,1,normal,2026-02-04T10:48:13.283Z,
course,1057,5,course#1057 评论 5：希望后续更新更多进阶内容。,4,normal,2026-01-30T10:48:13.283Z,
course,1057,6,course#1057 评论 6：案例很贴近实际，学完能直接上手。,3,normal,2026-02-02T10:48:13.283Z,
course,1058,1,course#1058 评论 1：课程结构清晰，学习路线明了。,0,normal,2026-02-04T10:48:13.283Z,
course,1058,2,course#1058 评论 2：希望后续更新更多进阶内容。,2,normal,2026-01-22T10:48:13.283Z,
course,1058,3,course#1058 评论 3：实例讲解很实用，收藏了。,0,normal,2026-01-31T10:48:13.283Z,
course,1058,4,course#1058 评论 4：重点知识点总结得不错，复习方便。,5,normal,2026-02-02T10:48:13.283Z,
course,1058,5,course#1058 评论 5：讲师讲解很细，适合零基础。,4,normal,2026-01-29T10:48:13.283Z,
course,1058,6,course#1058 评论 6：这节课讲得很清楚，重点很明确。,0,normal,2026-02-04T10:48:13.283Z,
course,1059,1,course#1059 评论 1：案例很贴近实际，学完能直接上手。,5,normal,2026-02-01T10:48:13.283Z,
course,1059,2,course#1059 评论 2：希望后续更新更多进阶内容。,6,normal,2026-01-29T10:48:13.283Z,
course,1059,3,course#1059 评论 3：重点知识点总结得不错，复习方便。,4,normal,2026-01-23T10:48:13.283Z,
course,1059,4,course#1059 评论 4：课程结构清晰，学习路线明了。,4,normal,2026-01-29T10:48:13.283Z,
course,1059,5,course#1059 评论 5：如果能加配套资料就更好了。,6,normal,2026-01-30T10:48:13.283Z,
course,1059,6,course#1059 评论 6：内容有深度但不晦涩，体验很好。,1,normal,2026-02-02T10:48:13.283Z,
course,1060,1,course#1060 评论 1：节奏刚好，建议再补充一点练习题。,7,normal,2026-01-23T10:48:13.283Z,
course,1060,2,course#1060 评论 2：案例很贴近实际，学完能直接上手。,2,normal,2026-02-04T10:48:13.283Z,
course,1060,3,course#1060 评论 3：希望后续更新更多进阶内容。,2,normal,2026-01-27T10:48:13.283Z,
course,1060,4,course#1060 评论 4：课程结构清晰，学习路线明了。,6,normal,2026-02-04T10:48:13.283Z,
course,1060,5,course#1060 评论 5：课程结构清晰，学习路线明了。,1,normal,2026-02-01T10:48:13.283Z,
course,1060,6,course#1060 评论 6：希望后续更新更多进阶内容。,0,normal,2026-02-03T10:48:13.283Z,
course,1061,1,course#1061 评论 1：案例很贴近实际，学完能直接上手。,2,normal,2026-02-03T10:48:13.283Z,
course,1061,2,course#1061 评论 2：讲师讲解很细，适合零基础。,7,normal,2026-02-01T10:48:13.283Z,
course,1061,3,course#1061 评论 3：讲师讲解很细，适合零基础。,2,normal,2026-01-25T10:48:13.283Z,
course,1061,4,course#1061 评论 4：课程结构清晰，学习路线明了。,2,normal,2026-01-24T10:48:13.283Z,
course,1061,5,course#1061 评论 5：节奏刚好，建议再补充一点练习题。,6,normal,2026-01-27T10:48:13.283Z,
course,1061,6,course#1061 评论 6：课程结构清晰，学习路线明了。,2,normal,2026-02-01T10:48:13.283Z,
course,1062,1,course#1062 评论 1：讲师讲解很细，适合零基础。,1,normal,2026-02-01T10:48:13.283Z,
course,1062,2,course#1062 评论 2：课程结构清晰，学习路线明了。,1,normal,2026-02-04T10:48:13.283Z,
course,1062,3,course#1062 评论 3：实例讲解很实用，收藏了。,7,normal,2026-01-30T10:48:13.283Z,
course,1062,4,course#1062 评论 4：如果能加配套资料就更好了。,6,normal,2026-01-24T10:48:13.283Z,
course,1062,5,course#1062 评论 5：案例很贴近实际，学完能直接上手。,7,normal,2026-02-02T10:48:13.283Z,
course,1062,6,course#1062 评论 6：重点知识点总结得不错，复习方便。,0,normal,2026-01-29T10:48:13.283Z,
course,1063,1,course#1063 评论 1：案例很贴近实际，学完能直接上手。,2,normal,2026-01-30T10:48:13.283Z,
course,1063,2,course#1063 评论 2：如果能加配套资料就更好了。,4,normal,2026-02-01T10:48:13.283Z,
course,1063,3,course#1063 评论 3：实例讲解很实用，收藏了。,3,normal,2026-01-23T10:48:13.283Z,
course,1063,4,course#1063 评论 4：节奏刚好，建议再补充一点练习题。,0,normal,2026-01-28T10:48:13.283Z,
course,1063,5,course#1063 评论 5：讲师讲解很细，适合零基础。,0,normal,2026-01-31T10:48:13.283Z,
course,1063,6,course#1063 评论 6：这节课讲得很清楚，重点很明确。,5,normal,2026-02-02T10:48:13.283Z,
course,1064,1,course#1064 评论 1：希望后续更新更多进阶内容。,3,normal,2026-01-29T10:48:13.283Z,
course,1064,2,course#1064 评论 2：实例讲解很实用，收藏了。,6,normal,2026-01-26T10:48:13.283Z,
course,1064,3,course#1064 评论 3：课程结构清晰，学习路线明了。,5,normal,2026-01-25T10:48:13.283Z,
course,1064,4,course#1064 评论 4：如果能加配套资料就更好了。,7,normal,2026-01-27T10:48:13.283Z,
course,1064,5,course#1064 评论 5：案例很贴近实际，学完能直接上手。,5,normal,2026-02-02T10:48:13.283Z,
course,1064,6,course#1064 评论 6：重点知识点总结得不错，复习方便。,0,normal,2026-01-23T10:48:13.283Z,
course,1065,1,course#1065 评论 1：实例讲解很实用，收藏了。,5,normal,2026-01-28T10:48:13.283Z,
course,1065,2,course#1065 评论 2：内容有深度但不晦涩，体验很好。,1,normal,2026-01-29T10:48:13.283Z,
course,1065,3,course#1065 评论 3：讲师讲解很细，适合零基础。,5,normal,2026-01-23T10:48:13.283Z,
course,1065,4,course#1065 评论 4：重点知识点总结得不错，复习方便。,2,normal,2026-01-30T10:48:13.283Z,
course,1065,5,course#1065 评论 5：重点知识点总结得不错，复习方便。,7,normal,2026-01-29T10:48:13.283Z,
course,1065,6,course#1065 评论 6：实例讲解很实用，收藏了。,3,normal,2026-01-24T10:48:13.283Z,
course,1066,1,course#1066 评论 1：讲师讲解很细，适合零基础。,7,normal,2026-01-25T10:48:13.283Z,
course,1066,2,course#1066 评论 2：节奏刚好，建议再补充一点练习题。,1,normal,2026-01-23T10:48:13.283Z,
course,1066,3,course#1066 评论 3：课程结构清晰，学习路线明了。,1,normal,2026-01-22T10:48:13.283Z,
course,1066,4,course#1066 评论 4：实例讲解很实用，收藏了。,4,normal,2026-01-23T10:48:13.283Z,
course,1066,5,course#1066 评论 5：希望后续更新更多进阶内容。,1,normal,2026-01-22T10:48:13.283Z,
course,1066,6,course#1066 评论 6：课程结构清晰，学习路线明了。,1,normal,2026-01-31T10:48:13.283Z,
course,1067,1,course#1067 评论 1：节奏刚好，建议再补充一点练习题。,0,normal,2026-01-30T10:48:13.283Z,
course,1067,2,course#1067 评论 2：实例讲解很实用，收藏了。,3,normal,2026-02-01T10:48:13.283Z,
course,1067,3,course#1067 评论 3：讲师讲解很细，适合零基础。,2,normal,2026-02-04T10:48:13.283Z,
course,1067,4,course#1067 评论 4：实例讲解很实用，收藏了。,5,normal,2026-02-03T10:48:13.283Z,
course,1067,5,course#1067 评论 5：节奏刚好，建议再补充一点练习题。,1,normal,2026-02-01T10:48:13.283Z,
course,1067,6,course#1067 评论 6：案例很贴近实际，学完能直接上手。,3,normal,2026-01-28T10:48:13.283Z,
course,1068,1,course#1068 评论 1：课程结构清晰，学习路线明了。,6,normal,2026-01-26T10:48:13.283Z,
course,1068,2,course#1068 评论 2：案例很贴近实际，学完能直接上手。,5,normal,2026-01-26T10:48:13.283Z,
course,1068,3,course#1068 评论 3：内容有深度但不晦涩，体验很好。,0,normal,2026-02-01T10:48:13.283Z,
course,1068,4,course#1068 评论 4：这节课讲得很清楚，重点很明确。,2,normal,2026-01-31T10:48:13.283Z,
course,1068,5,course#1068 评论 5：讲师讲解很细，适合零基础。,4,normal,2026-01-31T10:48:13.283Z,
course,1068,6,course#1068 评论 6：节奏刚好，建议再补充一点练习题。,4,normal,2026-01-28T10:48:13.283Z,
course,1069,1,course#1069 评论 1：内容有深度但不晦涩，体验很好。,1,normal,2026-01-29T10:48:13.283Z,
course,1069,2,course#1069 评论 2：内容有深度但不晦涩，体验很好。,4,normal,2026-01-24T10:48:13.283Z,
course,1069,3,course#1069 评论 3：希望后续更新更多进阶内容。,2,normal,2026-01-30T10:48:13.283Z,
course,1069,4,course#1069 评论 4：这节课讲得很清楚，重点很明确。,4,normal,2026-01-30T10:48:13.283Z,
course,1069,5,course#1069 评论 5：如果能加配套资料就更好了。,4,normal,2026-02-02T10:48:13.283Z,
course,1069,6,course#1069 评论 6：内容有深度但不晦涩，体验很好。,4,normal,2026-02-02T10:48:13.283Z,
course,1070,1,course#1070 评论 1：课程结构清晰，学习路线明了。,2,normal,2026-01-30T10:48:13.283Z,
course,1070,2,course#1070 评论 2：实例讲解很实用，收藏了。,3,normal,2026-02-03T10:48:13.283Z,
course,1070,3,course#1070 评论 3：希望后续更新更多进阶内容。,1,normal,2026-01-25T10:48:13.283Z,
course,1070,4,course#1070 评论 4：内容有深度但不晦涩，体验很好。,3,normal,2026-02-01T10:48:13.283Z,
course,1070,5,course#1070 评论 5：实例讲解很实用，收藏了。,7,normal,2026-02-01T10:48:13.283Z,
course,1070,6,course#1070 评论 6：重点知识点总结得不错，复习方便。,1,normal,2026-02-03T10:48:13.283Z,
course,1071,1,course#1071 评论 1：内容有深度但不晦涩，体验很好。,5,normal,2026-01-22T10:48:13.283Z,
course,1071,2,course#1071 评论 2：讲师讲解很细，适合零基础。,4,normal,2026-01-24T10:48:13.283Z,
course,1071,3,course#1071 评论 3：实例讲解很实用，收藏了。,3,normal,2026-02-01T10:48:13.283Z,
course,1071,4,course#1071 评论 4：这节课讲得很清楚，重点很明确。,4,normal,2026-01-25T10:48:13.283Z,
course,1071,5,course#1071 评论 5：内容有深度但不晦涩，体验很好。,6,normal,2026-01-30T10:48:13.283Z,
course,1071,6,course#1071 评论 6：实例讲解很实用，收藏了。,6,normal,2026-02-03T10:48:13.283Z,
course,1072,1,course#1072 评论 1：希望后续更新更多进阶内容。,7,normal,2026-01-24T10:48:13.283Z,
course,1072,2,course#1072 评论 2：课程结构清晰，学习路线明了。,5,normal,2026-01-25T10:48:13.283Z,
course,1072,3,course#1072 评论 3：节奏刚好，建议再补充一点练习题。,4,normal,2026-01-29T10:48:13.283Z,
course,1072,4,course#1072 评论 4：如果能加配套资料就更好了。,1,normal,2026-01-24T10:48:13.283Z,
course,1072,5,course#1072 评论 5：案例很贴近实际，学完能直接上手。,6,normal,2026-01-29T10:48:13.283Z,
course,1072,6,course#1072 评论 6：这节课讲得很清楚，重点很明确。,7,normal,2026-02-01T10:48:13.283Z,
course,1073,1,course#1073 评论 1：课程结构清晰，学习路线明了。,7,normal,2026-01-25T10:48:13.283Z,
course,1073,2,course#1073 评论 2：案例很贴近实际，学完能直接上手。,1,normal,2026-02-04T10:48:13.283Z,
course,1073,3,course#1073 评论 3：实例讲解很实用，收藏了。,1,normal,2026-01-24T10:48:13.283Z,
course,1073,4,course#1073 评论 4：如果能加配套资料就更好了。,2,normal,2026-01-22T10:48:13.283Z,
course,1073,5,course#1073 评论 5：这节课讲得很清楚，重点很明确。,2,normal,2026-01-30T10:48:13.283Z,
course,1073,6,course#1073 评论 6：内容有深度但不晦涩，体验很好。,2,normal,2026-01-22T10:48:13.283Z,
course,1074,1,course#1074 评论 1：重点知识点总结得不错，复习方便。,7,normal,2026-01-23T10:48:13.283Z,
course,1074,2,course#1074 评论 2：讲师讲解很细，适合零基础。,1,normal,2026-01-23T10:48:13.283Z,
course,1074,3,course#1074 评论 3：讲师讲解很细，适合零基础。,6,normal,2026-01-24T10:48:13.283Z,
course,1074,4,course#1074 评论 4：内容有深度但不晦涩，体验很好。,6,normal,2026-02-04T10:48:13.283Z,
course,1074,5,course#1074 评论 5：节奏刚好，建议再补充一点练习题。,6,normal,2026-01-28T10:48:13.283Z,
course,1074,6,course#1074 评论 6：内容有深度但不晦涩，体验很好。,4,normal,2026-02-04T10:48:13.283Z,
course,1075,1,course#1075 评论 1：课程结构清晰，学习路线明了。,7,normal,2026-01-27T10:48:13.283Z,
course,1075,2,course#1075 评论 2：重点知识点总结得不错，复习方便。,6,normal,2026-01-24T10:48:13.283Z,
course,1075,3,course#1075 评论 3：实例讲解很实用，收藏了。,7,normal,2026-01-27T10:48:13.283Z,
course,1075,4,course#1075 评论 4：节奏刚好，建议再补充一点练习题。,5,normal,2026-01-28T10:48:13.283Z,
course,1075,5,course#1075 评论 5：案例很贴近实际，学完能直接上手。,1,normal,2026-02-01T10:48:13.283Z,
course,1075,6,course#1075 评论 6：案例很贴近实际，学完能直接上手。,2,normal,2026-01-29T10:48:13.283Z,
course,1076,1,course#1076 评论 1：节奏刚好，建议再补充一点练习题。,5,normal,2026-01-27T10:48:13.283Z,
course,1076,2,course#1076 评论 2：案例很贴近实际，学完能直接上手。,6,normal,2026-01-26T10:48:13.283Z,
course,1076,3,course#1076 评论 3：实例讲解很实用，收藏了。,7,normal,2026-01-31T10:48:13.283Z,
course,1076,4,course#1076 评论 4：课程结构清晰，学习路线明了。,2,normal,2026-01-27T10:48:13.283Z,
course,1076,5,course#1076 评论 5：希望后续更新更多进阶内容。,1,normal,2026-01-28T10:48:13.283Z,
course,1076,6,course#1076 评论 6：课程结构清晰，学习路线明了。,0,normal,2026-01-26T10:48:13.283Z,
course,1077,1,course#1077 评论 1：内容有深度但不晦涩，体验很好。,3,normal,2026-01-30T10:48:13.283Z,
course,1077,2,course#1077 评论 2：希望后续更新更多进阶内容。,6,normal,2026-02-04T10:48:13.283Z,
course,1077,3,course#1077 评论 3：内容有深度但不晦涩，体验很好。,7,normal,2026-01-23T10:48:13.283Z,
course,1077,4,course#1077 评论 4：实例讲解很实用，收藏了。,4,normal,2026-01-27T10:48:13.283Z,
course,1077,5,course#1077 评论 5：实例讲解很实用，收藏了。,2,normal,2026-01-24T10:48:13.283Z,
course,1077,6,course#1077 评论 6：希望后续更新更多进阶内容。,2,normal,2026-02-01T10:48:13.283Z,
course,1078,1,course#1078 评论 1：案例很贴近实际，学完能直接上手。,0,normal,2026-01-31T10:48:13.283Z,
course,1078,2,course#1078 评论 2：重点知识点总结得不错，复习方便。,3,normal,2026-01-31T10:48:13.283Z,
course,1078,3,course#1078 评论 3：重点知识点总结得不错，复习方便。,2,normal,2026-02-01T10:48:13.283Z,
course,1078,4,course#1078 评论 4：课程结构清晰，学习路线明了。,5,normal,2026-02-02T10:48:13.283Z,
course,1078,5,course#1078 评论 5：内容有深度但不晦涩，体验很好。,3,normal,2026-01-24T10:48:13.283Z,
course,1078,6,course#1078 评论 6：希望后续更新更多进阶内容。,6,normal,2026-02-03T10:48:13.283Z,
course,1079,1,course#1079 评论 1：重点知识点总结得不错，复习方便。,3,normal,2026-02-02T10:48:13.283Z,
course,1079,2,course#1079 评论 2：重点知识点总结得不错，复习方便。,7,normal,2026-01-25T10:48:13.283Z,
course,1079,3,course#1079 评论 3：这节课讲得很清楚，重点很明确。,3,normal,2026-01-26T10:48:13.283Z,
course,1079,4,course#1079 评论 4：重点知识点总结得不错，复习方便。,1,normal,2026-01-23T10:48:13.283Z,
course,1079,5,course#1079 评论 5：课程结构清晰，学习路线明了。,4,normal,2026-01-28T10:48:13.283Z,
course,1079,6,course#1079 评论 6：课程结构清晰，学习路线明了。,6,normal,2026-02-03T10:48:13.283Z,
course,1080,1,course#1080 评论 1：内容有深度但不晦涩，体验很好。,7,normal,2026-01-24T10:48:13.283Z,
course,1080,2,course#1080 评论 2：重点知识点总结得不错，复习方便。,0,normal,2026-01-25T10:48:13.283Z,
course,1080,3,course#1080 评论 3：节奏刚好，建议再补充一点练习题。,2,normal,2026-01-27T10:48:13.283Z,
course,1080,4,course#1080 评论 4：这节课讲得很清楚，重点很明确。,4,normal,2026-01-29T10:48:13.283Z,
course,1080,5,course#1080 评论 5：这节课讲得很清楚，重点很明确。,7,normal,2026-02-03T10:48:13.283Z,
course,1080,6,course#1080 评论 6：这节课讲得很清楚，重点很明确。,3,normal,2026-01-24T10:48:13.283Z,
course,1081,1,course#1081 评论 1：希望后续更新更多进阶内容。,6,normal,2026-01-29T10:48:13.283Z,
course,1081,2,course#1081 评论 2：希望后续更新更多进阶内容。,2,normal,2026-01-30T10:48:13.283Z,
course,1081,3,course#1081 评论 3：讲师讲解很细，适合零基础。,3,normal,2026-01-22T10:48:13.283Z,
course,1081,4,course#1081 评论 4：内容有深度但不晦涩，体验很好。,6,normal,2026-01-31T10:48:13.283Z,
course,1081,5,course#1081 评论 5：内容有深度但不晦涩，体验很好。,4,normal,2026-02-03T10:48:13.283Z,
course,1081,6,course#1081 评论 6：这节课讲得很清楚，重点很明确。,7,normal,2026-01-22T10:48:13.283Z,
course,1082,1,course#1082 评论 1：重点知识点总结得不错，复习方便。,5,normal,2026-01-26T10:48:13.283Z,
course,1082,2,course#1082 评论 2：如果能加配套资料就更好了。,1,normal,2026-01-24T10:48:13.283Z,
course,1082,3,course#1082 评论 3：内容有深度但不晦涩，体验很好。,4,normal,2026-01-29T10:48:13.283Z,
course,1082,4,course#1082 评论 4：希望后续更新更多进阶内容。,4,normal,2026-01-24T10:48:13.283Z,
course,1082,5,course#1082 评论 5：讲师讲解很细，适合零基础。,4,normal,2026-02-01T10:48:13.283Z,
course,1082,6,course#1082 评论 6：这节课讲得很清楚，重点很明确。,6,normal,2026-01-31T10:48:13.283Z,
course,1083,1,course#1083 评论 1：重点知识点总结得不错，复习方便。,3,normal,2026-01-22T10:48:13.283Z,
course,1083,2,course#1083 评论 2：实例讲解很实用，收藏了。,5,normal,2026-01-25T10:48:13.283Z,
course,1083,3,course#1083 评论 3：这节课讲得很清楚，重点很明确。,0,normal,2026-01-23T10:48:13.283Z,
course,1083,4,course#1083 评论 4：如果能加配套资料就更好了。,4,normal,2026-02-04T10:48:13.284Z,
course,1083,5,course#1083 评论 5：节奏刚好，建议再补充一点练习题。,5,normal,2026-01-30T10:48:13.284Z,
course,1083,6,course#1083 评论 6：课程结构清晰，学习路线明了。,1,normal,2026-01-29T10:48:13.284Z,
course,1084,1,course#1084 评论 1：讲师讲解很细，适合零基础。,6,normal,2026-01-25T10:48:13.284Z,
course,1084,2,course#1084 评论 2：重点知识点总结得不错，复习方便。,0,normal,2026-01-24T10:48:13.284Z,
course,1084,3,course#1084 评论 3：实例讲解很实用，收藏了。,2,normal,2026-02-03T10:48:13.284Z,
course,1084,4,course#1084 评论 4：重点知识点总结得不错，复习方便。,3,normal,2026-01-29T10:48:13.284Z,
course,1084,5,course#1084 评论 5：重点知识点总结得不错，复习方便。,7,normal,2026-01-26T10:48:13.284Z,
course,1084,6,course#1084 评论 6：内容有深度但不晦涩，体验很好。,7,normal,2026-01-22T10:48:13.284Z,
course,1085,1,course#1085 评论 1：课程结构清晰，学习路线明了。,5,normal,2026-01-26T10:48:13.284Z,
course,1085,2,course#1085 评论 2：节奏刚好，建议再补充一点练习题。,1,normal,2026-01-23T10:48:13.284Z,
course,1085,3,course#1085 评论 3：重点知识点总结得不错，复习方便。,2,normal,2026-02-01T10:48:13.284Z,
course,1085,4,course#1085 评论 4：希望后续更新更多进阶内容。,1,normal,2026-01-26T10:48:13.284Z,
course,1085,5,course#1085 评论 5：讲师讲解很细，适合零基础。,4,normal,2026-01-23T10:48:13.284Z,
course,1085,6,course#1085 评论 6：节奏刚好，建议再补充一点练习题。,0,normal,2026-02-03T10:48:13.284Z,
course,1086,1,course#1086 评论 1：这节课讲得很清楚，重点很明确。,2,normal,2026-02-03T10:48:13.284Z,
course,1086,2,course#1086 评论 2：课程结构清晰，学习路线明了。,1,normal,2026-02-04T10:48:13.284Z,
course,1086,3,course#1086 评论 3：节奏刚好，建议再补充一点练习题。,4,normal,2026-01-31T10:48:13.284Z,
course,1086,4,course#1086 评论 4：节奏刚好，建议再补充一点练习题。,0,normal,2026-01-30T10:48:13.284Z,
course,1086,5,course#1086 评论 5：重点知识点总结得不错，复习方便。,6,normal,2026-01-29T10:48:13.284Z,
course,1086,6,course#1086 评论 6：讲师讲解很细，适合零基础。,6,normal,2026-01-31T10:48:13.284Z,
course,1087,1,course#1087 评论 1：讲师讲解很细，适合零基础。,5,normal,2026-01-23T10:48:13.284Z,
course,1087,2,course#1087 评论 2：希望后续更新更多进阶内容。,5,normal,2026-01-28T10:48:13.284Z,
course,1087,3,course#1087 评论 3：如果能加配套资料就更好了。,4,normal,2026-02-03T10:48:13.284Z,
course,1087,4,course#1087 评论 4：节奏刚好，建议再补充一点练习题。,3,normal,2026-01-31T10:48:13.284Z,
course,1087,5,course#1087 评论 5：如果能加配套资料就更好了。,3,normal,2026-01-22T10:48:13.284Z,
course,1087,6,course#1087 评论 6：讲师讲解很细，适合零基础。,4,normal,2026-01-26T10:48:13.284Z,
course,1088,1,course#1088 评论 1：案例很贴近实际，学完能直接上手。,1,normal,2026-01-31T10:48:13.284Z,
course,1088,2,course#1088 评论 2：案例很贴近实际，学完能直接上手。,2,normal,2026-01-22T10:48:13.284Z,
course,1088,3,course#1088 评论 3：这节课讲得很清楚，重点很明确。,5,normal,2026-01-26T10:48:13.284Z,
course,1088,4,course#1088 评论 4：这节课讲得很清楚，重点很明确。,6,normal,2026-02-04T10:48:13.284Z,
course,1088,5,course#1088 评论 5：课程结构清晰，学习路线明了。,3,normal,2026-01-27T10:48:13.284Z,
course,1088,6,course#1088 评论 6：讲师讲解很细，适合零基础。,1,normal,2026-01-24T10:48:13.284Z,
course,1089,1,course#1089 评论 1：如果能加配套资料就更好了。,3,normal,2026-01-30T10:48:13.284Z,
course,1089,2,course#1089 评论 2：讲师讲解很细，适合零基础。,6,normal,2026-01-23T10:48:13.284Z,
course,1089,3,course#1089 评论 3：案例很贴近实际，学完能直接上手。,7,normal,2026-02-02T10:48:13.284Z,
course,1089,4,course#1089 评论 4：讲师讲解很细，适合零基础。,4,normal,2026-01-28T10:48:13.284Z,
course,1089,5,course#1089 评论 5：这节课讲得很清楚，重点很明确。,3,normal,2026-01-24T10:48:13.284Z,
course,1089,6,course#1089 评论 6：这节课讲得很清楚，重点很明确。,6,normal,2026-01-27T10:48:13.284Z,
course,1090,1,course#1090 评论 1：案例很贴近实际，学完能直接上手。,3,normal,2026-01-24T10:48:13.284Z,
course,1090,2,course#1090 评论 2：实例讲解很实用，收藏了。,0,normal,2026-01-24T10:48:13.284Z,
course,1090,3,course#1090 评论 3：案例很贴近实际，学完能直接上手。,0,normal,2026-01-30T10:48:13.284Z,
course,1090,4,course#1090 评论 4：重点知识点总结得不错，复习方便。,7,normal,2026-01-28T10:48:13.284Z,
course,1090,5,course#1090 评论 5：这节课讲得很清楚，重点很明确。,3,normal,2026-02-04T10:48:13.284Z,
course,1090,6,course#1090 评论 6：这节课讲得很清楚，重点很明确。,7,normal,2026-01-22T10:48:13.284Z,
course,1091,1,course#1091 评论 1：案例很贴近实际，学完能直接上手。,4,normal,2026-02-04T10:48:13.284Z,
course,1091,2,course#1091 评论 2：案例很贴近实际，学完能直接上手。,5,normal,2026-01-23T10:48:13.284Z,
course,1091,3,course#1091 评论 3：希望后续更新更多进阶内容。,0,normal,2026-01-23T10:48:13.284Z,
course,1091,4,course#1091 评论 4：讲师讲解很细，适合零基础。,1,normal,2026-02-04T10:48:13.284Z,
course,1091,5,course#1091 评论 5：课程结构清晰，学习路线明了。,4,normal,2026-01-31T10:48:13.284Z,
course,1091,6,course#1091 评论 6：重点知识点总结得不错，复习方便。,3,normal,2026-02-03T10:48:13.284Z,
course,1092,1,course#1092 评论 1：实例讲解很实用，收藏了。,0,normal,2026-02-02T10:48:13.284Z,
course,1092,2,course#1092 评论 2：节奏刚好，建议再补充一点练习题。,0,normal,2026-02-01T10:48:13.284Z,
course,1092,3,course#1092 评论 3：实例讲解很实用，收藏了。,0,normal,2026-01-23T10:48:13.284Z,
course,1092,4,course#1092 评论 4：实例讲解很实用，收藏了。,6,normal,2026-01-22T10:48:13.284Z,
course,1092,5,course#1092 评论 5：这节课讲得很清楚，重点很明确。,4,normal,2026-01-25T10:48:13.284Z,
course,1092,6,course#1092 评论 6：实例讲解很实用，收藏了。,6,normal,2026-01-28T10:48:13.284Z,
course,1093,1,course#1093 评论 1：这节课讲得很清楚，重点很明确。,5,normal,2026-02-01T10:48:13.284Z,
course,1093,2,course#1093 评论 2：节奏刚好，建议再补充一点练习题。,0,normal,2026-01-27T10:48:13.284Z,
course,1093,3,course#1093 评论 3：实例讲解很实用，收藏了。,2,normal,2026-01-30T10:48:13.284Z,
course,1093,4,course#1093 评论 4：课程结构清晰，学习路线明了。,2,normal,2026-01-26T10:48:13.284Z,
course,1093,5,course#1093 评论 5：希望后续更新更多进阶内容。,6,normal,2026-02-01T10:48:13.284Z,
course,1093,6,course#1093 评论 6：内容有深度但不晦涩，体验很好。,6,normal,2026-01-28T10:48:13.284Z,
course,1094,1,course#1094 评论 1：这节课讲得很清楚，重点很明确。,5,normal,2026-01-30T10:48:13.284Z,
course,1094,2,course#1094 评论 2：案例很贴近实际，学完能直接上手。,3,normal,2026-02-01T10:48:13.284Z,
course,1094,3,course#1094 评论 3：案例很贴近实际，学完能直接上手。,1,normal,2026-01-29T10:48:13.284Z,
course,1094,4,course#1094 评论 4：内容有深度但不晦涩，体验很好。,3,normal,2026-01-22T10:48:13.284Z,
course,1094,5,course#1094 评论 5：节奏刚好，建议再补充一点练习题。,6,normal,2026-01-28T10:48:13.284Z,
course,1094,6,course#1094 评论 6：节奏刚好，建议再补充一点练习题。,1,normal,2026-01-26T10:48:13.284Z,
course,1095,1,course#1095 评论 1：如果能加配套资料就更好了。,5,normal,2026-02-01T10:48:13.284Z,
course,1095,2,course#1095 评论 2：重点知识点总结得不错，复习方便。,4,normal,2026-01-27T10:48:13.284Z,
course,1095,3,course#1095 评论 3：课程结构清晰，学习路线明了。,3,normal,2026-02-04T10:48:13.284Z,
course,1095,4,course#1095 评论 4：重点知识点总结得不错，复习方便。,7,normal,2026-01-31T10:48:13.284Z,
course,1095,5,course#1095 评论 5：希望后续更新更多进阶内容。,6,normal,2026-01-29T10:48:13.284Z,
course,1095,6,course#1095 评论 6：希望后续更新更多进阶内容。,1,normal,2026-01-24T10:48:13.284Z,
course,1096,1,course#1096 评论 1：内容有深度但不晦涩，体验很好。,7,normal,2026-01-25T10:48:13.284Z,
course,1096,2,course#1096 评论 2：这节课讲得很清楚，重点很明确。,2,normal,2026-01-28T10:48:13.284Z,
course,1096,3,course#1096 评论 3：重点知识点总结得不错，复习方便。,5,normal,2026-02-01T10:48:13.284Z,
course,1096,4,course#1096 评论 4：这节课讲得很清楚，重点很明确。,7,normal,2026-02-01T10:48:13.284Z,
course,1096,5,course#1096 评论 5：这节课讲得很清楚，重点很明确。,1,normal,2026-01-24T10:48:13.284Z,
course,1096,6,course#1096 评论 6：讲师讲解很细，适合零基础。,6,normal,2026-01-25T10:48:13.284Z,
course,1097,1,course#1097 评论 1：节奏刚好，建议再补充一点练习题。,2,normal,2026-01-25T10:48:13.284Z,
course,1097,2,course#1097 评论 2：节奏刚好，建议再补充一点练习题。,7,normal,2026-02-03T10:48:13.284Z,
course,1097,3,course#1097 评论 3：案例很贴近实际，学完能直接上手。,3,normal,2026-01-22T10:48:13.284Z,
course,1097,4,course#1097 评论 4：重点知识点总结得不错，复习方便。,1,normal,2026-01-22T10:48:13.284Z,
course,1097,5,course#1097 评论 5：内容有深度但不晦涩，体验很好。,5,normal,2026-01-22T10:48:13.284Z,
course,1097,6,course#1097 评论 6：如果能加配套资料就更好了。,3,normal,2026-01-22T10:48:13.284Z,
course,1098,1,course#1098 评论 1：如果能加配套资料就更好了。,3,normal,2026-02-04T10:48:13.284Z,
course,1098,2,course#1098 评论 2：重点知识点总结得不错，复习方便。,2,normal,2026-01-30T10:48:13.284Z,
course,1098,3,course#1098 评论 3：如果能加配套资料就更好了。,0,normal,2026-01-27T10:48:13.284Z,
course,1098,4,course#1098 评论 4：案例很贴近实际，学完能直接上手。,7,normal,2026-02-03T10:48:13.284Z,
course,1098,5,course#1098 评论 5：这节课讲得很清楚，重点很明确。,4,normal,2026-01-30T10:48:13.284Z,
course,1098,6,course#1098 评论 6：课程结构清晰，学习路线明了。,3,normal,2026-01-27T10:48:13.284Z,
course,1099,1,course#1099 评论 1：讲师讲解很细，适合零基础。,4,normal,2026-01-31T10:48:13.284Z,
course,1099,2,course#1099 评论 2：课程结构清晰，学习路线明了。,1,normal,2026-01-26T10:48:13.284Z,
course,1099,3,course#1099 评论 3：案例很贴近实际，学完能直接上手。,6,normal,2026-01-22T10:48:13.284Z,
course,1099,4,course#1099 评论 4：希望后续更新更多进阶内容。,7,normal,2026-01-29T10:48:13.284Z,
course,1099,5,course#1099 评论 5：案例很贴近实际，学完能直接上手。,2,normal,2026-02-04T10:48:13.284Z,
course,1099,6,course#1099 评论 6：如果能加配套资料就更好了。,4,normal,2026-02-04T10:48:13.284Z,
course,1100,1,course#1100 评论 1：这节课讲得很清楚，重点很明确。,4,normal,2026-02-01T10:48:13.284Z,
course,1100,2,course#1100 评论 2：重点知识点总结得不错，复习方便。,3,normal,2026-01-22T10:48:13.284Z,
course,1100,3,course#1100 评论 3：希望后续更新更多进阶内容。,1,normal,2026-01-26T10:48:13.284Z,
course,1100,4,course#1100 评论 4：课程结构清晰，学习路线明了。,7,normal,2026-01-25T10:48:13.284Z,
course,1100,5,course#1100 评论 5：如果能加配套资料就更好了。,2,normal,2026-01-28T10:48:13.284Z,
course,1100,6,course#1100 评论 6：讲师讲解很细，适合零基础。,6,normal,2026-01-31T10:48:13.284Z,
course,1101,1,course#1101 评论 1：重点知识点总结得不错，复习方便。,7,normal,2026-01-31T10:48:13.284Z,
course,1101,2,course#1101 评论 2：希望后续更新更多进阶内容。,6,normal,2026-01-26T10:48:13.284Z,
course,1101,3,course#1101 评论 3：这节课讲得很清楚，重点很明确。,0,normal,2026-01-28T10:48:13.284Z,
course,1101,4,course#1101 评论 4：讲师讲解很细，适合零基础。,1,normal,2026-02-04T10:48:13.284Z,
course,1101,5,course#1101 评论 5：课程结构清晰，学习路线明了。,2,normal,2026-01-28T10:48:13.284Z,
course,1101,6,course#1101 评论 6：讲师讲解很细，适合零基础。,5,normal,2026-02-01T10:48:13.284Z,
course,1102,1,course#1102 评论 1：希望后续更新更多进阶内容。,1,normal,2026-01-26T10:48:13.284Z,
course,1102,2,course#1102 评论 2：希望后续更新更多进阶内容。,1,normal,2026-01-26T10:48:13.284Z,
course,1102,3,course#1102 评论 3：课程结构清晰，学习路线明了。,6,normal,2026-01-31T10:48:13.284Z,
course,1102,4,course#1102 评论 4：如果能加配套资料就更好了。,5,normal,2026-01-30T10:48:13.284Z,
course,1102,5,course#1102 评论 5：如果能加配套资料就更好了。,3,normal,2026-01-24T10:48:13.284Z,
course,1102,6,course#1102 评论 6：实例讲解很实用，收藏了。,1,normal,2026-01-29T10:48:13.284Z,
course,1103,1,course#1103 评论 1：这节课讲得很清楚，重点很明确。,2,normal,2026-02-03T10:48:13.284Z,
course,1103,2,course#1103 评论 2：内容有深度但不晦涩，体验很好。,0,normal,2026-01-25T10:48:13.284Z,
course,1103,3,course#1103 评论 3：重点知识点总结得不错，复习方便。,5,normal,2026-01-31T10:48:13.284Z,
course,1103,4,course#1103 评论 4：希望后续更新更多进阶内容。,2,normal,2026-01-24T10:48:13.284Z,
course,1103,5,course#1103 评论 5：讲师讲解很细，适合零基础。,2,normal,2026-02-03T10:48:13.284Z,
course,1103,6,course#1103 评论 6：这节课讲得很清楚，重点很明确。,5,normal,2026-01-23T10:48:13.284Z,
course,1104,1,course#1104 评论 1：课程结构清晰，学习路线明了。,5,normal,2026-01-24T10:48:13.284Z,
course,1104,2,course#1104 评论 2：如果能加配套资料就更好了。,0,normal,2026-01-27T10:48:13.284Z,
course,1104,3,course#1104 评论 3：内容有深度但不晦涩，体验很好。,3,normal,2026-01-25T10:48:13.284Z,
course,1104,4,course#1104 评论 4：案例很贴近实际，学完能直接上手。,4,normal,2026-01-24T10:48:13.284Z,
course,1104,5,course#1104 评论 5：节奏刚好，建议再补充一点练习题。,6,normal,2026-02-04T10:48:13.284Z,
course,1104,6,course#1104 评论 6：案例很贴近实际，学完能直接上手。,6,normal,2026-01-26T10:48:13.284Z,
course,1105,1,course#1105 评论 1：实例讲解很实用，收藏了。,3,normal,2026-01-23T10:48:13.284Z,
course,1105,2,course#1105 评论 2：重点知识点总结得不错，复习方便。,3,normal,2026-02-03T10:48:13.284Z,
course,1105,3,course#1105 评论 3：如果能加配套资料就更好了。,1,normal,2026-01-24T10:48:13.284Z,
course,1105,4,course#1105 评论 4：实例讲解很实用，收藏了。,4,normal,2026-01-30T10:48:13.284Z,
course,1105,5,course#1105 评论 5：讲师讲解很细，适合零基础。,7,normal,2026-02-01T10:48:13.284Z,
course,1105,6,course#1105 评论 6：如果能加配套资料就更好了。,4,normal,2026-01-30T10:48:13.284Z,
course,1106,1,course#1106 评论 1：这节课讲得很清楚，重点很明确。,4,normal,2026-01-26T10:48:13.284Z,
course,1106,2,course#1106 评论 2：节奏刚好，建议再补充一点练习题。,6,normal,2026-02-01T10:48:13.284Z,
course,1106,3,course#1106 评论 3：如果能加配套资料就更好了。,0,normal,2026-01-24T10:48:13.284Z,
course,1106,4,course#1106 评论 4：实例讲解很实用，收藏了。,4,normal,2026-01-23T10:48:13.284Z,
course,1106,5,course#1106 评论 5：节奏刚好，建议再补充一点练习题。,2,normal,2026-01-25T10:48:13.284Z,
course,1106,6,course#1106 评论 6：希望后续更新更多进阶内容。,5,normal,2026-02-03T10:48:13.284Z,
course,1107,1,course#1107 评论 1：实例讲解很实用，收藏了。,7,normal,2026-01-29T10:48:13.284Z,
course,1107,2,course#1107 评论 2：讲师讲解很细，适合零基础。,2,normal,2026-02-03T10:48:13.284Z,
course,1107,3,course#1107 评论 3：案例很贴近实际，学完能直接上手。,2,normal,2026-02-04T10:48:13.284Z,
course,1107,4,course#1107 评论 4：重点知识点总结得不错，复习方便。,7,normal,2026-01-26T10:48:13.284Z,
course,1107,5,course#1107 评论 5：重点知识点总结得不错，复习方便。,4,normal,2026-02-04T10:48:13.284Z,
course,1107,6,course#1107 评论 6：希望后续更新更多进阶内容。,3,normal,2026-01-30T10:48:13.284Z,
course,1108,1,course#1108 评论 1：重点知识点总结得不错，复习方便。,0,normal,2026-02-03T10:48:13.284Z,
course,1108,2,course#1108 评论 2：这节课讲得很清楚，重点很明确。,4,normal,2026-01-30T10:48:13.284Z,
course,1108,3,course#1108 评论 3：课程结构清晰，学习路线明了。,0,normal,2026-02-01T10:48:13.284Z,
course,1108,4,course#1108 评论 4：重点知识点总结得不错，复习方便。,5,normal,2026-01-25T10:48:13.284Z,
course,1108,5,course#1108 评论 5：这节课讲得很清楚，重点很明确。,6,normal,2026-01-22T10:48:13.284Z,
course,1108,6,course#1108 评论 6：如果能加配套资料就更好了。,4,normal,2026-02-04T10:48:13.284Z,
course,1109,1,course#1109 评论 1：这节课讲得很清楚，重点很明确。,0,normal,2026-01-24T10:48:13.284Z,
course,1109,2,course#1109 评论 2：讲师讲解很细，适合零基础。,2,normal,2026-01-27T10:48:13.284Z,
course,1109,3,course#1109 评论 3：重点知识点总结得不错，复习方便。,7,normal,2026-02-01T10:48:13.284Z,
course,1109,4,course#1109 评论 4：内容有深度但不晦涩，体验很好。,5,normal,2026-01-24T10:48:13.284Z,
course,1109,5,course#1109 评论 5：重点知识点总结得不错，复习方便。,5,normal,2026-01-30T10:48:13.284Z,
course,1109,6,course#1109 评论 6：实例讲解很实用，收藏了。,0,normal,2026-02-02T10:48:13.284Z,
course,1110,1,course#1110 评论 1：课程结构清晰，学习路线明了。,4,normal,2026-01-24T10:48:13.284Z,
course,1110,2,course#1110 评论 2：内容有深度但不晦涩，体验很好。,2,normal,2026-01-29T10:48:13.284Z,
course,1110,3,course#1110 评论 3：讲师讲解很细，适合零基础。,4,normal,2026-02-04T10:48:13.284Z,
course,1110,4,course#1110 评论 4：如果能加配套资料就更好了。,0,normal,2026-01-28T10:48:13.284Z,
course,1110,5,course#1110 评论 5：重点知识点总结得不错，复习方便。,4,normal,2026-02-02T10:48:13.284Z,
course,1110,6,course#1110 评论 6：希望后续更新更多进阶内容。,4,normal,2026-01-29T10:48:13.284Z,
course,1111,1,course#1111 评论 1：节奏刚好，建议再补充一点练习题。,2,normal,2026-01-25T10:48:13.284Z,
course,1111,2,course#1111 评论 2：案例很贴近实际，学完能直接上手。,7,normal,2026-01-30T10:48:13.284Z,
course,1111,3,course#1111 评论 3：案例很贴近实际，学完能直接上手。,1,normal,2026-01-29T10:48:13.284Z,
course,1111,4,course#1111 评论 4：这节课讲得很清楚，重点很明确。,5,normal,2026-02-01T10:48:13.284Z,
course,1111,5,course#1111 评论 5：课程结构清晰，学习路线明了。,3,normal,2026-02-01T10:48:13.284Z,
course,1111,6,course#1111 评论 6：课程结构清晰，学习路线明了。,3,normal,2026-01-26T10:48:13.284Z,
course,1112,1,course#1112 评论 1：案例很贴近实际，学完能直接上手。,7,normal,2026-01-29T10:48:13.284Z,
course,1112,2,course#1112 评论 2：如果能加配套资料就更好了。,3,normal,2026-01-26T10:48:13.284Z,
course,1112,3,course#1112 评论 3：如果能加配套资料就更好了。,3,normal,2026-02-01T10:48:13.284Z,
course,1112,4,course#1112 评论 4：内容有深度但不晦涩，体验很好。,0,normal,2026-01-29T10:48:13.284Z,
course,1112,5,course#1112 评论 5：如果能加配套资料就更好了。,1,normal,2026-01-30T10:48:13.284Z,
course,1112,6,course#1112 评论 6：案例很贴近实际，学完能直接上手。,4,normal,2026-01-23T10:48:13.284Z,
course,1113,1,course#1113 评论 1：实例讲解很实用，收藏了。,1,normal,2026-02-04T10:48:13.284Z,
course,1113,2,course#1113 评论 2：讲师讲解很细，适合零基础。,3,normal,2026-01-23T10:48:13.284Z,
course,1113,3,course#1113 评论 3：课程结构清晰，学习路线明了。,4,normal,2026-01-26T10:48:13.284Z,
course,1113,4,course#1113 评论 4：希望后续更新更多进阶内容。,3,normal,2026-01-29T10:48:13.284Z,
course,1113,5,course#1113 评论 5：希望后续更新更多进阶内容。,0,normal,2026-01-22T10:48:13.284Z,
course,1113,6,course#1113 评论 6：如果能加配套资料就更好了。,0,normal,2026-01-24T10:48:13.284Z,
course,1114,1,course#1114 评论 1：重点知识点总结得不错，复习方便。,2,normal,2026-01-28T10:48:13.284Z,
course,1114,2,course#1114 评论 2：这节课讲得很清楚，重点很明确。,4,normal,2026-01-29T10:48:13.284Z,
course,1114,3,course#1114 评论 3：希望后续更新更多进阶内容。,1,normal,2026-01-26T10:48:13.284Z,
course,1114,4,course#1114 评论 4：重点知识点总结得不错，复习方便。,3,normal,2026-01-26T10:48:13.284Z,
course,1114,5,course#1114 评论 5：课程结构清晰，学习路线明了。,5,normal,2026-01-30T10:48:13.284Z,
course,1114,6,course#1114 评论 6：内容有深度但不晦涩，体验很好。,5,normal,2026-02-03T10:48:13.284Z,
course,1115,1,course#1115 评论 1：讲师讲解很细，适合零基础。,0,normal,2026-01-24T10:48:13.284Z,
course,1115,2,course#1115 评论 2：讲师讲解很细，适合零基础。,0,normal,2026-01-22T10:48:13.284Z,
course,1115,3,course#1115 评论 3：节奏刚好，建议再补充一点练习题。,0,normal,2026-02-03T10:48:13.284Z,
course,1115,4,course#1115 评论 4：重点知识点总结得不错，复习方便。,1,normal,2026-02-01T10:48:13.284Z,
course,1115,5,course#1115 评论 5：内容有深度但不晦涩，体验很好。,2,normal,2026-02-04T10:48:13.284Z,
course,1115,6,course#1115 评论 6：课程结构清晰，学习路线明了。,6,normal,2026-01-23T10:48:13.284Z,
course,1116,1,course#1116 评论 1：这节课讲得很清楚，重点很明确。,5,normal,2026-02-03T10:48:13.284Z,
course,1116,2,course#1116 评论 2：实例讲解很实用，收藏了。,7,normal,2026-01-24T10:48:13.284Z,
course,1116,3,course#1116 评论 3：节奏刚好，建议再补充一点练习题。,6,normal,2026-01-28T10:48:13.284Z,
course,1116,4,course#1116 评论 4：重点知识点总结得不错，复习方便。,3,normal,2026-01-22T10:48:13.284Z,
course,1116,5,course#1116 评论 5：内容有深度但不晦涩，体验很好。,1,normal,2026-01-29T10:48:13.284Z,
course,1116,6,course#1116 评论 6：案例很贴近实际，学完能直接上手。,4,normal,2026-01-28T10:48:13.284Z,
course,1117,1,course#1117 评论 1：重点知识点总结得不错，复习方便。,6,normal,2026-01-24T10:48:13.284Z,
course,1117,2,course#1117 评论 2：重点知识点总结得不错，复习方便。,7,normal,2026-01-30T10:48:13.284Z,
course,1117,3,course#1117 评论 3：希望后续更新更多进阶内容。,1,normal,2026-01-29T10:48:13.284Z,
course,1117,4,course#1117 评论 4：内容有深度但不晦涩，体验很好。,0,normal,2026-01-28T10:48:13.284Z,
course,1117,5,course#1117 评论 5：节奏刚好，建议再补充一点练习题。,4,normal,2026-02-02T10:48:13.284Z,
course,1117,6,course#1117 评论 6：节奏刚好，建议再补充一点练习题。,6,normal,2026-02-04T10:48:13.284Z,
course,1118,1,course#1118 评论 1：案例很贴近实际，学完能直接上手。,6,normal,2026-01-22T10:48:13.284Z,
course,1118,2,course#1118 评论 2：希望后续更新更多进阶内容。,6,normal,2026-01-30T10:48:13.284Z,
course,1118,3,course#1118 评论 3：如果能加配套资料就更好了。,3,normal,2026-01-22T10:48:13.284Z,
course,1118,4,course#1118 评论 4：实例讲解很实用，收藏了。,3,normal,2026-02-02T10:48:13.284Z,
course,1118,5,course#1118 评论 5：课程结构清晰，学习路线明了。,2,normal,2026-01-29T10:48:13.284Z,
course,1118,6,course#1118 评论 6：希望后续更新更多进阶内容。,2,normal,2026-02-01T10:48:13.284Z,
course,1119,1,course#1119 评论 1：节奏刚好，建议再补充一点练习题。,5,normal,2026-01-24T10:48:13.284Z,
course,1119,2,course#1119 评论 2：希望后续更新更多进阶内容。,4,normal,2026-02-02T10:48:13.284Z,
course,1119,3,course#1119 评论 3：实例讲解很实用，收藏了。,4,normal,2026-01-22T10:48:13.284Z,
course,1119,4,course#1119 评论 4：这节课讲得很清楚，重点很明确。,2,normal,2026-02-02T10:48:13.284Z,
course,1119,5,course#1119 评论 5：内容有深度但不晦涩，体验很好。,2,normal,2026-01-29T10:48:13.284Z,
course,1119,6,course#1119 评论 6：实例讲解很实用，收藏了。,4,normal,2026-01-26T10:48:13.284Z,
course,1120,1,course#1120 评论 1：节奏刚好，建议再补充一点练习题。,2,normal,2026-01-30T10:48:13.284Z,
course,1120,2,course#1120 评论 2：案例很贴近实际，学完能直接上手。,2,normal,2026-01-26T10:48:13.284Z,
course,1120,3,course#1120 评论 3：案例很贴近实际，学完能直接上手。,6,normal,2026-01-24T10:48:13.284Z,
course,1120,4,course#1120 评论 4：这节课讲得很清楚，重点很明确。,3,normal,2026-02-02T10:48:13.284Z,
course,1120,5,course#1120 评论 5：课程结构清晰，学习路线明了。,4,normal,2026-01-25T10:48:13.284Z,
course,1120,6,course#1120 评论 6：节奏刚好，建议再补充一点练习题。,2,normal,2026-01-31T10:48:13.284Z,
course,1121,1,course#1121 评论 1：案例很贴近实际，学完能直接上手。,0,normal,2026-02-03T10:48:13.284Z,
course,1121,2,course#1121 评论 2：节奏刚好，建议再补充一点练习题。,6,normal,2026-02-02T10:48:13.284Z,
course,1121,3,course#1121 评论 3：重点知识点总结得不错，复习方便。,0,normal,2026-01-28T10:48:13.284Z,
course,1121,4,course#1121 评论 4：重点知识点总结得不错，复习方便。,4,normal,2026-02-01T10:48:13.284Z,
course,1121,5,course#1121 评论 5：如果能加配套资料就更好了。,7,normal,2026-01-31T10:48:13.284Z,
course,1121,6,course#1121 评论 6：课程结构清晰，学习路线明了。,6,normal,2026-01-24T10:48:13.284Z,
course,1122,1,course#1122 评论 1：重点知识点总结得不错，复习方便。,3,normal,2026-01-26T10:48:13.284Z,
course,1122,2,course#1122 评论 2：节奏刚好，建议再补充一点练习题。,7,normal,2026-01-27T10:48:13.284Z,
course,1122,3,course#1122 评论 3：如果能加配套资料就更好了。,0,normal,2026-02-02T10:48:13.284Z,
course,1122,4,course#1122 评论 4：希望后续更新更多进阶内容。,7,normal,2026-02-02T10:48:13.284Z,
course,1122,5,course#1122 评论 5：节奏刚好，建议再补充一点练习题。,2,normal,2026-01-26T10:48:13.284Z,
course,1122,6,course#1122 评论 6：讲师讲解很细，适合零基础。,6,normal,2026-01-23T10:48:13.284Z,
course,1123,1,course#1123 评论 1：案例很贴近实际，学完能直接上手。,7,normal,2026-01-28T10:48:13.284Z,
course,1123,2,course#1123 评论 2：如果能加配套资料就更好了。,2,normal,2026-01-24T10:48:13.284Z,
course,1123,3,course#1123 评论 3：课程结构清晰，学习路线明了。,3,normal,2026-01-31T10:48:13.284Z,
course,1123,4,course#1123 评论 4：这节课讲得很清楚，重点很明确。,5,normal,2026-01-27T10:48:13.284Z,
course,1123,5,course#1123 评论 5：重点知识点总结得不错，复习方便。,2,normal,2026-01-28T10:48:13.284Z,
course,1123,6,course#1123 评论 6：讲师讲解很细，适合零基础。,7,normal,2026-02-02T10:48:13.284Z,
course,1124,1,course#1124 评论 1：课程结构清晰，学习路线明了。,0,normal,2026-01-31T10:48:13.284Z,
course,1124,2,course#1124 评论 2：节奏刚好，建议再补充一点练习题。,0,normal,2026-01-26T10:48:13.284Z,
course,1124,3,course#1124 评论 3：希望后续更新更多进阶内容。,3,normal,2026-01-30T10:48:13.284Z,
course,1124,4,course#1124 评论 4：讲师讲解很细，适合零基础。,3,normal,2026-02-04T10:48:13.284Z,
course,1124,5,course#1124 评论 5：课程结构清晰，学习路线明了。,0,normal,2026-01-22T10:48:13.284Z,
course,1124,6,course#1124 评论 6：节奏刚好，建议再补充一点练习题。,0,normal,2026-02-02T10:48:13.284Z,
course,1125,1,course#1125 评论 1：节奏刚好，建议再补充一点练习题。,1,normal,2026-02-02T10:48:13.284Z,
course,1125,2,course#1125 评论 2：案例很贴近实际，学完能直接上手。,6,normal,2026-01-27T10:48:13.284Z,
course,1125,3,course#1125 评论 3：重点知识点总结得不错，复习方便。,2,normal,2026-01-31T10:48:13.284Z,
course,1125,4,course#1125 评论 4：内容有深度但不晦涩，体验很好。,4,normal,2026-01-31T10:48:13.284Z,
course,1125,5,course#1125 评论 5：希望后续更新更多进阶内容。,5,normal,2026-02-02T10:48:13.284Z,
course,1125,6,course#1125 评论 6：课程结构清晰，学习路线明了。,1,normal,2026-02-03T10:48:13.284Z,
course,1126,1,course#1126 评论 1：内容有深度但不晦涩，体验很好。,5,normal,2026-01-22T10:48:13.284Z,
course,1126,2,course#1126 评论 2：节奏刚好，建议再补充一点练习题。,3,normal,2026-01-31T10:48:13.284Z,
course,1126,3,course#1126 评论 3：希望后续更新更多进阶内容。,2,normal,2026-02-04T10:48:13.284Z,
course,1126,4,course#1126 评论 4：如果能加配套资料就更好了。,4,normal,2026-02-02T10:48:13.284Z,
course,1126,5,course#1126 评论 5：讲师讲解很细，适合零基础。,6,normal,2026-01-30T10:48:13.284Z,
course,1126,6,course#1126 评论 6：这节课讲得很清楚，重点很明确。,4,normal,2026-02-02T10:48:13.284Z,
course,1127,1,course#1127 评论 1：课程结构清晰，学习路线明了。,0,normal,2026-01-25T10:48:13.284Z,
course,1127,2,course#1127 评论 2：如果能加配套资料就更好了。,6,normal,2026-01-25T10:48:13.284Z,
course,1127,3,course#1127 评论 3：案例很贴近实际，学完能直接上手。,2,normal,2026-02-02T10:48:13.284Z,
course,1127,4,course#1127 评论 4：讲师讲解很细，适合零基础。,4,normal,2026-02-02T10:48:13.284Z,
course,1127,5,course#1127 评论 5：课程结构清晰，学习路线明了。,4,normal,2026-01-24T10:48:13.284Z,
course,1127,6,course#1127 评论 6：实例讲解很实用，收藏了。,1,normal,2026-02-04T10:48:13.284Z,
course,1128,1,course#1128 评论 1：这节课讲得很清楚，重点很明确。,2,normal,2026-01-23T10:48:13.284Z,
course,1128,2,course#1128 评论 2：内容有深度但不晦涩，体验很好。,2,normal,2026-01-29T10:48:13.284Z,
course,1128,3,course#1128 评论 3：讲师讲解很细，适合零基础。,6,normal,2026-02-03T10:48:13.284Z,
course,1128,4,course#1128 评论 4：节奏刚好，建议再补充一点练习题。,6,normal,2026-02-02T10:48:13.284Z,
course,1128,5,course#1128 评论 5：内容有深度但不晦涩，体验很好。,7,normal,2026-01-26T10:48:13.284Z,
course,1128,6,course#1128 评论 6：内容有深度但不晦涩，体验很好。,4,normal,2026-01-22T10:48:13.284Z,
course,1129,1,course#1129 评论 1：节奏刚好，建议再补充一点练习题。,5,normal,2026-01-26T10:48:13.284Z,
course,1129,2,course#1129 评论 2：希望后续更新更多进阶内容。,7,normal,2026-01-30T10:48:13.284Z,
course,1129,3,course#1129 评论 3：这节课讲得很清楚，重点很明确。,3,normal,2026-01-24T10:48:13.284Z,
course,1129,4,course#1129 评论 4：内容有深度但不晦涩，体验很好。,4,normal,2026-01-31T10:48:13.284Z,
course,1129,5,course#1129 评论 5：课程结构清晰，学习路线明了。,2,normal,2026-01-24T10:48:13.284Z,
course,1129,6,course#1129 评论 6：内容有深度但不晦涩，体验很好。,4,normal,2026-02-02T10:48:13.284Z,
course,1130,1,course#1130 评论 1：如果能加配套资料就更好了。,3,normal,2026-01-30T10:48:13.284Z,
course,1130,2,course#1130 评论 2：重点知识点总结得不错，复习方便。,4,normal,2026-01-25T10:48:13.284Z,
course,1130,3,course#1130 评论 3：课程结构清晰，学习路线明了。,2,normal,2026-01-23T10:48:13.284Z,
course,1130,4,course#1130 评论 4：这节课讲得很清楚，重点很明确。,0,normal,2026-01-29T10:48:13.284Z,
course,1130,5,course#1130 评论 5：案例很贴近实际，学完能直接上手。,7,normal,2026-01-28T10:48:13.284Z,
course,1130,6,course#1130 评论 6：课程结构清晰，学习路线明了。,5,normal,2026-01-24T10:48:13.284Z,
course,1131,1,course#1131 评论 1：希望后续更新更多进阶内容。,6,normal,2026-02-04T10:48:13.284Z,
course,1131,2,course#1131 评论 2：节奏刚好，建议再补充一点练习题。,4,normal,2026-01-31T10:48:13.284Z,
course,1131,3,course#1131 评论 3：重点知识点总结得不错，复习方便。,6,normal,2026-02-04T10:48:13.284Z,
course,1131,4,course#1131 评论 4：希望后续更新更多进阶内容。,4,normal,2026-01-29T10:48:13.284Z,
course,1131,5,course#1131 评论 5：重点知识点总结得不错，复习方便。,7,normal,2026-01-27T10:48:13.284Z,
course,1131,6,course#1131 评论 6：这节课讲得很清楚，重点很明确。,6,normal,2026-01-27T10:48:13.284Z,
course,1132,1,course#1132 评论 1：如果能加配套资料就更好了。,3,normal,2026-01-31T10:48:13.284Z,
course,1132,2,course#1132 评论 2：节奏刚好，建议再补充一点练习题。,1,normal,2026-01-29T10:48:13.284Z,
course,1132,3,course#1132 评论 3：课程结构清晰，学习路线明了。,3,normal,2026-01-22T10:48:13.284Z,
course,1132,4,course#1132 评论 4：案例很贴近实际，学完能直接上手。,6,normal,2026-02-02T10:48:13.284Z,
course,1132,5,course#1132 评论 5：这节课讲得很清楚，重点很明确。,4,normal,2026-01-24T10:48:13.284Z,
course,1132,6,course#1132 评论 6：实例讲解很实用，收藏了。,0,normal,2026-01-27T10:48:13.284Z,
course,1133,1,course#1133 评论 1：内容有深度但不晦涩，体验很好。,3,normal,2026-01-24T10:48:13.284Z,
course,1133,2,course#1133 评论 2：案例很贴近实际，学完能直接上手。,2,normal,2026-02-03T10:48:13.284Z,
course,1133,3,course#1133 评论 3：如果能加配套资料就更好了。,6,normal,2026-02-01T10:48:13.284Z,
course,1133,4,course#1133 评论 4：实例讲解很实用，收藏了。,6,normal,2026-02-03T10:48:13.284Z,
course,1133,5,course#1133 评论 5：重点知识点总结得不错，复习方便。,0,normal,2026-01-30T10:48:13.284Z,
course,1133,6,course#1133 评论 6：内容有深度但不晦涩，体验很好。,6,normal,2026-01-25T10:48:13.284Z,
course,1134,1,course#1134 评论 1：希望后续更新更多进阶内容。,6,normal,2026-01-26T10:48:13.284Z,
course,1134,2,course#1134 评论 2：课程结构清晰，学习路线明了。,5,normal,2026-01-30T10:48:13.284Z,
course,1134,3,course#1134 评论 3：如果能加配套资料就更好了。,5,normal,2026-01-27T10:48:13.284Z,
course,1134,4,course#1134 评论 4：如果能加配套资料就更好了。,0,normal,2026-01-30T10:48:13.284Z,
course,1134,5,course#1134 评论 5：内容有深度但不晦涩，体验很好。,6,normal,2026-01-29T10:48:13.284Z,
course,1134,6,course#1134 评论 6：内容有深度但不晦涩，体验很好。,7,normal,2026-01-30T10:48:13.284Z,
course,1135,1,course#1135 评论 1：实例讲解很实用，收藏了。,6,normal,2026-01-23T10:48:13.284Z,
course,1135,2,course#1135 评论 2：希望后续更新更多进阶内容。,6,normal,2026-02-04T10:48:13.284Z,
course,1135,3,course#1135 评论 3：实例讲解很实用，收藏了。,2,normal,2026-01-25T10:48:13.284Z,
course,1135,4,course#1135 评论 4：这节课讲得很清楚，重点很明确。,0,normal,2026-02-01T10:48:13.284Z,
course,1135,5,course#1135 评论 5：实例讲解很实用，收藏了。,4,normal,2026-01-31T10:48:13.284Z,
course,1135,6,course#1135 评论 6：节奏刚好，建议再补充一点练习题。,4,normal,2026-01-30T10:48:13.284Z,
course,1136,1,course#1136 评论 1：内容有深度但不晦涩，体验很好。,4,normal,2026-02-03T10:48:13.284Z,
course,1136,2,course#1136 评论 2：重点知识点总结得不错，复习方便。,4,normal,2026-01-31T10:48:13.284Z,
course,1136,3,course#1136 评论 3：这节课讲得很清楚，重点很明确。,0,normal,2026-01-25T10:48:13.284Z,
course,1136,4,course#1136 评论 4：课程结构清晰，学习路线明了。,4,normal,2026-02-02T10:48:13.284Z,
course,1136,5,course#1136 评论 5：实例讲解很实用，收藏了。,3,normal,2026-02-04T10:48:13.284Z,
course,1136,6,course#1136 评论 6：这节课讲得很清楚，重点很明确。,1,normal,2026-02-04T10:48:13.285Z,
course,1137,1,course#1137 评论 1：案例很贴近实际，学完能直接上手。,3,normal,2026-01-27T10:48:13.285Z,
course,1137,2,course#1137 评论 2：这节课讲得很清楚，重点很明确。,3,normal,2026-01-24T10:48:13.285Z,
course,1137,3,course#1137 评论 3：希望后续更新更多进阶内容。,7,normal,2026-01-29T10:48:13.285Z,
course,1137,4,course#1137 评论 4：讲师讲解很细，适合零基础。,6,normal,2026-01-30T10:48:13.285Z,
course,1137,5,course#1137 评论 5：节奏刚好，建议再补充一点练习题。,5,normal,2026-02-01T10:48:13.285Z,
course,1137,6,course#1137 评论 6：节奏刚好，建议再补充一点练习题。,2,normal,2026-01-22T10:48:13.285Z,
course,1138,1,course#1138 评论 1：实例讲解很实用，收藏了。,7,normal,2026-02-02T10:48:13.285Z,
course,1138,2,course#1138 评论 2：内容有深度但不晦涩，体验很好。,5,normal,2026-01-30T10:48:13.285Z,
course,1138,3,course#1138 评论 3：希望后续更新更多进阶内容。,2,normal,2026-01-26T10:48:13.285Z,
course,1138,4,course#1138 评论 4：内容有深度但不晦涩，体验很好。,6,normal,2026-02-04T10:48:13.285Z,
course,1138,5,course#1138 评论 5：实例讲解很实用，收藏了。,0,normal,2026-01-31T10:48:13.285Z,
course,1138,6,course#1138 评论 6：这节课讲得很清楚，重点很明确。,7,normal,2026-01-26T10:48:13.285Z,
course,1139,1,course#1139 评论 1：希望后续更新更多进阶内容。,1,normal,2026-01-28T10:48:13.285Z,
course,1139,2,course#1139 评论 2：重点知识点总结得不错，复习方便。,6,normal,2026-01-26T10:48:13.285Z,
course,1139,3,course#1139 评论 3：实例讲解很实用，收藏了。,6,normal,2026-02-01T10:48:13.285Z,
course,1139,4,course#1139 评论 4：这节课讲得很清楚，重点很明确。,0,normal,2026-02-02T10:48:13.285Z,
course,1139,5,course#1139 评论 5：课程结构清晰，学习路线明了。,5,normal,2026-02-03T10:48:13.285Z,
course,1139,6,course#1139 评论 6：这节课讲得很清楚，重点很明确。,2,normal,2026-01-22T10:48:13.285Z,
course,1140,1,course#1140 评论 1：重点知识点总结得不错，复习方便。,3,normal,2026-01-30T10:48:13.285Z,
course,1140,2,course#1140 评论 2：这节课讲得很清楚，重点很明确。,7,normal,2026-01-27T10:48:13.285Z,
course,1140,3,course#1140 评论 3：课程结构清晰，学习路线明了。,2,normal,2026-01-27T10:48:13.285Z,
course,1140,4,course#1140 评论 4：内容有深度但不晦涩，体验很好。,0,normal,2026-01-24T10:48:13.285Z,
course,1140,5,course#1140 评论 5：如果能加配套资料就更好了。,4,normal,2026-01-26T10:48:13.285Z,
course,1140,6,course#1140 评论 6：讲师讲解很细，适合零基础。,7,normal,2026-01-30T10:48:13.285Z,
course,1141,1,course#1141 评论 1：实例讲解很实用，收藏了。,3,normal,2026-01-26T10:48:13.285Z,
course,1141,2,course#1141 评论 2：实例讲解很实用，收藏了。,0,normal,2026-02-04T10:48:13.285Z,
course,1141,3,course#1141 评论 3：内容有深度但不晦涩，体验很好。,6,normal,2026-02-03T10:48:13.285Z,
course,1141,4,course#1141 评论 4：内容有深度但不晦涩，体验很好。,6,normal,2026-01-22T10:48:13.285Z,
course,1141,5,course#1141 评论 5：内容有深度但不晦涩，体验很好。,6,normal,2026-02-01T10:48:13.285Z,
course,1141,6,course#1141 评论 6：这节课讲得很清楚，重点很明确。,0,normal,2026-02-01T10:48:13.285Z,
course,1142,1,course#1142 评论 1：课程结构清晰，学习路线明了。,7,normal,2026-02-02T10:48:13.285Z,
course,1142,2,course#1142 评论 2：内容有深度但不晦涩，体验很好。,4,normal,2026-01-30T10:48:13.285Z,
course,1142,3,course#1142 评论 3：重点知识点总结得不错，复习方便。,6,normal,2026-01-29T10:48:13.285Z,
course,1142,4,course#1142 评论 4：实例讲解很实用，收藏了。,3,normal,2026-01-28T10:48:13.285Z,
course,1142,5,course#1142 评论 5：如果能加配套资料就更好了。,3,normal,2026-01-30T10:48:13.285Z,
course,1142,6,course#1142 评论 6：实例讲解很实用，收藏了。,1,normal,2026-02-04T10:48:13.285Z,
course,1143,1,course#1143 评论 1：课程结构清晰，学习路线明了。,3,normal,2026-01-22T10:48:13.285Z,
course,1143,2,course#1143 评论 2：内容有深度但不晦涩，体验很好。,3,normal,2026-01-31T10:48:13.285Z,
course,1143,3,course#1143 评论 3：案例很贴近实际，学完能直接上手。,4,normal,2026-01-22T10:48:13.285Z,
course,1143,4,course#1143 评论 4：实例讲解很实用，收藏了。,4,normal,2026-01-24T10:48:13.285Z,
course,1143,5,course#1143 评论 5：如果能加配套资料就更好了。,4,normal,2026-01-29T10:48:13.285Z,
course,1143,6,course#1143 评论 6：实例讲解很实用，收藏了。,7,normal,2026-01-30T10:48:13.285Z,
course,1144,1,course#1144 评论 1：这节课讲得很清楚，重点很明确。,5,normal,2026-01-23T10:48:13.285Z,
course,1144,2,course#1144 评论 2：如果能加配套资料就更好了。,6,normal,2026-02-03T10:48:13.285Z,
course,1144,3,course#1144 评论 3：希望后续更新更多进阶内容。,0,normal,2026-02-02T10:48:13.285Z,
course,1144,4,course#1144 评论 4：内容有深度但不晦涩，体验很好。,4,normal,2026-01-23T10:48:13.285Z,
course,1144,5,course#1144 评论 5：希望后续更新更多进阶内容。,7,normal,2026-02-03T10:48:13.285Z,
course,1144,6,course#1144 评论 6：内容有深度但不晦涩，体验很好。,2,normal,2026-01-26T10:48:13.285Z,
course,1145,1,course#1145 评论 1：实例讲解很实用，收藏了。,1,normal,2026-01-23T10:48:13.285Z,
course,1145,2,course#1145 评论 2：讲师讲解很细，适合零基础。,4,normal,2026-02-02T10:48:13.285Z,
course,1145,3,course#1145 评论 3：实例讲解很实用，收藏了。,3,normal,2026-01-26T10:48:13.285Z,
course,1145,4,course#1145 评论 4：案例很贴近实际，学完能直接上手。,6,normal,2026-01-31T10:48:13.285Z,
course,1145,5,course#1145 评论 5：实例讲解很实用，收藏了。,2,normal,2026-01-31T10:48:13.285Z,
course,1145,6,course#1145 评论 6：希望后续更新更多进阶内容。,4,normal,2026-01-31T10:48:13.285Z,
course,1146,1,course#1146 评论 1：课程结构清晰，学习路线明了。,2,normal,2026-01-22T10:48:13.285Z,
course,1146,2,course#1146 评论 2：课程结构清晰，学习路线明了。,4,normal,2026-02-03T10:48:13.285Z,
course,1146,3,course#1146 评论 3：希望后续更新更多进阶内容。,6,normal,2026-02-02T10:48:13.285Z,
course,1146,4,course#1146 评论 4：重点知识点总结得不错，复习方便。,5,normal,2026-01-27T10:48:13.285Z,
course,1146,5,course#1146 评论 5：希望后续更新更多进阶内容。,7,normal,2026-01-26T10:48:13.285Z,
course,1146,6,course#1146 评论 6：节奏刚好，建议再补充一点练习题。,5,normal,2026-02-03T10:48:13.285Z,
course,1147,1,course#1147 评论 1：这节课讲得很清楚，重点很明确。,5,normal,2026-01-29T10:48:13.285Z,
course,1147,2,course#1147 评论 2：希望后续更新更多进阶内容。,3,normal,2026-01-28T10:48:13.285Z,
course,1147,3,course#1147 评论 3：如果能加配套资料就更好了。,0,normal,2026-01-27T10:48:13.285Z,
course,1147,4,course#1147 评论 4：重点知识点总结得不错，复习方便。,0,normal,2026-01-25T10:48:13.285Z,
course,1147,5,course#1147 评论 5：这节课讲得很清楚，重点很明确。,2,normal,2026-02-03T10:48:13.285Z,
course,1147,6,course#1147 评论 6：讲师讲解很细，适合零基础。,0,normal,2026-02-01T10:48:13.285Z,
course,1148,1,course#1148 评论 1：如果能加配套资料就更好了。,6,normal,2026-01-30T10:48:13.285Z,
course,1148,2,course#1148 评论 2：节奏刚好，建议再补充一点练习题。,1,normal,2026-02-02T10:48:13.285Z,
course,1148,3,course#1148 评论 3：讲师讲解很细，适合零基础。,7,normal,2026-01-26T10:48:13.285Z,
course,1148,4,course#1148 评论 4：节奏刚好，建议再补充一点练习题。,0,normal,2026-01-22T10:48:13.285Z,
course,1148,5,course#1148 评论 5：讲师讲解很细，适合零基础。,1,normal,2026-02-02T10:48:13.285Z,
course,1148,6,course#1148 评论 6：节奏刚好，建议再补充一点练习题。,5,normal,2026-01-31T10:48:13.285Z,
course,1149,1,course#1149 评论 1：如果能加配套资料就更好了。,1,normal,2026-02-01T10:48:13.285Z,
course,1149,2,course#1149 评论 2：课程结构清晰，学习路线明了。,7,normal,2026-01-30T10:48:13.285Z,
course,1149,3,course#1149 评论 3：实例讲解很实用，收藏了。,4,normal,2026-01-22T10:48:13.285Z,
course,1149,4,course#1149 评论 4：内容有深度但不晦涩，体验很好。,5,normal,2026-02-04T10:48:13.285Z,
course,1149,5,course#1149 评论 5：如果能加配套资料就更好了。,3,normal,2026-01-28T10:48:13.285Z,
course,1149,6,course#1149 评论 6：实例讲解很实用，收藏了。,0,normal,2026-02-04T10:48:13.285Z,
course,1150,1,course#1150 评论 1：这节课讲得很清楚，重点很明确。,0,normal,2026-01-29T10:48:13.285Z,
course,1150,2,course#1150 评论 2：这节课讲得很清楚，重点很明确。,7,normal,2026-01-31T10:48:13.285Z,
course,1150,3,course#1150 评论 3：讲师讲解很细，适合零基础。,2,normal,2026-02-01T10:48:13.285Z,
course,1150,4,course#1150 评论 4：重点知识点总结得不错，复习方便。,6,normal,2026-01-28T10:48:13.285Z,
course,1150,5,course#1150 评论 5：重点知识点总结得不错，复习方便。,4,normal,2026-01-30T10:48:13.285Z,
course,1150,6,course#1150 评论 6：实例讲解很实用，收藏了。,6,normal,2026-01-27T10:48:13.285Z,
course,1151,1,course#1151 评论 1：讲师讲解很细，适合零基础。,5,normal,2026-01-25T10:48:13.285Z,
course,1151,2,course#1151 评论 2：内容有深度但不晦涩，体验很好。,2,normal,2026-01-29T10:48:13.285Z,
course,1151,3,course#1151 评论 3：希望后续更新更多进阶内容。,0,normal,2026-02-02T10:48:13.285Z,
course,1151,4,course#1151 评论 4：内容有深度但不晦涩，体验很好。,5,normal,2026-02-03T10:48:13.285Z,
course,1151,5,course#1151 评论 5：实例讲解很实用，收藏了。,7,normal,2026-02-04T10:48:13.285Z,
course,1151,6,course#1151 评论 6：案例很贴近实际，学完能直接上手。,4,normal,2026-01-30T10:48:13.285Z,
course,1152,1,course#1152 评论 1：讲师讲解很细，适合零基础。,4,normal,2026-01-26T10:48:13.285Z,
course,1152,2,course#1152 评论 2：课程结构清晰，学习路线明了。,2,normal,2026-01-24T10:48:13.285Z,
course,1152,3,course#1152 评论 3：希望后续更新更多进阶内容。,1,normal,2026-01-31T10:48:13.285Z,
course,1152,4,course#1152 评论 4：案例很贴近实际，学完能直接上手。,2,normal,2026-01-22T10:48:13.285Z,
course,1152,5,course#1152 评论 5：节奏刚好，建议再补充一点练习题。,6,normal,2026-01-25T10:48:13.285Z,
course,1152,6,course#1152 评论 6：讲师讲解很细，适合零基础。,7,normal,2026-02-01T10:48:13.285Z,
course,1153,1,course#1153 评论 1：案例很贴近实际，学完能直接上手。,3,normal,2026-01-26T10:48:13.285Z,
course,1153,2,course#1153 评论 2：这节课讲得很清楚，重点很明确。,1,normal,2026-01-29T10:48:13.285Z,
course,1153,3,course#1153 评论 3：这节课讲得很清楚，重点很明确。,5,normal,2026-02-04T10:48:13.285Z,
course,1153,4,course#1153 评论 4：课程结构清晰，学习路线明了。,5,normal,2026-02-03T10:48:13.285Z,
course,1153,5,course#1153 评论 5：节奏刚好，建议再补充一点练习题。,3,normal,2026-01-22T10:48:13.285Z,
course,1153,6,course#1153 评论 6：重点知识点总结得不错，复习方便。,7,normal,2026-02-03T10:48:13.285Z,
course,1154,1,course#1154 评论 1：讲师讲解很细，适合零基础。,7,normal,2026-01-28T10:48:13.285Z,
course,1154,2,course#1154 评论 2：如果能加配套资料就更好了。,2,normal,2026-01-25T10:48:13.285Z,
course,1154,3,course#1154 评论 3：这节课讲得很清楚，重点很明确。,3,normal,2026-01-22T10:48:13.285Z,
course,1154,4,course#1154 评论 4：节奏刚好，建议再补充一点练习题。,5,normal,2026-01-22T10:48:13.285Z,
course,1154,5,course#1154 评论 5：重点知识点总结得不错，复习方便。,2,normal,2026-01-31T10:48:13.285Z,
course,1154,6,course#1154 评论 6：内容有深度但不晦涩，体验很好。,6,normal,2026-01-30T10:48:13.285Z,
course,1155,1,course#1155 评论 1：节奏刚好，建议再补充一点练习题。,7,normal,2026-02-04T10:48:13.285Z,
course,1155,2,course#1155 评论 2：实例讲解很实用，收藏了。,3,normal,2026-01-23T10:48:13.285Z,
course,1155,3,course#1155 评论 3：讲师讲解很细，适合零基础。,6,normal,2026-01-24T10:48:13.285Z,
course,1155,4,course#1155 评论 4：课程结构清晰，学习路线明了。,4,normal,2026-01-28T10:48:13.285Z,
course,1155,5,course#1155 评论 5：课程结构清晰，学习路线明了。,1,normal,2026-01-22T10:48:13.285Z,
course,1155,6,course#1155 评论 6：讲师讲解很细，适合零基础。,3,normal,2026-01-28T10:48:13.285Z,
course,1156,1,course#1156 评论 1：讲师讲解很细，适合零基础。,6,normal,2026-02-01T10:48:13.285Z,
course,1156,2,course#1156 评论 2：这节课讲得很清楚，重点很明确。,1,normal,2026-01-30T10:48:13.285Z,
course,1156,3,course#1156 评论 3：节奏刚好，建议再补充一点练习题。,0,normal,2026-02-04T10:48:13.285Z,
course,1156,4,course#1156 评论 4：讲师讲解很细，适合零基础。,6,normal,2026-02-01T10:48:13.285Z,
course,1156,5,course#1156 评论 5：案例很贴近实际，学完能直接上手。,1,normal,2026-02-01T10:48:13.285Z,
course,1156,6,course#1156 评论 6：节奏刚好，建议再补充一点练习题。,3,normal,2026-01-29T10:48:13.285Z,
course,1157,1,course#1157 评论 1：如果能加配套资料就更好了。,3,normal,2026-01-22T10:48:13.285Z,
course,1157,2,course#1157 评论 2：希望后续更新更多进阶内容。,4,normal,2026-01-25T10:48:13.285Z,
course,1157,3,course#1157 评论 3：内容有深度但不晦涩，体验很好。,4,normal,2026-01-31T10:48:13.285Z,
course,1157,4,course#1157 评论 4：实例讲解很实用，收藏了。,0,normal,2026-02-01T10:48:13.285Z,
course,1157,5,course#1157 评论 5：内容有深度但不晦涩，体验很好。,4,normal,2026-01-29T10:48:13.285Z,
course,1157,6,course#1157 评论 6：希望后续更新更多进阶内容。,3,normal,2026-01-26T10:48:13.285Z,
course,1158,1,course#1158 评论 1：希望后续更新更多进阶内容。,7,normal,2026-02-01T10:48:13.285Z,
course,1158,2,course#1158 评论 2：节奏刚好，建议再补充一点练习题。,0,normal,2026-01-30T10:48:13.285Z,
course,1158,3,course#1158 评论 3：重点知识点总结得不错，复习方便。,0,normal,2026-01-24T10:48:13.285Z,
course,1158,4,course#1158 评论 4：讲师讲解很细，适合零基础。,2,normal,2026-01-28T10:48:13.285Z,
course,1158,5,course#1158 评论 5：节奏刚好，建议再补充一点练习题。,3,normal,2026-01-24T10:48:13.285Z,
course,1158,6,course#1158 评论 6：这节课讲得很清楚，重点很明确。,0,normal,2026-02-02T10:48:13.285Z,
course,1159,1,course#1159 评论 1：如果能加配套资料就更好了。,1,normal,2026-01-22T10:48:13.285Z,
course,1159,2,course#1159 评论 2：这节课讲得很清楚，重点很明确。,1,normal,2026-01-29T10:48:13.285Z,
course,1159,3,course#1159 评论 3：希望后续更新更多进阶内容。,6,normal,2026-01-24T10:48:13.285Z,
course,1159,4,course#1159 评论 4：这节课讲得很清楚，重点很明确。,6,normal,2026-02-01T10:48:13.285Z,
course,1159,5,course#1159 评论 5：这节课讲得很清楚，重点很明确。,1,normal,2026-02-04T10:48:13.285Z,
course,1159,6,course#1159 评论 6：如果能加配套资料就更好了。,6,normal,2026-01-31T10:48:13.285Z,
course,1160,1,course#1160 评论 1：重点知识点总结得不错，复习方便。,5,normal,2026-01-24T10:48:13.285Z,
course,1160,2,course#1160 评论 2：实例讲解很实用，收藏了。,1,normal,2026-02-03T10:48:13.285Z,
course,1160,3,course#1160 评论 3：实例讲解很实用，收藏了。,3,normal,2026-01-25T10:48:13.285Z,
course,1160,4,course#1160 评论 4：内容有深度但不晦涩，体验很好。,7,normal,2026-01-26T10:48:13.285Z,
course,1160,5,course#1160 评论 5：节奏刚好，建议再补充一点练习题。,6,normal,2026-01-25T10:48:13.285Z,
course,1160,6,course#1160 评论 6：内容有深度但不晦涩，体验很好。,1,normal,2026-01-26T10:48:13.285Z,
course,1161,1,course#1161 评论 1：希望后续更新更多进阶内容。,5,normal,2026-01-22T10:48:13.285Z,
course,1161,2,course#1161 评论 2：案例很贴近实际，学完能直接上手。,6,normal,2026-01-26T10:48:13.285Z,
course,1161,3,course#1161 评论 3：课程结构清晰，学习路线明了。,5,normal,2026-01-27T10:48:13.285Z,
course,1161,4,course#1161 评论 4：讲师讲解很细，适合零基础。,6,normal,2026-01-26T10:48:13.285Z,
course,1161,5,course#1161 评论 5：讲师讲解很细，适合零基础。,1,normal,2026-01-23T10:48:13.285Z,
course,1161,6,course#1161 评论 6：讲师讲解很细，适合零基础。,0,normal,2026-01-22T10:48:13.285Z,
course,1162,1,course#1162 评论 1：内容有深度但不晦涩，体验很好。,6,normal,2026-01-23T10:48:13.285Z,
course,1162,2,course#1162 评论 2：如果能加配套资料就更好了。,3,normal,2026-01-27T10:48:13.285Z,
course,1162,3,course#1162 评论 3：课程结构清晰，学习路线明了。,0,normal,2026-01-26T10:48:13.285Z,
course,1162,4,course#1162 评论 4：案例很贴近实际，学完能直接上手。,0,normal,2026-01-29T10:48:13.285Z,
course,1162,5,course#1162 评论 5：讲师讲解很细，适合零基础。,6,normal,2026-02-03T10:48:13.285Z,
course,1162,6,course#1162 评论 6：实例讲解很实用，收藏了。,4,normal,2026-01-28T10:48:13.285Z,
course,1163,1,course#1163 评论 1：实例讲解很实用，收藏了。,5,normal,2026-02-04T10:48:13.285Z,
course,1163,2,course#1163 评论 2：重点知识点总结得不错，复习方便。,4,normal,2026-01-22T10:48:13.285Z,
course,1163,3,course#1163 评论 3：重点知识点总结得不错，复习方便。,0,normal,2026-01-27T10:48:13.285Z,
course,1163,4,course#1163 评论 4：重点知识点总结得不错，复习方便。,5,normal,2026-01-25T10:48:13.285Z,
course,1163,5,course#1163 评论 5：内容有深度但不晦涩，体验很好。,0,normal,2026-02-04T10:48:13.285Z,
course,1163,6,course#1163 评论 6：实例讲解很实用，收藏了。,6,normal,2026-01-23T10:48:13.285Z,
course,1164,1,course#1164 评论 1：内容有深度但不晦涩，体验很好。,7,normal,2026-02-02T10:48:13.285Z,
course,1164,2,course#1164 评论 2：希望后续更新更多进阶内容。,2,normal,2026-02-03T10:48:13.285Z,
course,1164,3,course#1164 评论 3：课程结构清晰，学习路线明了。,5,normal,2026-01-24T10:48:13.285Z,
course,1164,4,course#1164 评论 4：实例讲解很实用，收藏了。,5,normal,2026-01-29T10:48:13.285Z,
course,1164,5,course#1164 评论 5：希望后续更新更多进阶内容。,0,normal,2026-02-03T10:48:13.285Z,
course,1164,6,course#1164 评论 6：内容有深度但不晦涩，体验很好。,3,normal,2026-01-25T10:48:13.285Z,
course,1165,1,course#1165 评论 1：节奏刚好，建议再补充一点练习题。,3,normal,2026-01-23T10:48:13.285Z,
course,1165,2,course#1165 评论 2：实例讲解很实用，收藏了。,5,normal,2026-02-03T10:48:13.285Z,
course,1165,3,course#1165 评论 3：讲师讲解很细，适合零基础。,2,normal,2026-02-01T10:48:13.285Z,
course,1165,4,course#1165 评论 4：讲师讲解很细，适合零基础。,3,normal,2026-01-26T10:48:13.285Z,
course,1165,5,course#1165 评论 5：案例很贴近实际，学完能直接上手。,7,normal,2026-01-30T10:48:13.285Z,
course,1165,6,course#1165 评论 6：希望后续更新更多进阶内容。,7,normal,2026-01-27T10:48:13.285Z,
course,1166,1,course#1166 评论 1：这节课讲得很清楚，重点很明确。,0,normal,2026-01-26T10:48:13.285Z,
course,1166,2,course#1166 评论 2：这节课讲得很清楚，重点很明确。,6,normal,2026-01-27T10:48:13.285Z,
course,1166,3,course#1166 评论 3：讲师讲解很细，适合零基础。,3,normal,2026-01-30T10:48:13.285Z,
course,1166,4,course#1166 评论 4：如果能加配套资料就更好了。,4,normal,2026-01-28T10:48:13.285Z,
course,1166,5,course#1166 评论 5：案例很贴近实际，学完能直接上手。,6,normal,2026-01-31T10:48:13.285Z,
course,1166,6,course#1166 评论 6：节奏刚好，建议再补充一点练习题。,3,normal,2026-01-27T10:48:13.285Z,
course,1167,1,course#1167 评论 1：节奏刚好，建议再补充一点练习题。,6,normal,2026-02-01T10:48:13.285Z,
course,1167,2,course#1167 评论 2：这节课讲得很清楚，重点很明确。,0,normal,2026-01-23T10:48:13.285Z,
course,1167,3,course#1167 评论 3：课程结构清晰，学习路线明了。,4,normal,2026-02-04T10:48:13.285Z,
course,1167,4,course#1167 评论 4：内容有深度但不晦涩，体验很好。,7,normal,2026-01-28T10:48:13.285Z,
course,1167,5,course#1167 评论 5：实例讲解很实用，收藏了。,7,normal,2026-01-29T10:48:13.285Z,
course,1167,6,course#1167 评论 6：重点知识点总结得不错，复习方便。,7,normal,2026-02-02T10:48:13.285Z,
course,1168,1,course#1168 评论 1：内容有深度但不晦涩，体验很好。,7,normal,2026-01-31T10:48:13.285Z,
course,1168,2,course#1168 评论 2：希望后续更新更多进阶内容。,6,normal,2026-01-25T10:48:13.285Z,
course,1168,3,course#1168 评论 3：节奏刚好，建议再补充一点练习题。,5,normal,2026-01-31T10:48:13.285Z,
course,1168,4,course#1168 评论 4：节奏刚好，建议再补充一点练习题。,3,normal,2026-01-25T10:48:13.285Z,
course,1168,5,course#1168 评论 5：课程结构清晰，学习路线明了。,1,normal,2026-01-24T10:48:13.285Z,
course,1168,6,course#1168 评论 6：内容有深度但不晦涩，体验很好。,0,normal,2026-01-22T10:48:13.285Z,
course,1169,1,course#1169 评论 1：课程结构清晰，学习路线明了。,1,normal,2026-01-26T10:48:13.285Z,
course,1169,2,course#1169 评论 2：讲师讲解很细，适合零基础。,3,normal,2026-02-04T10:48:13.285Z,
course,1169,3,course#1169 评论 3：这节课讲得很清楚，重点很明确。,2,normal,2026-01-23T10:48:13.285Z,
course,1169,4,course#1169 评论 4：案例很贴近实际，学完能直接上手。,7,normal,2026-01-22T10:48:13.285Z,
course,1169,5,course#1169 评论 5：如果能加配套资料就更好了。,1,normal,2026-02-02T10:48:13.285Z,
course,1169,6,course#1169 评论 6：如果能加配套资料就更好了。,0,normal,2026-01-31T10:48:13.285Z,
course,1170,1,course#1170 评论 1：希望后续更新更多进阶内容。,3,normal,2026-01-27T10:48:13.285Z,
course,1170,2,course#1170 评论 2：希望后续更新更多进阶内容。,0,normal,2026-01-31T10:48:13.285Z,
course,1170,3,course#1170 评论 3：实例讲解很实用，收藏了。,3,normal,2026-01-23T10:48:13.285Z,
course,1170,4,course#1170 评论 4：实例讲解很实用，收藏了。,6,normal,2026-02-03T10:48:13.285Z,
course,1170,5,course#1170 评论 5：如果能加配套资料就更好了。,4,normal,2026-01-29T10:48:13.285Z,
course,1170,6,course#1170 评论 6：这节课讲得很清楚，重点很明确。,5,normal,2026-01-22T10:48:13.285Z,
course,1171,1,course#1171 评论 1：讲师讲解很细，适合零基础。,2,normal,2026-01-31T10:48:13.285Z,
course,1171,2,course#1171 评论 2：节奏刚好，建议再补充一点练习题。,3,normal,2026-01-23T10:48:13.285Z,
course,1171,3,course#1171 评论 3：如果能加配套资料就更好了。,0,normal,2026-01-25T10:48:13.285Z,
course,1171,4,course#1171 评论 4：重点知识点总结得不错，复习方便。,1,normal,2026-01-26T10:48:13.285Z,
course,1171,5,course#1171 评论 5：案例很贴近实际，学完能直接上手。,6,normal,2026-01-27T10:48:13.285Z,
course,1171,6,course#1171 评论 6：这节课讲得很清楚，重点很明确。,6,normal,2026-01-25T10:48:13.285Z,
course,1172,1,course#1172 评论 1：实例讲解很实用，收藏了。,3,normal,2026-01-25T10:48:13.285Z,
course,1172,2,course#1172 评论 2：讲师讲解很细，适合零基础。,5,normal,2026-01-30T10:48:13.285Z,
course,1172,3,course#1172 评论 3：实例讲解很实用，收藏了。,5,normal,2026-02-03T10:48:13.285Z,
course,1172,4,course#1172 评论 4：讲师讲解很细，适合零基础。,0,normal,2026-02-03T10:48:13.285Z,
course,1172,5,course#1172 评论 5：重点知识点总结得不错，复习方便。,1,normal,2026-01-26T10:48:13.285Z,
course,1172,6,course#1172 评论 6：重点知识点总结得不错，复习方便。,3,normal,2026-01-27T10:48:13.285Z,
course,1173,1,course#1173 评论 1：重点知识点总结得不错，复习方便。,0,normal,2026-01-31T10:48:13.285Z,
course,1173,2,course#1173 评论 2：重点知识点总结得不错，复习方便。,4,normal,2026-01-31T10:48:13.285Z,
course,1173,3,course#1173 评论 3：课程结构清晰，学习路线明了。,5,normal,2026-01-23T10:48:13.285Z,
course,1173,4,course#1173 评论 4：实例讲解很实用，收藏了。,0,normal,2026-01-24T10:48:13.285Z,
course,1173,5,course#1173 评论 5：如果能加配套资料就更好了。,2,normal,2026-01-23T10:48:13.285Z,
course,1173,6,course#1173 评论 6：如果能加配套资料就更好了。,3,normal,2026-02-04T10:48:13.285Z,
course,1174,1,course#1174 评论 1：讲师讲解很细，适合零基础。,5,normal,2026-01-26T10:48:13.285Z,
course,1174,2,course#1174 评论 2：讲师讲解很细，适合零基础。,6,normal,2026-01-27T10:48:13.285Z,
course,1174,3,course#1174 评论 3：这节课讲得很清楚，重点很明确。,5,normal,2026-01-25T10:48:13.285Z,
course,1174,4,course#1174 评论 4：节奏刚好，建议再补充一点练习题。,7,normal,2026-01-29T10:48:13.285Z,
course,1174,5,course#1174 评论 5：这节课讲得很清楚，重点很明确。,0,normal,2026-01-23T10:48:13.285Z,
course,1174,6,course#1174 评论 6：如果能加配套资料就更好了。,5,normal,2026-01-27T10:48:13.285Z,
course,1175,1,course#1175 评论 1：节奏刚好，建议再补充一点练习题。,6,normal,2026-01-28T10:48:13.285Z,
course,1175,2,course#1175 评论 2：内容有深度但不晦涩，体验很好。,0,normal,2026-02-04T10:48:13.285Z,
course,1175,3,course#1175 评论 3：重点知识点总结得不错，复习方便。,4,normal,2026-02-02T10:48:13.285Z,
course,1175,4,course#1175 评论 4：如果能加配套资料就更好了。,5,normal,2026-01-22T10:48:13.285Z,
course,1175,5,course#1175 评论 5：课程结构清晰，学习路线明了。,5,normal,2026-02-02T10:48:13.285Z,
course,1175,6,course#1175 评论 6：课程结构清晰，学习路线明了。,7,normal,2026-01-29T10:48:13.285Z,
course,1176,1,course#1176 评论 1：这节课讲得很清楚，重点很明确。,2,normal,2026-01-28T10:48:13.285Z,
course,1176,2,course#1176 评论 2：这节课讲得很清楚，重点很明确。,6,normal,2026-02-02T10:48:13.285Z,
course,1176,3,course#1176 评论 3：内容有深度但不晦涩，体验很好。,0,normal,2026-02-03T10:48:13.285Z,
course,1176,4,course#1176 评论 4：实例讲解很实用，收藏了。,3,normal,2026-02-02T10:48:13.285Z,
course,1176,5,course#1176 评论 5：希望后续更新更多进阶内容。,1,normal,2026-01-22T10:48:13.285Z,
course,1176,6,course#1176 评论 6：希望后续更新更多进阶内容。,3,normal,2026-02-03T10:48:13.285Z,
course,1177,1,course#1177 评论 1：希望后续更新更多进阶内容。,2,normal,2026-02-03T10:48:13.285Z,
course,1177,2,course#1177 评论 2：如果能加配套资料就更好了。,2,normal,2026-01-24T10:48:13.285Z,
course,1177,3,course#1177 评论 3：这节课讲得很清楚，重点很明确。,5,normal,2026-01-24T10:48:13.285Z,
course,1177,4,course#1177 评论 4：讲师讲解很细，适合零基础。,0,normal,2026-01-22T10:48:13.285Z,
course,1177,5,course#1177 评论 5：案例很贴近实际，学完能直接上手。,6,normal,2026-01-30T10:48:13.285Z,
course,1177,6,course#1177 评论 6：重点知识点总结得不错，复习方便。,4,normal,2026-01-26T10:48:13.285Z,
course,1178,1,course#1178 评论 1：案例很贴近实际，学完能直接上手。,5,normal,2026-01-30T10:48:13.285Z,
course,1178,2,course#1178 评论 2：如果能加配套资料就更好了。,0,normal,2026-02-01T10:48:13.285Z,
course,1178,3,course#1178 评论 3：重点知识点总结得不错，复习方便。,6,normal,2026-02-03T10:48:13.285Z,
course,1178,4,course#1178 评论 4：重点知识点总结得不错，复习方便。,6,normal,2026-01-31T10:48:13.285Z,
course,1178,5,course#1178 评论 5：节奏刚好，建议再补充一点练习题。,4,normal,2026-02-04T10:48:13.285Z,
course,1178,6,course#1178 评论 6：这节课讲得很清楚，重点很明确。,5,normal,2026-02-01T10:48:13.285Z,
course,1179,1,course#1179 评论 1：讲师讲解很细，适合零基础。,0,normal,2026-02-04T10:48:13.285Z,
course,1179,2,course#1179 评论 2：重点知识点总结得不错，复习方便。,5,normal,2026-02-02T10:48:13.285Z,
course,1179,3,course#1179 评论 3：案例很贴近实际，学完能直接上手。,2,normal,2026-02-01T10:48:13.285Z,
course,1179,4,course#1179 评论 4：重点知识点总结得不错，复习方便。,2,normal,2026-01-29T10:48:13.285Z,
course,1179,5,course#1179 评论 5：讲师讲解很细，适合零基础。,1,normal,2026-02-01T10:48:13.285Z,
course,1179,6,course#1179 评论 6：这节课讲得很清楚，重点很明确。,5,normal,2026-01-31T10:48:13.285Z,
course,1180,1,course#1180 评论 1：希望后续更新更多进阶内容。,5,normal,2026-02-01T10:48:13.285Z,
course,1180,2,course#1180 评论 2：重点知识点总结得不错，复习方便。,1,normal,2026-02-04T10:48:13.285Z,
course,1180,3,course#1180 评论 3：内容有深度但不晦涩，体验很好。,2,normal,2026-01-29T10:48:13.285Z,
course,1180,4,course#1180 评论 4：案例很贴近实际，学完能直接上手。,0,normal,2026-01-22T10:48:13.285Z,
course,1180,5,course#1180 评论 5：希望后续更新更多进阶内容。,3,normal,2026-02-04T10:48:13.285Z,
course,1180,6,course#1180 评论 6：内容有深度但不晦涩，体验很好。,7,normal,2026-01-23T10:48:13.285Z,
course,1181,1,course#1181 评论 1：如果能加配套资料就更好了。,1,normal,2026-01-26T10:48:13.285Z,
course,1181,2,course#1181 评论 2：如果能加配套资料就更好了。,2,normal,2026-01-28T10:48:13.285Z,
course,1181,3,course#1181 评论 3：希望后续更新更多进阶内容。,1,normal,2026-02-04T10:48:13.285Z,
course,1181,4,course#1181 评论 4：内容有深度但不晦涩，体验很好。,6,normal,2026-02-03T10:48:13.285Z,
course,1181,5,course#1181 评论 5：希望后续更新更多进阶内容。,5,normal,2026-01-25T10:48:13.285Z,
course,1181,6,course#1181 评论 6：内容有深度但不晦涩，体验很好。,4,normal,2026-01-25T10:48:13.285Z,
course,1182,1,course#1182 评论 1：实例讲解很实用，收藏了。,3,normal,2026-02-03T10:48:13.285Z,
course,1182,2,course#1182 评论 2：如果能加配套资料就更好了。,7,normal,2026-01-31T10:48:13.285Z,
course,1182,3,course#1182 评论 3：课程结构清晰，学习路线明了。,0,normal,2026-01-23T10:48:13.285Z,
course,1182,4,course#1182 评论 4：如果能加配套资料就更好了。,2,normal,2026-01-31T10:48:13.285Z,
course,1182,5,course#1182 评论 5：案例很贴近实际，学完能直接上手。,3,normal,2026-01-25T10:48:13.285Z,
course,1182,6,course#1182 评论 6：节奏刚好，建议再补充一点练习题。,1,normal,2026-01-31T10:48:13.285Z,
course,1183,1,course#1183 评论 1：重点知识点总结得不错，复习方便。,5,normal,2026-02-01T10:48:13.285Z,
course,1183,2,course#1183 评论 2：实例讲解很实用，收藏了。,1,normal,2026-01-31T10:48:13.285Z,
course,1183,3,course#1183 评论 3：如果能加配套资料就更好了。,7,normal,2026-01-25T10:48:13.285Z,
course,1183,4,course#1183 评论 4：实例讲解很实用，收藏了。,7,normal,2026-01-25T10:48:13.285Z,
course,1183,5,course#1183 评论 5：这节课讲得很清楚，重点很明确。,2,normal,2026-01-28T10:48:13.285Z,
course,1183,6,course#1183 评论 6：课程结构清晰，学习路线明了。,5,normal,2026-01-30T10:48:13.285Z,
course,1184,1,course#1184 评论 1：这节课讲得很清楚，重点很明确。,6,normal,2026-01-25T10:48:13.285Z,
course,1184,2,course#1184 评论 2：希望后续更新更多进阶内容。,2,normal,2026-01-24T10:48:13.285Z,
course,1184,3,course#1184 评论 3：实例讲解很实用，收藏了。,7,normal,2026-01-25T10:48:13.285Z,
course,1184,4,course#1184 评论 4：这节课讲得很清楚，重点很明确。,5,normal,2026-01-30T10:48:13.285Z,
course,1184,5,course#1184 评论 5：案例很贴近实际，学完能直接上手。,0,normal,2026-02-03T10:48:13.285Z,
course,1184,6,course#1184 评论 6：节奏刚好，建议再补充一点练习题。,6,normal,2026-01-30T10:48:13.285Z,
course,1185,1,course#1185 评论 1：如果能加配套资料就更好了。,1,normal,2026-01-31T10:48:13.285Z,
course,1185,2,course#1185 评论 2：重点知识点总结得不错，复习方便。,3,normal,2026-01-27T10:48:13.285Z,
course,1185,3,course#1185 评论 3：这节课讲得很清楚，重点很明确。,1,normal,2026-01-22T10:48:13.285Z,
course,1185,4,course#1185 评论 4：节奏刚好，建议再补充一点练习题。,5,normal,2026-02-03T10:48:13.285Z,
course,1185,5,course#1185 评论 5：节奏刚好，建议再补充一点练习题。,2,normal,2026-02-04T10:48:13.285Z,
course,1185,6,course#1185 评论 6：希望后续更新更多进阶内容。,0,normal,2026-01-24T10:48:13.285Z,
course,1186,1,course#1186 评论 1：节奏刚好，建议再补充一点练习题。,4,normal,2026-02-02T10:48:13.285Z,
course,1186,2,course#1186 评论 2：重点知识点总结得不错，复习方便。,4,normal,2026-01-29T10:48:13.285Z,
course,1186,3,course#1186 评论 3：课程结构清晰，学习路线明了。,2,normal,2026-02-04T10:48:13.285Z,
course,1186,4,course#1186 评论 4：如果能加配套资料就更好了。,7,normal,2026-01-31T10:48:13.285Z,
course,1186,5,course#1186 评论 5：内容有深度但不晦涩，体验很好。,0,normal,2026-02-01T10:48:13.285Z,
course,1186,6,course#1186 评论 6：这节课讲得很清楚，重点很明确。,3,normal,2026-01-25T10:48:13.285Z,
course,1187,1,course#1187 评论 1：课程结构清晰，学习路线明了。,7,normal,2026-02-03T10:48:13.285Z,
course,1187,2,course#1187 评论 2：内容有深度但不晦涩，体验很好。,0,normal,2026-01-29T10:48:13.285Z,
course,1187,3,course#1187 评论 3：这节课讲得很清楚，重点很明确。,3,normal,2026-02-03T10:48:13.285Z,
course,1187,4,course#1187 评论 4：课程结构清晰，学习路线明了。,0,normal,2026-01-22T10:48:13.285Z,
course,1187,5,course#1187 评论 5：课程结构清晰，学习路线明了。,5,normal,2026-01-28T10:48:13.285Z,
course,1187,6,course#1187 评论 6：节奏刚好，建议再补充一点练习题。,1,normal,2026-01-29T10:48:13.285Z,
course,1188,1,course#1188 评论 1：案例很贴近实际，学完能直接上手。,2,normal,2026-01-27T10:48:13.285Z,
course,1188,2,course#1188 评论 2：节奏刚好，建议再补充一点练习题。,2,normal,2026-01-31T10:48:13.285Z,
course,1188,3,course#1188 评论 3：重点知识点总结得不错，复习方便。,1,normal,2026-02-04T10:48:13.285Z,
course,1188,4,course#1188 评论 4：节奏刚好，建议再补充一点练习题。,6,normal,2026-01-31T10:48:13.285Z,
course,1188,5,course#1188 评论 5：实例讲解很实用，收藏了。,4,normal,2026-01-29T10:48:13.285Z,
course,1188,6,course#1188 评论 6：如果能加配套资料就更好了。,1,normal,2026-01-23T10:48:13.285Z,
course,1189,1,course#1189 评论 1：如果能加配套资料就更好了。,4,normal,2026-02-02T10:48:13.285Z,
course,1189,2,course#1189 评论 2：节奏刚好，建议再补充一点练习题。,2,normal,2026-02-02T10:48:13.285Z,
course,1189,3,course#1189 评论 3：实例讲解很实用，收藏了。,1,normal,2026-02-04T10:48:13.285Z,
course,1189,4,course#1189 评论 4：如果能加配套资料就更好了。,3,normal,2026-01-26T10:48:13.285Z,
course,1189,5,course#1189 评论 5：如果能加配套资料就更好了。,4,normal,2026-01-31T10:48:13.285Z,
course,1189,6,course#1189 评论 6：案例很贴近实际，学完能直接上手。,0,normal,2026-01-28T10:48:13.285Z,
course,1190,1,course#1190 评论 1：内容有深度但不晦涩，体验很好。,2,normal,2026-01-26T10:48:13.285Z,
course,1190,2,course#1190 评论 2：实例讲解很实用，收藏了。,3,normal,2026-01-28T10:48:13.285Z,
course,1190,3,course#1190 评论 3：实例讲解很实用，收藏了。,5,normal,2026-02-03T10:48:13.285Z,
course,1190,4,course#1190 评论 4：希望后续更新更多进阶内容。,3,normal,2026-01-28T10:48:13.285Z,
course,1190,5,course#1190 评论 5：节奏刚好，建议再补充一点练习题。,0,normal,2026-01-30T10:48:13.285Z,
course,1190,6,course#1190 评论 6：重点知识点总结得不错，复习方便。,0,normal,2026-01-30T10:48:13.285Z,
course,1191,1,course#1191 评论 1：讲师讲解很细，适合零基础。,3,normal,2026-01-25T10:48:13.285Z,
course,1191,2,course#1191 评论 2：这节课讲得很清楚，重点很明确。,0,normal,2026-01-22T10:48:13.285Z,
course,1191,3,course#1191 评论 3：重点知识点总结得不错，复习方便。,0,normal,2026-02-03T10:48:13.285Z,
course,1191,4,course#1191 评论 4：希望后续更新更多进阶内容。,1,normal,2026-02-03T10:48:13.285Z,
course,1191,5,course#1191 评论 5：如果能加配套资料就更好了。,7,normal,2026-02-04T10:48:13.285Z,
course,1191,6,course#1191 评论 6：节奏刚好，建议再补充一点练习题。,5,normal,2026-01-26T10:48:13.285Z,
course,1192,1,course#1192 评论 1：实例讲解很实用，收藏了。,0,normal,2026-02-04T10:48:13.286Z,
course,1192,2,course#1192 评论 2：如果能加配套资料就更好了。,6,normal,2026-01-27T10:48:13.286Z,
course,1192,3,course#1192 评论 3：节奏刚好，建议再补充一点练习题。,7,normal,2026-01-30T10:48:13.286Z,
course,1192,4,course#1192 评论 4：讲师讲解很细，适合零基础。,6,normal,2026-01-24T10:48:13.286Z,
course,1192,5,course#1192 评论 5：这节课讲得很清楚，重点很明确。,2,normal,2026-01-28T10:48:13.286Z,
course,1192,6,course#1192 评论 6：内容有深度但不晦涩，体验很好。,0,normal,2026-01-28T10:48:13.286Z,
course,1193,1,course#1193 评论 1：希望后续更新更多进阶内容。,0,normal,2026-01-28T10:48:13.286Z,
course,1193,2,course#1193 评论 2：课程结构清晰，学习路线明了。,6,normal,2026-01-31T10:48:13.286Z,
course,1193,3,course#1193 评论 3：讲师讲解很细，适合零基础。,5,normal,2026-01-23T10:48:13.286Z,
course,1193,4,course#1193 评论 4：希望后续更新更多进阶内容。,3,normal,2026-01-31T10:48:13.286Z,
course,1193,5,course#1193 评论 5：这节课讲得很清楚，重点很明确。,6,normal,2026-01-24T10:48:13.286Z,
course,1193,6,course#1193 评论 6：重点知识点总结得不错，复习方便。,4,normal,2026-01-23T10:48:13.286Z,
course,1194,1,course#1194 评论 1：内容有深度但不晦涩，体验很好。,5,normal,2026-02-04T10:48:13.286Z,
course,1194,2,course#1194 评论 2：这节课讲得很清楚，重点很明确。,2,normal,2026-01-26T10:48:13.286Z,
course,1194,3,course#1194 评论 3：实例讲解很实用，收藏了。,2,normal,2026-02-03T10:48:13.286Z,
course,1194,4,course#1194 评论 4：希望后续更新更多进阶内容。,4,normal,2026-01-28T10:48:13.286Z,
course,1194,5,course#1194 评论 5：案例很贴近实际，学完能直接上手。,6,normal,2026-01-28T10:48:13.286Z,
course,1194,6,course#1194 评论 6：这节课讲得很清楚，重点很明确。,6,normal,2026-02-04T10:48:13.286Z,
course,1195,1,course#1195 评论 1：希望后续更新更多进阶内容。,6,normal,2026-02-03T10:48:13.286Z,
course,1195,2,course#1195 评论 2：内容有深度但不晦涩，体验很好。,0,normal,2026-01-27T10:48:13.286Z,
course,1195,3,course#1195 评论 3：节奏刚好，建议再补充一点练习题。,5,normal,2026-01-25T10:48:13.286Z,
course,1195,4,course#1195 评论 4：这节课讲得很清楚，重点很明确。,2,normal,2026-02-02T10:48:13.286Z,
course,1195,5,course#1195 评论 5：案例很贴近实际，学完能直接上手。,6,normal,2026-02-03T10:48:13.286Z,
course,1195,6,course#1195 评论 6：内容有深度但不晦涩，体验很好。,5,normal,2026-02-01T10:48:13.286Z,
course,1196,1,course#1196 评论 1：如果能加配套资料就更好了。,6,normal,2026-02-04T10:48:13.286Z,
course,1196,2,course#1196 评论 2：案例很贴近实际，学完能直接上手。,2,normal,2026-01-31T10:48:13.286Z,
course,1196,3,course#1196 评论 3：讲师讲解很细，适合零基础。,6,normal,2026-01-31T10:48:13.286Z,
course,1196,4,course#1196 评论 4：如果能加配套资料就更好了。,4,normal,2026-01-22T10:48:13.286Z,
course,1196,5,course#1196 评论 5：这节课讲得很清楚，重点很明确。,1,normal,2026-01-28T10:48:13.286Z,
course,1196,6,course#1196 评论 6：实例讲解很实用，收藏了。,3,normal,2026-01-29T10:48:13.286Z,
course,1197,1,course#1197 评论 1：如果能加配套资料就更好了。,6,normal,2026-01-30T10:48:13.286Z,
course,1197,2,course#1197 评论 2：如果能加配套资料就更好了。,6,normal,2026-01-28T10:48:13.286Z,
course,1197,3,course#1197 评论 3：重点知识点总结得不错，复习方便。,0,normal,2026-01-29T10:48:13.286Z,
course,1197,4,course#1197 评论 4：内容有深度但不晦涩，体验很好。,1,normal,2026-01-30T10:48:13.286Z,
course,1197,5,course#1197 评论 5：案例很贴近实际，学完能直接上手。,3,normal,2026-01-24T10:48:13.286Z,
course,1197,6,course#1197 评论 6：案例很贴近实际，学完能直接上手。,2,normal,2026-01-24T10:48:13.286Z,
course,1198,1,course#1198 评论 1：课程结构清晰，学习路线明了。,7,normal,2026-01-31T10:48:13.286Z,
course,1198,2,course#1198 评论 2：重点知识点总结得不错，复习方便。,2,normal,2026-02-03T10:48:13.286Z,
course,1198,3,course#1198 评论 3：讲师讲解很细，适合零基础。,0,normal,2026-01-30T10:48:13.286Z,
course,1198,4,course#1198 评论 4：讲师讲解很细，适合零基础。,5,normal,2026-01-29T10:48:13.286Z,
course,1198,5,course#1198 评论 5：实例讲解很实用，收藏了。,7,normal,2026-01-26T10:48:13.286Z,
course,1198,6,course#1198 评论 6：重点知识点总结得不错，复习方便。,4,normal,2026-01-28T10:48:13.286Z,
course,1199,1,course#1199 评论 1：实例讲解很实用，收藏了。,5,normal,2026-01-24T10:48:13.286Z,
course,1199,2,course#1199 评论 2：内容有深度但不晦涩，体验很好。,4,normal,2026-01-28T10:48:13.286Z,
course,1199,3,course#1199 评论 3：希望后续更新更多进阶内容。,6,normal,2026-01-31T10:48:13.286Z,
course,1199,4,course#1199 评论 4：课程结构清晰，学习路线明了。,0,normal,2026-02-04T10:48:13.286Z,
course,1199,5,course#1199 评论 5：如果能加配套资料就更好了。,0,normal,2026-01-25T10:48:13.286Z,
course,1199,6,course#1199 评论 6：如果能加配套资料就更好了。,5,normal,2026-01-27T10:48:13.286Z,
course,1200,1,course#1200 评论 1：希望后续更新更多进阶内容。,2,normal,2026-02-01T10:48:13.286Z,
course,1200,2,course#1200 评论 2：课程结构清晰，学习路线明了。,2,normal,2026-01-28T10:48:13.286Z,
course,1200,3,course#1200 评论 3：重点知识点总结得不错，复习方便。,7,normal,2026-01-22T10:48:13.286Z,
course,1200,4,course#1200 评论 4：讲师讲解很细，适合零基础。,2,normal,2026-02-01T10:48:13.286Z,
course,1200,5,course#1200 评论 5：如果能加配套资料就更好了。,5,normal,2026-01-28T10:48:13.286Z,
course,1200,6,course#1200 评论 6：节奏刚好，建议再补充一点练习题。,0,normal,2026-02-04T10:48:13.286Z,
course,1201,1,course#1201 评论 1：案例很贴近实际，学完能直接上手。,5,normal,2026-01-26T10:48:13.286Z,
course,1201,2,course#1201 评论 2：课程结构清晰，学习路线明了。,1,normal,2026-01-24T10:48:13.286Z,
course,1201,3,course#1201 评论 3：希望后续更新更多进阶内容。,7,normal,2026-01-26T10:48:13.286Z,
course,1201,4,course#1201 评论 4：实例讲解很实用，收藏了。,7,normal,2026-01-25T10:48:13.286Z,
course,1201,5,course#1201 评论 5：这节课讲得很清楚，重点很明确。,0,normal,2026-01-31T10:48:13.286Z,
course,1201,6,course#1201 评论 6：这节课讲得很清楚，重点很明确。,0,normal,2026-02-04T10:48:13.286Z,
course,1202,1,course#1202 评论 1：课程结构清晰，学习路线明了。,1,normal,2026-02-02T10:48:13.286Z,
course,1202,2,course#1202 评论 2：内容有深度但不晦涩，体验很好。,1,normal,2026-01-24T10:48:13.286Z,
course,1202,3,course#1202 评论 3：实例讲解很实用，收藏了。,7,normal,2026-02-01T10:48:13.286Z,
course,1202,4,course#1202 评论 4：实例讲解很实用，收藏了。,1,normal,2026-02-03T10:48:13.286Z,
course,1202,5,course#1202 评论 5：讲师讲解很细，适合零基础。,4,normal,2026-01-24T10:48:13.286Z,
course,1202,6,course#1202 评论 6：讲师讲解很细，适合零基础。,4,normal,2026-01-30T10:48:13.286Z,
course,1203,1,course#1203 评论 1：节奏刚好，建议再补充一点练习题。,5,normal,2026-01-23T10:48:13.286Z,
course,1203,2,course#1203 评论 2：重点知识点总结得不错，复习方便。,4,normal,2026-02-02T10:48:13.286Z,
course,1203,3,course#1203 评论 3：节奏刚好，建议再补充一点练习题。,0,normal,2026-01-27T10:48:13.286Z,
course,1203,4,course#1203 评论 4：希望后续更新更多进阶内容。,3,normal,2026-01-22T10:48:13.286Z,
course,1203,5,course#1203 评论 5：实例讲解很实用，收藏了。,7,normal,2026-01-26T10:48:13.286Z,
course,1203,6,course#1203 评论 6：这节课讲得很清楚，重点很明确。,5,normal,2026-02-03T10:48:13.286Z,
course,1204,1,course#1204 评论 1：节奏刚好，建议再补充一点练习题。,5,normal,2026-01-25T10:48:13.286Z,
course,1204,2,course#1204 评论 2：如果能加配套资料就更好了。,0,normal,2026-01-22T10:48:13.286Z,
course,1204,3,course#1204 评论 3：重点知识点总结得不错，复习方便。,0,normal,2026-01-25T10:48:13.286Z,
course,1204,4,course#1204 评论 4：内容有深度但不晦涩，体验很好。,3,normal,2026-01-23T10:48:13.286Z,
course,1204,5,course#1204 评论 5：希望后续更新更多进阶内容。,5,normal,2026-01-25T10:48:13.286Z,
course,1204,6,course#1204 评论 6：如果能加配套资料就更好了。,7,normal,2026-01-29T10:48:13.286Z,
course,1205,1,course#1205 评论 1：重点知识点总结得不错，复习方便。,0,normal,2026-01-26T10:48:13.286Z,
course,1205,2,course#1205 评论 2：实例讲解很实用，收藏了。,2,normal,2026-01-27T10:48:13.286Z,
course,1205,3,course#1205 评论 3：希望后续更新更多进阶内容。,6,normal,2026-01-31T10:48:13.286Z,
course,1205,4,course#1205 评论 4：内容有深度但不晦涩，体验很好。,1,normal,2026-02-03T10:48:13.286Z,
course,1205,5,course#1205 评论 5：内容有深度但不晦涩，体验很好。,3,normal,2026-01-24T10:48:13.286Z,
course,1205,6,course#1205 评论 6：内容有深度但不晦涩，体验很好。,3,normal,2026-01-27T10:48:13.286Z,
course,1206,1,course#1206 评论 1：内容有深度但不晦涩，体验很好。,1,normal,2026-02-01T10:48:13.286Z,
course,1206,2,course#1206 评论 2：实例讲解很实用，收藏了。,2,normal,2026-02-01T10:48:13.286Z,
course,1206,3,course#1206 评论 3：实例讲解很实用，收藏了。,3,normal,2026-01-31T10:48:13.286Z,
course,1206,4,course#1206 评论 4：案例很贴近实际，学完能直接上手。,7,normal,2026-01-23T10:48:13.286Z,
course,1206,5,course#1206 评论 5：希望后续更新更多进阶内容。,4,normal,2026-02-04T10:48:13.286Z,
course,1206,6,course#1206 评论 6：这节课讲得很清楚，重点很明确。,1,normal,2026-02-03T10:48:13.286Z,
course,1207,1,course#1207 评论 1：希望后续更新更多进阶内容。,0,normal,2026-02-02T10:48:13.286Z,
course,1207,2,course#1207 评论 2：课程结构清晰，学习路线明了。,1,normal,2026-01-30T10:48:13.286Z,
course,1207,3,course#1207 评论 3：如果能加配套资料就更好了。,2,normal,2026-01-29T10:48:13.286Z,
course,1207,4,course#1207 评论 4：案例很贴近实际，学完能直接上手。,7,normal,2026-01-23T10:48:13.286Z,
course,1207,5,course#1207 评论 5：内容有深度但不晦涩，体验很好。,7,normal,2026-02-03T10:48:13.286Z,
course,1207,6,course#1207 评论 6：讲师讲解很细，适合零基础。,3,normal,2026-01-24T10:48:13.286Z,
course,1208,1,course#1208 评论 1：节奏刚好，建议再补充一点练习题。,7,normal,2026-01-25T10:48:13.286Z,
course,1208,2,course#1208 评论 2：如果能加配套资料就更好了。,5,normal,2026-01-27T10:48:13.286Z,
course,1208,3,course#1208 评论 3：案例很贴近实际，学完能直接上手。,5,normal,2026-01-28T10:48:13.286Z,
course,1208,4,course#1208 评论 4：重点知识点总结得不错，复习方便。,0,normal,2026-01-23T10:48:13.286Z,
course,1208,5,course#1208 评论 5：讲师讲解很细，适合零基础。,2,normal,2026-02-01T10:48:13.286Z,
course,1208,6,course#1208 评论 6：节奏刚好，建议再补充一点练习题。,7,normal,2026-01-28T10:48:13.286Z,
course,1209,1,course#1209 评论 1：希望后续更新更多进阶内容。,7,normal,2026-01-29T10:48:13.286Z,
course,1209,2,course#1209 评论 2：希望后续更新更多进阶内容。,6,normal,2026-01-27T10:48:13.286Z,
course,1209,3,course#1209 评论 3：内容有深度但不晦涩，体验很好。,0,normal,2026-01-22T10:48:13.286Z,
course,1209,4,course#1209 评论 4：讲师讲解很细，适合零基础。,7,normal,2026-01-25T10:48:13.286Z,
course,1209,5,course#1209 评论 5：实例讲解很实用，收藏了。,0,normal,2026-01-26T10:48:13.286Z,
course,1209,6,course#1209 评论 6：如果能加配套资料就更好了。,0,normal,2026-01-29T10:48:13.286Z,
course,1210,1,course#1210 评论 1：如果能加配套资料就更好了。,5,normal,2026-01-26T10:48:13.286Z,
course,1210,2,course#1210 评论 2：这节课讲得很清楚，重点很明确。,3,normal,2026-01-26T10:48:13.286Z,
course,1210,3,course#1210 评论 3：实例讲解很实用，收藏了。,5,normal,2026-01-31T10:48:13.286Z,
course,1210,4,course#1210 评论 4：实例讲解很实用，收藏了。,4,normal,2026-01-25T10:48:13.286Z,
course,1210,5,course#1210 评论 5：课程结构清晰，学习路线明了。,3,normal,2026-02-01T10:48:13.286Z,
course,1210,6,course#1210 评论 6：课程结构清晰，学习路线明了。,0,normal,2026-02-01T10:48:13.286Z,
course,1211,1,course#1211 评论 1：课程结构清晰，学习路线明了。,3,normal,2026-01-30T10:48:13.286Z,
course,1211,2,course#1211 评论 2：重点知识点总结得不错，复习方便。,6,normal,2026-01-25T10:48:13.286Z,
course,1211,3,course#1211 评论 3：案例很贴近实际，学完能直接上手。,2,normal,2026-01-30T10:48:13.286Z,
course,1211,4,course#1211 评论 4：这节课讲得很清楚，重点很明确。,1,normal,2026-01-22T10:48:13.286Z,
course,1211,5,course#1211 评论 5：希望后续更新更多进阶内容。,5,normal,2026-01-27T10:48:13.286Z,
course,1211,6,course#1211 评论 6：案例很贴近实际，学完能直接上手。,4,normal,2026-01-25T10:48:13.286Z,
course,1212,1,course#1212 评论 1：内容有深度但不晦涩，体验很好。,7,normal,2026-02-04T10:48:13.286Z,
course,1212,2,course#1212 评论 2：重点知识点总结得不错，复习方便。,3,normal,2026-02-02T10:48:13.286Z,
course,1212,3,course#1212 评论 3：节奏刚好，建议再补充一点练习题。,7,normal,2026-01-25T10:48:13.286Z,
course,1212,4,course#1212 评论 4：课程结构清晰，学习路线明了。,7,normal,2026-02-02T10:48:13.286Z,
course,1212,5,course#1212 评论 5：重点知识点总结得不错，复习方便。,3,normal,2026-01-26T10:48:13.286Z,
course,1212,6,course#1212 评论 6：案例很贴近实际，学完能直接上手。,6,normal,2026-02-02T10:48:13.286Z,
course,1213,1,course#1213 评论 1：课程结构清晰，学习路线明了。,3,normal,2026-02-02T10:48:13.286Z,
course,1213,2,course#1213 评论 2：这节课讲得很清楚，重点很明确。,4,normal,2026-02-04T10:48:13.286Z,
course,1213,3,course#1213 评论 3：课程结构清晰，学习路线明了。,5,normal,2026-02-02T10:48:13.286Z,
course,1213,4,course#1213 评论 4：节奏刚好，建议再补充一点练习题。,0,normal,2026-02-01T10:48:13.286Z,
course,1213,5,course#1213 评论 5：节奏刚好，建议再补充一点练习题。,3,normal,2026-01-31T10:48:13.286Z,
course,1213,6,course#1213 评论 6：重点知识点总结得不错，复习方便。,7,normal,2026-02-02T10:48:13.286Z,
course,1214,1,course#1214 评论 1：希望后续更新更多进阶内容。,6,normal,2026-01-22T10:48:13.286Z,
course,1214,2,course#1214 评论 2：课程结构清晰，学习路线明了。,6,normal,2026-01-23T10:48:13.286Z,
course,1214,3,course#1214 评论 3：案例很贴近实际，学完能直接上手。,5,normal,2026-01-30T10:48:13.286Z,
course,1214,4,course#1214 评论 4：希望后续更新更多进阶内容。,1,normal,2026-01-24T10:48:13.286Z,
course,1214,5,course#1214 评论 5：讲师讲解很细，适合零基础。,6,normal,2026-02-03T10:48:13.286Z,
course,1214,6,course#1214 评论 6：实例讲解很实用，收藏了。,5,normal,2026-01-23T10:48:13.286Z,
course,1215,1,course#1215 评论 1：节奏刚好，建议再补充一点练习题。,0,normal,2026-02-03T10:48:13.286Z,
course,1215,2,course#1215 评论 2：案例很贴近实际，学完能直接上手。,6,normal,2026-01-23T10:48:13.286Z,
course,1215,3,course#1215 评论 3：节奏刚好，建议再补充一点练习题。,1,normal,2026-01-27T10:48:13.286Z,
course,1215,4,course#1215 评论 4：课程结构清晰，学习路线明了。,5,normal,2026-01-28T10:48:13.286Z,
course,1215,5,course#1215 评论 5：内容有深度但不晦涩，体验很好。,5,normal,2026-01-30T10:48:13.286Z,
course,1215,6,course#1215 评论 6：如果能加配套资料就更好了。,7,normal,2026-01-29T10:48:13.286Z,
course,1216,1,course#1216 评论 1：课程结构清晰，学习路线明了。,3,normal,2026-01-29T10:48:13.286Z,
course,1216,2,course#1216 评论 2：如果能加配套资料就更好了。,5,normal,2026-01-23T10:48:13.286Z,
course,1216,3,course#1216 评论 3：这节课讲得很清楚，重点很明确。,5,normal,2026-01-22T10:48:13.286Z,
course,1216,4,course#1216 评论 4：希望后续更新更多进阶内容。,3,normal,2026-02-02T10:48:13.286Z,
course,1216,5,course#1216 评论 5：课程结构清晰，学习路线明了。,3,normal,2026-02-03T10:48:13.286Z,
course,1216,6,course#1216 评论 6：实例讲解很实用，收藏了。,0,normal,2026-01-23T10:48:13.286Z,
course,1217,1,course#1217 评论 1：重点知识点总结得不错，复习方便。,7,normal,2026-01-26T10:48:13.286Z,
course,1217,2,course#1217 评论 2：如果能加配套资料就更好了。,6,normal,2026-01-24T10:48:13.286Z,
course,1217,3,course#1217 评论 3：课程结构清晰，学习路线明了。,1,normal,2026-02-04T10:48:13.286Z,
course,1217,4,course#1217 评论 4：实例讲解很实用，收藏了。,0,normal,2026-01-28T10:48:13.286Z,
course,1217,5,course#1217 评论 5：案例很贴近实际，学完能直接上手。,0,normal,2026-01-26T10:48:13.286Z,
course,1217,6,course#1217 评论 6：课程结构清晰，学习路线明了。,0,normal,2026-02-03T10:48:13.286Z,
course,1218,1,course#1218 评论 1：内容有深度但不晦涩，体验很好。,0,normal,2026-02-04T10:48:13.286Z,
course,1218,2,course#1218 评论 2：案例很贴近实际，学完能直接上手。,3,normal,2026-02-02T10:48:13.286Z,
course,1218,3,course#1218 评论 3：重点知识点总结得不错，复习方便。,7,normal,2026-01-23T10:48:13.286Z,
course,1218,4,course#1218 评论 4：实例讲解很实用，收藏了。,1,normal,2026-01-22T10:48:13.286Z,
course,1218,5,course#1218 评论 5：希望后续更新更多进阶内容。,5,normal,2026-02-03T10:48:13.286Z,
course,1218,6,course#1218 评论 6：案例很贴近实际，学完能直接上手。,7,normal,2026-01-22T10:48:13.286Z,
course,1219,1,course#1219 评论 1：这节课讲得很清楚，重点很明确。,5,normal,2026-02-02T10:48:13.286Z,
course,1219,2,course#1219 评论 2：这节课讲得很清楚，重点很明确。,5,normal,2026-02-01T10:48:13.286Z,
course,1219,3,course#1219 评论 3：节奏刚好，建议再补充一点练习题。,7,normal,2026-02-02T10:48:13.286Z,
course,1219,4,course#1219 评论 4：讲师讲解很细，适合零基础。,4,normal,2026-02-01T10:48:13.286Z,
course,1219,5,course#1219 评论 5：实例讲解很实用，收藏了。,4,normal,2026-01-31T10:48:13.286Z,
course,1219,6,course#1219 评论 6：课程结构清晰，学习路线明了。,1,normal,2026-01-24T10:48:13.286Z,
course,1220,1,course#1220 评论 1：重点知识点总结得不错，复习方便。,3,normal,2026-01-26T10:48:13.286Z,
course,1220,2,course#1220 评论 2：课程结构清晰，学习路线明了。,7,normal,2026-02-01T10:48:13.286Z,
course,1220,3,course#1220 评论 3：如果能加配套资料就更好了。,1,normal,2026-01-23T10:48:13.286Z,
course,1220,4,course#1220 评论 4：这节课讲得很清楚，重点很明确。,1,normal,2026-02-03T10:48:13.286Z,
course,1220,5,course#1220 评论 5：案例很贴近实际，学完能直接上手。,6,normal,2026-01-27T10:48:13.286Z,
course,1220,6,course#1220 评论 6：案例很贴近实际，学完能直接上手。,3,normal,2026-01-29T10:48:13.286Z,
course,1221,1,course#1221 评论 1：实例讲解很实用，收藏了。,2,normal,2026-01-31T10:48:13.286Z,
course,1221,2,course#1221 评论 2：内容有深度但不晦涩，体验很好。,5,normal,2026-01-22T10:48:13.286Z,
course,1221,3,course#1221 评论 3：讲师讲解很细，适合零基础。,0,normal,2026-01-24T10:48:13.286Z,
course,1221,4,course#1221 评论 4：希望后续更新更多进阶内容。,6,normal,2026-01-24T10:48:13.286Z,
course,1221,5,course#1221 评论 5：实例讲解很实用，收藏了。,7,normal,2026-01-26T10:48:13.286Z,
course,1221,6,course#1221 评论 6：实例讲解很实用，收藏了。,5,normal,2026-01-26T10:48:13.286Z,
course,1222,1,course#1222 评论 1：实例讲解很实用，收藏了。,6,normal,2026-01-28T10:48:13.286Z,
course,1222,2,course#1222 评论 2：如果能加配套资料就更好了。,7,normal,2026-01-24T10:48:13.286Z,
course,1222,3,course#1222 评论 3：节奏刚好，建议再补充一点练习题。,0,normal,2026-01-27T10:48:13.286Z,
course,1222,4,course#1222 评论 4：节奏刚好，建议再补充一点练习题。,5,normal,2026-01-30T10:48:13.286Z,
course,1222,5,course#1222 评论 5：如果能加配套资料就更好了。,3,normal,2026-01-23T10:48:13.286Z,
course,1222,6,course#1222 评论 6：内容有深度但不晦涩，体验很好。,0,normal,2026-01-29T10:48:13.286Z,
course,1223,1,course#1223 评论 1：课程结构清晰，学习路线明了。,3,normal,2026-01-26T10:48:13.286Z,
course,1223,2,course#1223 评论 2：重点知识点总结得不错，复习方便。,3,normal,2026-02-01T10:48:13.286Z,
course,1223,3,course#1223 评论 3：重点知识点总结得不错，复习方便。,6,normal,2026-01-24T10:48:13.286Z,
course,1223,4,course#1223 评论 4：实例讲解很实用，收藏了。,7,normal,2026-02-03T10:48:13.286Z,
course,1223,5,course#1223 评论 5：课程结构清晰，学习路线明了。,2,normal,2026-01-24T10:48:13.286Z,
course,1223,6,course#1223 评论 6：讲师讲解很细，适合零基础。,3,normal,2026-02-03T10:48:13.286Z,
course,1224,1,course#1224 评论 1：案例很贴近实际，学完能直接上手。,5,normal,2026-01-27T10:48:13.286Z,
course,1224,2,course#1224 评论 2：课程结构清晰，学习路线明了。,1,normal,2026-01-26T10:48:13.286Z,
course,1224,3,course#1224 评论 3：这节课讲得很清楚，重点很明确。,6,normal,2026-02-02T10:48:13.286Z,
course,1224,4,course#1224 评论 4：实例讲解很实用，收藏了。,7,normal,2026-02-02T10:48:13.286Z,
course,1224,5,course#1224 评论 5：内容有深度但不晦涩，体验很好。,3,normal,2026-01-27T10:48:13.286Z,
course,1224,6,course#1224 评论 6：这节课讲得很清楚，重点很明确。,7,normal,2026-02-01T10:48:13.286Z,
course,1225,1,course#1225 评论 1：讲师讲解很细，适合零基础。,3,normal,2026-01-22T10:48:13.286Z,
course,1225,2,course#1225 评论 2：如果能加配套资料就更好了。,2,normal,2026-01-23T10:48:13.286Z,
course,1225,3,course#1225 评论 3：讲师讲解很细，适合零基础。,3,normal,2026-01-26T10:48:13.286Z,
course,1225,4,course#1225 评论 4：希望后续更新更多进阶内容。,4,normal,2026-01-23T10:48:13.286Z,
course,1225,5,course#1225 评论 5：希望后续更新更多进阶内容。,2,normal,2026-01-23T10:48:13.286Z,
course,1225,6,course#1225 评论 6：内容有深度但不晦涩，体验很好。,7,normal,2026-01-30T10:48:13.286Z,
course,1226,1,course#1226 评论 1：希望后续更新更多进阶内容。,0,normal,2026-01-27T10:48:13.286Z,
course,1226,2,course#1226 评论 2：讲师讲解很细，适合零基础。,4,normal,2026-01-30T10:48:13.286Z,
course,1226,3,course#1226 评论 3：重点知识点总结得不错，复习方便。,2,normal,2026-02-03T10:48:13.286Z,
course,1226,4,course#1226 评论 4：内容有深度但不晦涩，体验很好。,3,normal,2026-01-26T10:48:13.286Z,
course,1226,5,course#1226 评论 5：希望后续更新更多进阶内容。,4,normal,2026-01-31T10:48:13.286Z,
course,1226,6,course#1226 评论 6：案例很贴近实际，学完能直接上手。,0,normal,2026-01-29T10:48:13.286Z,
course,1227,1,course#1227 评论 1：实例讲解很实用，收藏了。,1,normal,2026-01-24T10:48:13.286Z,
course,1227,2,course#1227 评论 2：节奏刚好，建议再补充一点练习题。,3,normal,2026-01-27T10:48:13.286Z,
course,1227,3,course#1227 评论 3：这节课讲得很清楚，重点很明确。,4,normal,2026-01-24T10:48:13.286Z,
course,1227,4,course#1227 评论 4：课程结构清晰，学习路线明了。,0,normal,2026-01-24T10:48:13.286Z,
course,1227,5,course#1227 评论 5：课程结构清晰，学习路线明了。,2,normal,2026-02-02T10:48:13.286Z,
course,1227,6,course#1227 评论 6：课程结构清晰，学习路线明了。,5,normal,2026-02-04T10:48:13.286Z,
course,1228,1,course#1228 评论 1：案例很贴近实际，学完能直接上手。,7,normal,2026-01-29T10:48:13.286Z,
course,1228,2,course#1228 评论 2：重点知识点总结得不错，复习方便。,1,normal,2026-02-01T10:48:13.286Z,
course,1228,3,course#1228 评论 3：实例讲解很实用，收藏了。,0,normal,2026-01-25T10:48:13.286Z,
course,1228,4,course#1228 评论 4：这节课讲得很清楚，重点很明确。,2,normal,2026-01-22T10:48:13.286Z,
course,1228,5,course#1228 评论 5：案例很贴近实际，学完能直接上手。,3,normal,2026-02-04T10:48:13.286Z,
course,1228,6,course#1228 评论 6：希望后续更新更多进阶内容。,7,normal,2026-01-29T10:48:13.286Z,
course,1229,1,course#1229 评论 1：讲师讲解很细，适合零基础。,7,normal,2026-01-26T10:48:13.286Z,
course,1229,2,course#1229 评论 2：这节课讲得很清楚，重点很明确。,4,normal,2026-01-26T10:48:13.286Z,
course,1229,3,course#1229 评论 3：课程结构清晰，学习路线明了。,2,normal,2026-01-22T10:48:13.286Z,
course,1229,4,course#1229 评论 4：节奏刚好，建议再补充一点练习题。,2,normal,2026-01-27T10:48:13.286Z,
course,1229,5,course#1229 评论 5：重点知识点总结得不错，复习方便。,5,normal,2026-01-27T10:48:13.286Z,
course,1229,6,course#1229 评论 6：如果能加配套资料就更好了。,3,normal,2026-02-01T10:48:13.286Z,
course,1230,1,course#1230 评论 1：节奏刚好，建议再补充一点练习题。,5,normal,2026-01-30T10:48:13.286Z,
course,1230,2,course#1230 评论 2：案例很贴近实际，学完能直接上手。,3,normal,2026-01-26T10:48:13.286Z,
course,1230,3,course#1230 评论 3：实例讲解很实用，收藏了。,5,normal,2026-01-23T10:48:13.286Z,
course,1230,4,course#1230 评论 4：重点知识点总结得不错，复习方便。,3,normal,2026-01-25T10:48:13.286Z,
course,1230,5,course#1230 评论 5：希望后续更新更多进阶内容。,7,normal,2026-01-22T10:48:13.286Z,
course,1230,6,course#1230 评论 6：课程结构清晰，学习路线明了。,3,normal,2026-01-25T10:48:13.286Z,
course,1231,1,course#1231 评论 1：如果能加配套资料就更好了。,0,normal,2026-01-28T10:48:13.286Z,
course,1231,2,course#1231 评论 2：内容有深度但不晦涩，体验很好。,3,normal,2026-01-31T10:48:13.286Z,
course,1231,3,course#1231 评论 3：节奏刚好，建议再补充一点练习题。,0,normal,2026-01-31T10:48:13.286Z,
course,1231,4,course#1231 评论 4：课程结构清晰，学习路线明了。,2,normal,2026-02-02T10:48:13.286Z,
course,1231,5,course#1231 评论 5：课程结构清晰，学习路线明了。,4,normal,2026-01-30T10:48:13.286Z,
course,1231,6,course#1231 评论 6：内容有深度但不晦涩，体验很好。,2,normal,2026-01-30T10:48:13.286Z,
course,1232,1,course#1232 评论 1：实例讲解很实用，收藏了。,0,normal,2026-01-23T10:48:13.286Z,
course,1232,2,course#1232 评论 2：希望后续更新更多进阶内容。,6,normal,2026-01-24T10:48:13.286Z,
course,1232,3,course#1232 评论 3：实例讲解很实用，收藏了。,6,normal,2026-02-01T10:48:13.286Z,
course,1232,4,course#1232 评论 4：实例讲解很实用，收藏了。,4,normal,2026-01-29T10:48:13.286Z,
course,1232,5,course#1232 评论 5：实例讲解很实用，收藏了。,2,normal,2026-02-04T10:48:13.286Z,
course,1232,6,course#1232 评论 6：这节课讲得很清楚，重点很明确。,1,normal,2026-02-01T10:48:13.286Z,
course,1233,1,course#1233 评论 1：案例很贴近实际，学完能直接上手。,6,normal,2026-02-01T10:48:13.286Z,
course,1233,2,course#1233 评论 2：节奏刚好，建议再补充一点练习题。,2,normal,2026-01-23T10:48:13.286Z,
course,1233,3,course#1233 评论 3：重点知识点总结得不错，复习方便。,0,normal,2026-01-24T10:48:13.286Z,
course,1233,4,course#1233 评论 4：这节课讲得很清楚，重点很明确。,1,normal,2026-01-26T10:48:13.286Z,
course,1233,5,course#1233 评论 5：案例很贴近实际，学完能直接上手。,1,normal,2026-01-22T10:48:13.286Z,
course,1233,6,course#1233 评论 6：这节课讲得很清楚，重点很明确。,0,normal,2026-02-02T10:48:13.286Z,
course,1234,1,course#1234 评论 1：讲师讲解很细，适合零基础。,3,normal,2026-01-30T10:48:13.286Z,
course,1234,2,course#1234 评论 2：希望后续更新更多进阶内容。,6,normal,2026-01-27T10:48:13.286Z,
course,1234,3,course#1234 评论 3：节奏刚好，建议再补充一点练习题。,7,normal,2026-01-23T10:48:13.286Z,
course,1234,4,course#1234 评论 4：实例讲解很实用，收藏了。,3,normal,2026-02-01T10:48:13.286Z,
course,1234,5,course#1234 评论 5：实例讲解很实用，收藏了。,3,normal,2026-01-28T10:48:13.286Z,
course,1234,6,course#1234 评论 6：课程结构清晰，学习路线明了。,5,normal,2026-01-25T10:48:13.286Z,
course,1235,1,course#1235 评论 1：案例很贴近实际，学完能直接上手。,2,normal,2026-01-25T10:48:13.286Z,
course,1235,2,course#1235 评论 2：内容有深度但不晦涩，体验很好。,4,normal,2026-01-30T10:48:13.286Z,
course,1235,3,course#1235 评论 3：讲师讲解很细，适合零基础。,5,normal,2026-02-02T10:48:13.286Z,
course,1235,4,course#1235 评论 4：讲师讲解很细，适合零基础。,6,normal,2026-01-27T10:48:13.286Z,
course,1235,5,course#1235 评论 5：案例很贴近实际，学完能直接上手。,7,normal,2026-01-23T10:48:13.286Z,
course,1235,6,course#1235 评论 6：课程结构清晰，学习路线明了。,3,normal,2026-01-30T10:48:13.286Z,
course,1236,1,course#1236 评论 1：内容有深度但不晦涩，体验很好。,7,normal,2026-02-02T10:48:13.286Z,
course,1236,2,course#1236 评论 2：这节课讲得很清楚，重点很明确。,6,normal,2026-02-04T10:48:13.286Z,
course,1236,3,course#1236 评论 3：实例讲解很实用，收藏了。,3,normal,2026-01-22T10:48:13.286Z,
course,1236,4,course#1236 评论 4：希望后续更新更多进阶内容。,5,normal,2026-02-03T10:48:13.286Z,
course,1236,5,course#1236 评论 5：内容有深度但不晦涩，体验很好。,3,normal,2026-01-30T10:48:13.286Z,
course,1236,6,course#1236 评论 6：实例讲解很实用，收藏了。,1,normal,2026-01-29T10:48:13.286Z,
course,1237,1,course#1237 评论 1：希望后续更新更多进阶内容。,1,normal,2026-01-23T10:48:13.286Z,
course,1237,2,course#1237 评论 2：课程结构清晰，学习路线明了。,4,normal,2026-01-30T10:48:13.286Z,
course,1237,3,course#1237 评论 3：课程结构清晰，学习路线明了。,0,normal,2026-01-30T10:48:13.286Z,
course,1237,4,course#1237 评论 4：讲师讲解很细，适合零基础。,7,normal,2026-01-24T10:48:13.286Z,
course,1237,5,course#1237 评论 5：内容有深度但不晦涩，体验很好。,7,normal,2026-02-03T10:48:13.286Z,
course,1237,6,course#1237 评论 6：案例很贴近实际，学完能直接上手。,2,normal,2026-01-23T10:48:13.286Z,
course,1238,1,course#1238 评论 1：这节课讲得很清楚，重点很明确。,0,normal,2026-01-27T10:48:13.286Z,
course,1238,2,course#1238 评论 2：这节课讲得很清楚，重点很明确。,4,normal,2026-01-25T10:48:13.286Z,
course,1238,3,course#1238 评论 3：希望后续更新更多进阶内容。,6,normal,2026-01-28T10:48:13.286Z,
course,1238,4,course#1238 评论 4：这节课讲得很清楚，重点很明确。,5,normal,2026-01-29T10:48:13.286Z,
course,1238,5,course#1238 评论 5：讲师讲解很细，适合零基础。,4,normal,2026-01-28T10:48:13.286Z,
course,1238,6,course#1238 评论 6：讲师讲解很细，适合零基础。,4,normal,2026-01-29T10:48:13.286Z,
course,1239,1,course#1239 评论 1：实例讲解很实用，收藏了。,6,normal,2026-01-22T10:48:13.286Z,
course,1239,2,course#1239 评论 2：讲师讲解很细，适合零基础。,7,normal,2026-01-22T10:48:13.286Z,
course,1239,3,course#1239 评论 3：如果能加配套资料就更好了。,3,normal,2026-01-26T10:48:13.286Z,
course,1239,4,course#1239 评论 4：重点知识点总结得不错，复习方便。,6,normal,2026-01-30T10:48:13.286Z,
course,1239,5,course#1239 评论 5：课程结构清晰，学习路线明了。,4,normal,2026-02-03T10:48:13.286Z,
course,1239,6,course#1239 评论 6：这节课讲得很清楚，重点很明确。,7,normal,2026-01-27T10:48:13.286Z,
course,1240,1,course#1240 评论 1：节奏刚好，建议再补充一点练习题。,6,normal,2026-01-27T10:48:13.286Z,
course,1240,2,course#1240 评论 2：如果能加配套资料就更好了。,2,normal,2026-02-03T10:48:13.286Z,
course,1240,3,course#1240 评论 3：内容有深度但不晦涩，体验很好。,0,normal,2026-01-27T10:48:13.286Z,
course,1240,4,course#1240 评论 4：实例讲解很实用，收藏了。,4,normal,2026-01-28T10:48:13.286Z,
course,1240,5,course#1240 评论 5：这节课讲得很清楚，重点很明确。,1,normal,2026-01-22T10:48:13.286Z,
course,1240,6,course#1240 评论 6：重点知识点总结得不错，复习方便。,5,normal,2026-01-27T10:48:13.286Z,
course,1241,1,course#1241 评论 1：如果能加配套资料就更好了。,1,normal,2026-01-29T10:48:13.286Z,
course,1241,2,course#1241 评论 2：节奏刚好，建议再补充一点练习题。,6,normal,2026-02-04T10:48:13.286Z,
course,1241,3,course#1241 评论 3：重点知识点总结得不错，复习方便。,7,normal,2026-01-26T10:48:13.286Z,
course,1241,4,course#1241 评论 4：重点知识点总结得不错，复习方便。,4,normal,2026-01-26T10:48:13.286Z,
course,1241,5,course#1241 评论 5：课程结构清晰，学习路线明了。,6,normal,2026-01-25T10:48:13.286Z,
course,1241,6,course#1241 评论 6：重点知识点总结得不错，复习方便。,2,normal,2026-01-22T10:48:13.286Z,
course,1242,1,course#1242 评论 1：课程结构清晰，学习路线明了。,6,normal,2026-01-24T10:48:13.286Z,
course,1242,2,course#1242 评论 2：这节课讲得很清楚，重点很明确。,3,normal,2026-01-29T10:48:13.286Z,
course,1242,3,course#1242 评论 3：如果能加配套资料就更好了。,6,normal,2026-01-24T10:48:13.286Z,
course,1242,4,course#1242 评论 4：课程结构清晰，学习路线明了。,2,normal,2026-02-02T10:48:13.286Z,
course,1242,5,course#1242 评论 5：课程结构清晰，学习路线明了。,0,normal,2026-01-31T10:48:13.286Z,
course,1242,6,course#1242 评论 6：内容有深度但不晦涩，体验很好。,2,normal,2026-02-04T10:48:13.286Z,
course,1243,1,course#1243 评论 1：节奏刚好，建议再补充一点练习题。,6,normal,2026-01-29T10:48:13.286Z,
course,1243,2,course#1243 评论 2：讲师讲解很细，适合零基础。,2,normal,2026-01-30T10:48:13.286Z,
course,1243,3,course#1243 评论 3：内容有深度但不晦涩，体验很好。,3,normal,2026-01-22T10:48:13.286Z,
course,1243,4,course#1243 评论 4：讲师讲解很细，适合零基础。,1,normal,2026-01-26T10:48:13.286Z,
course,1243,5,course#1243 评论 5：节奏刚好，建议再补充一点练习题。,7,normal,2026-01-30T10:48:13.286Z,
course,1243,6,course#1243 评论 6：节奏刚好，建议再补充一点练习题。,4,normal,2026-02-01T10:48:13.286Z,
course,1244,1,course#1244 评论 1：节奏刚好，建议再补充一点练习题。,0,normal,2026-02-04T10:48:13.286Z,
course,1244,2,course#1244 评论 2：如果能加配套资料就更好了。,7,normal,2026-01-23T10:48:13.286Z,
course,1244,3,course#1244 评论 3：课程结构清晰，学习路线明了。,7,normal,2026-01-29T10:48:13.286Z,
course,1244,4,course#1244 评论 4：这节课讲得很清楚，重点很明确。,0,normal,2026-01-23T10:48:13.286Z,
course,1244,5,course#1244 评论 5：讲师讲解很细，适合零基础。,0,normal,2026-01-29T10:48:13.286Z,
course,1244,6,course#1244 评论 6：节奏刚好，建议再补充一点练习题。,4,normal,2026-02-01T10:48:13.286Z,
course,1245,1,course#1245 评论 1：案例很贴近实际，学完能直接上手。,0,normal,2026-01-28T10:48:13.286Z,
course,1245,2,course#1245 评论 2：实例讲解很实用，收藏了。,6,normal,2026-02-01T10:48:13.286Z,
course,1245,3,course#1245 评论 3：课程结构清晰，学习路线明了。,7,normal,2026-02-03T10:48:13.286Z,
course,1245,4,course#1245 评论 4：这节课讲得很清楚，重点很明确。,4,normal,2026-01-26T10:48:13.286Z,
course,1245,5,course#1245 评论 5：课程结构清晰，学习路线明了。,6,normal,2026-01-29T10:48:13.286Z,
course,1245,6,course#1245 评论 6：讲师讲解很细，适合零基础。,4,normal,2026-01-31T10:48:13.286Z,
course,1246,1,course#1246 评论 1：课程结构清晰，学习路线明了。,5,normal,2026-01-28T10:48:13.286Z,
course,1246,2,course#1246 评论 2：案例很贴近实际，学完能直接上手。,1,normal,2026-02-03T10:48:13.286Z,
course,1246,3,course#1246 评论 3：希望后续更新更多进阶内容。,5,normal,2026-01-29T10:48:13.286Z,
course,1246,4,course#1246 评论 4：如果能加配套资料就更好了。,5,normal,2026-02-04T10:48:13.286Z,
course,1246,5,course#1246 评论 5：节奏刚好，建议再补充一点练习题。,3,normal,2026-01-27T10:48:13.286Z,
course,1246,6,course#1246 评论 6：节奏刚好，建议再补充一点练习题。,1,normal,2026-01-24T10:48:13.286Z,
course,1247,1,course#1247 评论 1：重点知识点总结得不错，复习方便。,4,normal,2026-02-03T10:48:13.286Z,
course,1247,2,course#1247 评论 2：如果能加配套资料就更好了。,5,normal,2026-02-01T10:48:13.286Z,
course,1247,3,course#1247 评论 3：如果能加配套资料就更好了。,5,normal,2026-01-23T10:48:13.286Z,
course,1247,4,course#1247 评论 4：内容有深度但不晦涩，体验很好。,5,normal,2026-01-30T10:48:13.286Z,
course,1247,5,course#1247 评论 5：希望后续更新更多进阶内容。,0,normal,2026-01-23T10:48:13.286Z,
course,1247,6,course#1247 评论 6：内容有深度但不晦涩，体验很好。,6,normal,2026-01-26T10:48:13.286Z,
course,1248,1,course#1248 评论 1：讲师讲解很细，适合零基础。,3,normal,2026-01-31T10:48:13.286Z,
course,1248,2,course#1248 评论 2：节奏刚好，建议再补充一点练习题。,5,normal,2026-02-04T10:48:13.286Z,
course,1248,3,course#1248 评论 3：内容有深度但不晦涩，体验很好。,7,normal,2026-01-26T10:48:13.286Z,
course,1248,4,course#1248 评论 4：课程结构清晰，学习路线明了。,7,normal,2026-01-24T10:48:13.286Z,
course,1248,5,course#1248 评论 5：这节课讲得很清楚，重点很明确。,4,normal,2026-01-23T10:48:13.286Z,
course,1248,6,course#1248 评论 6：案例很贴近实际，学完能直接上手。,5,normal,2026-02-01T10:48:13.286Z,
course,1249,1,course#1249 评论 1：案例很贴近实际，学完能直接上手。,1,normal,2026-01-29T10:48:13.286Z,
course,1249,2,course#1249 评论 2：案例很贴近实际，学完能直接上手。,0,normal,2026-01-24T10:48:13.286Z,
course,1249,3,course#1249 评论 3：如果能加配套资料就更好了。,2,normal,2026-01-29T10:48:13.286Z,
course,1249,4,course#1249 评论 4：重点知识点总结得不错，复习方便。,4,normal,2026-01-28T10:48:13.286Z,
course,1249,5,course#1249 评论 5：讲师讲解很细，适合零基础。,1,normal,2026-01-27T10:48:13.286Z,
course,1249,6,course#1249 评论 6：实例讲解很实用，收藏了。,5,normal,2026-01-24T10:48:13.286Z,
course,1250,1,course#1250 评论 1：案例很贴近实际，学完能直接上手。,2,normal,2026-02-04T10:48:13.286Z,
course,1250,2,course#1250 评论 2：重点知识点总结得不错，复习方便。,4,normal,2026-02-03T10:48:13.286Z,
course,1250,3,course#1250 评论 3：这节课讲得很清楚，重点很明确。,2,normal,2026-02-01T10:48:13.286Z,
course,1250,4,course#1250 评论 4：讲师讲解很细，适合零基础。,6,normal,2026-02-03T10:48:13.286Z,
course,1250,5,course#1250 评论 5：这节课讲得很清楚，重点很明确。,1,normal,2026-01-29T10:48:13.286Z,
course,1250,6,course#1250 评论 6：讲师讲解很细，适合零基础。,0,normal,2026-01-22T10:48:13.286Z,
course,1251,1,course#1251 评论 1：讲师讲解很细，适合零基础。,5,normal,2026-02-03T10:48:13.286Z,
course,1251,2,course#1251 评论 2：讲师讲解很细，适合零基础。,2,normal,2026-01-28T10:48:13.286Z,
course,1251,3,course#1251 评论 3：内容有深度但不晦涩，体验很好。,2,normal,2026-01-30T10:48:13.286Z,
course,1251,4,course#1251 评论 4：希望后续更新更多进阶内容。,1,normal,2026-01-22T10:48:13.286Z,
course,1251,5,course#1251 评论 5：实例讲解很实用，收藏了。,3,normal,2026-01-31T10:48:13.286Z,
course,1251,6,course#1251 评论 6：课程结构清晰，学习路线明了。,5,normal,2026-01-29T10:48:13.286Z,
course,1252,1,course#1252 评论 1：如果能加配套资料就更好了。,7,normal,2026-02-04T10:48:13.286Z,
course,1252,2,course#1252 评论 2：节奏刚好，建议再补充一点练习题。,5,normal,2026-01-31T10:48:13.286Z,
course,1252,3,course#1252 评论 3：希望后续更新更多进阶内容。,5,normal,2026-01-24T10:48:13.286Z,
course,1252,4,course#1252 评论 4：这节课讲得很清楚，重点很明确。,4,normal,2026-02-03T10:48:13.286Z,
course,1252,5,course#1252 评论 5：课程结构清晰，学习路线明了。,0,normal,2026-01-30T10:48:13.286Z,
course,1252,6,course#1252 评论 6：内容有深度但不晦涩，体验很好。,6,normal,2026-01-24T10:48:13.286Z,
course,1253,1,course#1253 评论 1：这节课讲得很清楚，重点很明确。,2,normal,2026-01-25T10:48:13.286Z,
course,1253,2,course#1253 评论 2：节奏刚好，建议再补充一点练习题。,7,normal,2026-01-28T10:48:13.286Z,
course,1253,3,course#1253 评论 3：讲师讲解很细，适合零基础。,6,normal,2026-02-02T10:48:13.286Z,
course,1253,4,course#1253 评论 4：如果能加配套资料就更好了。,5,normal,2026-01-25T10:48:13.286Z,
course,1253,5,course#1253 评论 5：内容有深度但不晦涩，体验很好。,0,normal,2026-01-31T10:48:13.286Z,
course,1253,6,course#1253 评论 6：如果能加配套资料就更好了。,3,normal,2026-02-03T10:48:13.286Z,
course,1254,1,course#1254 评论 1：如果能加配套资料就更好了。,0,normal,2026-02-03T10:48:13.286Z,
course,1254,2,course#1254 评论 2：节奏刚好，建议再补充一点练习题。,7,normal,2026-01-30T10:48:13.286Z,
course,1254,3,course#1254 评论 3：课程结构清晰，学习路线明了。,0,normal,2026-02-03T10:48:13.286Z,
course,1254,4,course#1254 评论 4：内容有深度但不晦涩，体验很好。,7,normal,2026-01-22T10:48:13.286Z,
course,1254,5,course#1254 评论 5：案例很贴近实际，学完能直接上手。,2,normal,2026-01-22T10:48:13.286Z,
course,1254,6,course#1254 评论 6：如果能加配套资料就更好了。,1,normal,2026-01-31T10:48:13.286Z,
course,1255,1,course#1255 评论 1：如果能加配套资料就更好了。,6,normal,2026-01-29T10:48:13.286Z,
course,1255,2,course#1255 评论 2：内容有深度但不晦涩，体验很好。,6,normal,2026-02-04T10:48:13.286Z,
course,1255,3,course#1255 评论 3：希望后续更新更多进阶内容。,3,normal,2026-01-30T10:48:13.286Z,
course,1255,4,course#1255 评论 4：重点知识点总结得不错，复习方便。,5,normal,2026-01-31T10:48:13.286Z,
course,1255,5,course#1255 评论 5：希望后续更新更多进阶内容。,3,normal,2026-02-01T10:48:13.286Z,
course,1255,6,course#1255 评论 6：重点知识点总结得不错，复习方便。,2,normal,2026-01-27T10:48:13.286Z,
course,1256,1,course#1256 评论 1：实例讲解很实用，收藏了。,3,normal,2026-01-31T10:48:13.286Z,
course,1256,2,course#1256 评论 2：节奏刚好，建议再补充一点练习题。,7,normal,2026-02-01T10:48:13.286Z,
course,1256,3,course#1256 评论 3：内容有深度但不晦涩，体验很好。,4,normal,2026-01-23T10:48:13.286Z,
course,1256,4,course#1256 评论 4：如果能加配套资料就更好了。,5,normal,2026-01-23T10:48:13.286Z,
course,1256,5,course#1256 评论 5：希望后续更新更多进阶内容。,3,normal,2026-01-22T10:48:13.286Z,
course,1256,6,course#1256 评论 6：内容有深度但不晦涩，体验很好。,1,normal,2026-01-23T10:48:13.286Z,
course,1257,1,course#1257 评论 1：课程结构清晰，学习路线明了。,7,normal,2026-01-26T10:48:13.286Z,
course,1257,2,course#1257 评论 2：实例讲解很实用，收藏了。,0,normal,2026-01-23T10:48:13.286Z,
course,1257,3,course#1257 评论 3：如果能加配套资料就更好了。,3,normal,2026-02-02T10:48:13.286Z,
course,1257,4,course#1257 评论 4：内容有深度但不晦涩，体验很好。,0,normal,2026-01-27T10:48:13.286Z,
course,1257,5,course#1257 评论 5：内容有深度但不晦涩，体验很好。,0,normal,2026-02-03T10:48:13.286Z,
course,1257,6,course#1257 评论 6：这节课讲得很清楚，重点很明确。,3,normal,2026-01-27T10:48:13.286Z,
course,1258,1,course#1258 评论 1：希望后续更新更多进阶内容。,7,normal,2026-01-24T10:48:13.286Z,
course,1258,2,course#1258 评论 2：节奏刚好，建议再补充一点练习题。,5,normal,2026-01-22T10:48:13.286Z,
course,1258,3,course#1258 评论 3：这节课讲得很清楚，重点很明确。,4,normal,2026-02-04T10:48:13.286Z,
course,1258,4,course#1258 评论 4：这节课讲得很清楚，重点很明确。,5,normal,2026-01-27T10:48:13.286Z,
course,1258,5,course#1258 评论 5：节奏刚好，建议再补充一点练习题。,6,normal,2026-01-29T10:48:13.286Z,
course,1258,6,course#1258 评论 6：希望后续更新更多进阶内容。,7,normal,2026-01-30T10:48:13.286Z,
course,1259,1,course#1259 评论 1：希望后续更新更多进阶内容。,1,normal,2026-02-01T10:48:13.286Z,
course,1259,2,course#1259 评论 2：课程结构清晰，学习路线明了。,1,normal,2026-01-26T10:48:13.286Z,
course,1259,3,course#1259 评论 3：如果能加配套资料就更好了。,0,normal,2026-02-04T10:48:13.286Z,
course,1259,4,course#1259 评论 4：节奏刚好，建议再补充一点练习题。,1,normal,2026-01-28T10:48:13.286Z,
course,1259,5,course#1259 评论 5：这节课讲得很清楚，重点很明确。,0,normal,2026-01-25T10:48:13.286Z,
course,1259,6,course#1259 评论 6：如果能加配套资料就更好了。,1,normal,2026-01-28T10:48:13.286Z,
course,1260,1,course#1260 评论 1：这节课讲得很清楚，重点很明确。,1,normal,2026-01-23T10:48:13.286Z,
course,1260,2,course#1260 评论 2：节奏刚好，建议再补充一点练习题。,2,normal,2026-01-30T10:48:13.286Z,
course,1260,3,course#1260 评论 3：重点知识点总结得不错，复习方便。,5,normal,2026-02-01T10:48:13.286Z,
course,1260,4,course#1260 评论 4：这节课讲得很清楚，重点很明确。,7,normal,2026-01-28T10:48:13.286Z,
course,1260,5,course#1260 评论 5：课程结构清晰，学习路线明了。,2,normal,2026-01-30T10:48:13.286Z,
course,1260,6,course#1260 评论 6：实例讲解很实用，收藏了。,3,normal,2026-01-24T10:48:13.286Z,
course,1261,1,course#1261 评论 1：课程结构清晰，学习路线明了。,7,normal,2026-01-23T10:48:13.286Z,
course,1261,2,course#1261 评论 2：案例很贴近实际，学完能直接上手。,6,normal,2026-01-25T10:48:13.286Z,
course,1261,3,course#1261 评论 3：讲师讲解很细，适合零基础。,3,normal,2026-02-03T10:48:13.286Z,
course,1261,4,course#1261 评论 4：重点知识点总结得不错，复习方便。,1,normal,2026-01-27T10:48:13.286Z,
course,1261,5,course#1261 评论 5：如果能加配套资料就更好了。,0,normal,2026-02-01T10:48:13.286Z,
course,1261,6,course#1261 评论 6：实例讲解很实用，收藏了。,1,normal,2026-02-04T10:48:13.286Z,
course,1262,1,course#1262 评论 1：内容有深度但不晦涩，体验很好。,2,normal,2026-01-31T10:48:13.286Z,
course,1262,2,course#1262 评论 2：讲师讲解很细，适合零基础。,3,normal,2026-01-22T10:48:13.286Z,
course,1262,3,course#1262 评论 3：重点知识点总结得不错，复习方便。,6,normal,2026-01-31T10:48:13.286Z,
course,1262,4,course#1262 评论 4：如果能加配套资料就更好了。,3,normal,2026-02-04T10:48:13.286Z,
course,1262,5,course#1262 评论 5：节奏刚好，建议再补充一点练习题。,1,normal,2026-01-24T10:48:13.286Z,
course,1262,6,course#1262 评论 6：案例很贴近实际，学完能直接上手。,3,normal,2026-02-03T10:48:13.286Z,
course,1263,1,course#1263 评论 1：讲师讲解很细，适合零基础。,6,normal,2026-01-31T10:48:13.286Z,
course,1263,2,course#1263 评论 2：这节课讲得很清楚，重点很明确。,7,normal,2026-01-29T10:48:13.286Z,
course,1263,3,course#1263 评论 3：课程结构清晰，学习路线明了。,3,normal,2026-02-02T10:48:13.286Z,
course,1263,4,course#1263 评论 4：实例讲解很实用，收藏了。,5,normal,2026-01-31T10:48:13.286Z,
course,1263,5,course#1263 评论 5：如果能加配套资料就更好了。,5,normal,2026-01-31T10:48:13.286Z,
course,1263,6,course#1263 评论 6：内容有深度但不晦涩，体验很好。,7,normal,2026-02-01T10:48:13.286Z,
course,1264,1,course#1264 评论 1：如果能加配套资料就更好了。,0,normal,2026-01-25T10:48:13.286Z,
course,1264,2,course#1264 评论 2：讲师讲解很细，适合零基础。,4,normal,2026-02-01T10:48:13.286Z,
course,1264,3,course#1264 评论 3：案例很贴近实际，学完能直接上手。,4,normal,2026-02-03T10:48:13.286Z,
course,1264,4,course#1264 评论 4：课程结构清晰，学习路线明了。,3,normal,2026-02-02T10:48:13.286Z,
course,1264,5,course#1264 评论 5：案例很贴近实际，学完能直接上手。,6,normal,2026-01-23T10:48:13.286Z,
course,1264,6,course#1264 评论 6：课程结构清晰，学习路线明了。,5,normal,2026-01-28T10:48:13.286Z,
course,1265,1,course#1265 评论 1：希望后续更新更多进阶内容。,2,normal,2026-01-30T10:48:13.286Z,
course,1265,2,course#1265 评论 2：内容有深度但不晦涩，体验很好。,5,normal,2026-02-02T10:48:13.286Z,
course,1265,3,course#1265 评论 3：如果能加配套资料就更好了。,1,normal,2026-01-23T10:48:13.286Z,
course,1265,4,course#1265 评论 4：这节课讲得很清楚，重点很明确。,2,normal,2026-01-22T10:48:13.286Z,
course,1265,5,course#1265 评论 5：重点知识点总结得不错，复习方便。,7,normal,2026-02-04T10:48:13.286Z,
course,1265,6,course#1265 评论 6：讲师讲解很细，适合零基础。,0,normal,2026-01-28T10:48:13.286Z,
course,1266,1,course#1266 评论 1：讲师讲解很细，适合零基础。,2,normal,2026-02-01T10:48:13.286Z,
course,1266,2,course#1266 评论 2：讲师讲解很细，适合零基础。,3,normal,2026-01-31T10:48:13.286Z,
course,1266,3,course#1266 评论 3：这节课讲得很清楚，重点很明确。,3,normal,2026-02-01T10:48:13.286Z,
course,1266,4,course#1266 评论 4：内容有深度但不晦涩，体验很好。,7,normal,2026-01-29T10:48:13.286Z,
course,1266,5,course#1266 评论 5：节奏刚好，建议再补充一点练习题。,1,normal,2026-01-28T10:48:13.286Z,
course,1266,6,course#1266 评论 6：课程结构清晰，学习路线明了。,1,normal,2026-01-31T10:48:13.286Z,
course,1267,1,course#1267 评论 1：内容有深度但不晦涩，体验很好。,4,normal,2026-01-29T10:48:13.286Z,
course,1267,2,course#1267 评论 2：这节课讲得很清楚，重点很明确。,4,normal,2026-01-29T10:48:13.286Z,
course,1267,3,course#1267 评论 3：如果能加配套资料就更好了。,1,normal,2026-02-03T10:48:13.286Z,
course,1267,4,course#1267 评论 4：如果能加配套资料就更好了。,6,normal,2026-01-30T10:48:13.286Z,
course,1267,5,course#1267 评论 5：节奏刚好，建议再补充一点练习题。,6,normal,2026-02-01T10:48:13.286Z,
course,1267,6,course#1267 评论 6：节奏刚好，建议再补充一点练习题。,3,normal,2026-02-01T10:48:13.286Z,
course,1268,1,course#1268 评论 1：实例讲解很实用，收藏了。,2,normal,2026-02-01T10:48:13.286Z,
course,1268,2,course#1268 评论 2：如果能加配套资料就更好了。,2,normal,2026-01-23T10:48:13.286Z,
course,1268,3,course#1268 评论 3：这节课讲得很清楚，重点很明确。,6,normal,2026-01-22T10:48:13.286Z,
course,1268,4,course#1268 评论 4：案例很贴近实际，学完能直接上手。,5,normal,2026-02-02T10:48:13.286Z,
course,1268,5,course#1268 评论 5：节奏刚好，建议再补充一点练习题。,6,normal,2026-01-27T10:48:13.286Z,
course,1268,6,course#1268 评论 6：这节课讲得很清楚，重点很明确。,3,normal,2026-02-04T10:48:13.286Z,
course,1269,1,course#1269 评论 1：案例很贴近实际，学完能直接上手。,6,normal,2026-02-03T10:48:13.286Z,
course,1269,2,course#1269 评论 2：重点知识点总结得不错，复习方便。,1,normal,2026-01-28T10:48:13.286Z,
course,1269,3,course#1269 评论 3：节奏刚好，建议再补充一点练习题。,4,normal,2026-02-02T10:48:13.286Z,
course,1269,4,course#1269 评论 4：这节课讲得很清楚，重点很明确。,3,normal,2026-02-04T10:48:13.286Z,
course,1269,5,course#1269 评论 5：希望后续更新更多进阶内容。,6,normal,2026-02-01T10:48:13.286Z,
course,1269,6,course#1269 评论 6：讲师讲解很细，适合零基础。,5,normal,2026-01-22T10:48:13.286Z,
course,1270,1,course#1270 评论 1：讲师讲解很细，适合零基础。,7,normal,2026-01-29T10:48:13.286Z,
course,1270,2,course#1270 评论 2：案例很贴近实际，学完能直接上手。,5,normal,2026-01-29T10:48:13.286Z,
course,1270,3,course#1270 评论 3：讲师讲解很细，适合零基础。,1,normal,2026-01-26T10:48:13.286Z,
course,1270,4,course#1270 评论 4：希望后续更新更多进阶内容。,6,normal,2026-01-22T10:48:13.286Z,
course,1270,5,course#1270 评论 5：这节课讲得很清楚，重点很明确。,2,normal,2026-01-31T10:48:13.286Z,
course,1270,6,course#1270 评论 6：实例讲解很实用，收藏了。,0,normal,2026-01-25T10:48:13.286Z,
course,1271,1,course#1271 评论 1：讲师讲解很细，适合零基础。,2,normal,2026-01-30T10:48:13.286Z,
course,1271,2,course#1271 评论 2：内容有深度但不晦涩，体验很好。,7,normal,2026-01-24T10:48:13.286Z,
course,1271,3,course#1271 评论 3：实例讲解很实用，收藏了。,3,normal,2026-01-30T10:48:13.286Z,
course,1271,4,course#1271 评论 4：希望后续更新更多进阶内容。,5,normal,2026-01-25T10:48:13.286Z,
course,1271,5,course#1271 评论 5：这节课讲得很清楚，重点很明确。,5,normal,2026-01-31T10:48:13.286Z,
course,1271,6,course#1271 评论 6：实例讲解很实用，收藏了。,7,normal,2026-01-29T10:48:13.286Z,
course,1272,1,course#1272 评论 1：实例讲解很实用，收藏了。,1,normal,2026-01-29T10:48:13.286Z,
course,1272,2,course#1272 评论 2：课程结构清晰，学习路线明了。,4,normal,2026-01-27T10:48:13.286Z,
course,1272,3,course#1272 评论 3：重点知识点总结得不错，复习方便。,7,normal,2026-02-02T10:48:13.286Z,
course,1272,4,course#1272 评论 4：内容有深度但不晦涩，体验很好。,4,normal,2026-02-01T10:48:13.286Z,
course,1272,5,course#1272 评论 5：课程结构清晰，学习路线明了。,3,normal,2026-01-24T10:48:13.286Z,
course,1272,6,course#1272 评论 6：案例很贴近实际，学完能直接上手。,1,normal,2026-02-04T10:48:13.286Z,
course,1273,1,course#1273 评论 1：课程结构清晰，学习路线明了。,7,normal,2026-02-03T10:48:13.286Z,
course,1273,2,course#1273 评论 2：讲师讲解很细，适合零基础。,2,normal,2026-02-01T10:48:13.286Z,
course,1273,3,course#1273 评论 3：课程结构清晰，学习路线明了。,4,normal,2026-01-30T10:48:13.286Z,
course,1273,4,course#1273 评论 4：这节课讲得很清楚，重点很明确。,6,normal,2026-02-01T10:48:13.286Z,
course,1273,5,course#1273 评论 5：课程结构清晰，学习路线明了。,0,normal,2026-01-23T10:48:13.286Z,
course,1273,6,course#1273 评论 6：这节课讲得很清楚，重点很明确。,7,normal,2026-01-28T10:48:13.286Z,
course,1274,1,course#1274 评论 1：案例很贴近实际，学完能直接上手。,6,normal,2026-01-23T10:48:13.286Z,
course,1274,2,course#1274 评论 2：课程结构清晰，学习路线明了。,3,normal,2026-01-22T10:48:13.286Z,
course,1274,3,course#1274 评论 3：实例讲解很实用，收藏了。,1,normal,2026-01-22T10:48:13.286Z,
course,1274,4,course#1274 评论 4：内容有深度但不晦涩，体验很好。,3,normal,2026-01-26T10:48:13.286Z,
course,1274,5,course#1274 评论 5：课程结构清晰，学习路线明了。,5,normal,2026-01-23T10:48:13.286Z,
course,1274,6,course#1274 评论 6：这节课讲得很清楚，重点很明确。,6,normal,2026-01-23T10:48:13.286Z,
course,1275,1,course#1275 评论 1：实例讲解很实用，收藏了。,3,normal,2026-01-27T10:48:13.286Z,
course,1275,2,course#1275 评论 2：重点知识点总结得不错，复习方便。,1,normal,2026-02-01T10:48:13.286Z,
course,1275,3,course#1275 评论 3：希望后续更新更多进阶内容。,2,normal,2026-01-25T10:48:13.286Z,
course,1275,4,course#1275 评论 4：课程结构清晰，学习路线明了。,0,normal,2026-01-25T10:48:13.286Z,
course,1275,5,course#1275 评论 5：节奏刚好，建议再补充一点练习题。,2,normal,2026-02-04T10:48:13.286Z,
course,1275,6,course#1275 评论 6：如果能加配套资料就更好了。,6,normal,2026-01-24T10:48:13.286Z,
course,1276,1,course#1276 评论 1：内容有深度但不晦涩，体验很好。,6,normal,2026-01-22T10:48:13.286Z,
course,1276,2,course#1276 评论 2：案例很贴近实际，学完能直接上手。,1,normal,2026-02-03T10:48:13.286Z,
course,1276,3,course#1276 评论 3：讲师讲解很细，适合零基础。,4,normal,2026-02-02T10:48:13.286Z,
course,1276,4,course#1276 评论 4：案例很贴近实际，学完能直接上手。,0,normal,2026-01-22T10:48:13.286Z,
course,1276,5,course#1276 评论 5：实例讲解很实用，收藏了。,6,normal,2026-01-29T10:48:13.286Z,
course,1276,6,course#1276 评论 6：这节课讲得很清楚，重点很明确。,2,normal,2026-02-01T10:48:13.286Z,
course,1277,1,course#1277 评论 1：如果能加配套资料就更好了。,5,normal,2026-01-31T10:48:13.286Z,
course,1277,2,course#1277 评论 2：课程结构清晰，学习路线明了。,2,normal,2026-01-25T10:48:13.286Z,
course,1277,3,course#1277 评论 3：案例很贴近实际，学完能直接上手。,5,normal,2026-01-29T10:48:13.286Z,
course,1277,4,course#1277 评论 4：重点知识点总结得不错，复习方便。,4,normal,2026-02-01T10:48:13.286Z,
course,1277,5,course#1277 评论 5：节奏刚好，建议再补充一点练习题。,3,normal,2026-01-22T10:48:13.286Z,
course,1277,6,course#1277 评论 6：讲师讲解很细，适合零基础。,3,normal,2026-02-03T10:48:13.286Z,
course,1278,1,course#1278 评论 1：讲师讲解很细，适合零基础。,4,normal,2026-01-29T10:48:13.286Z,
course,1278,2,course#1278 评论 2：如果能加配套资料就更好了。,6,normal,2026-01-29T10:48:13.286Z,
course,1278,3,course#1278 评论 3：课程结构清晰，学习路线明了。,3,normal,2026-01-22T10:48:13.286Z,
course,1278,4,course#1278 评论 4：节奏刚好，建议再补充一点练习题。,2,normal,2026-01-23T10:48:13.286Z,
course,1278,5,course#1278 评论 5：内容有深度但不晦涩，体验很好。,5,normal,2026-01-31T10:48:13.286Z,
course,1278,6,course#1278 评论 6：这节课讲得很清楚，重点很明确。,4,normal,2026-01-29T10:48:13.286Z,
course,1279,1,course#1279 评论 1：节奏刚好，建议再补充一点练习题。,3,normal,2026-02-01T10:48:13.286Z,
course,1279,2,course#1279 评论 2：讲师讲解很细，适合零基础。,5,normal,2026-01-27T10:48:13.286Z,
course,1279,3,course#1279 评论 3：重点知识点总结得不错，复习方便。,7,normal,2026-02-03T10:48:13.286Z,
course,1279,4,course#1279 评论 4：希望后续更新更多进阶内容。,6,normal,2026-02-02T10:48:13.286Z,
course,1279,5,course#1279 评论 5：案例很贴近实际，学完能直接上手。,5,normal,2026-02-03T10:48:13.286Z,
course,1279,6,course#1279 评论 6：希望后续更新更多进阶内容。,6,normal,2026-01-24T10:48:13.286Z,
course,1280,1,course#1280 评论 1：希望后续更新更多进阶内容。,0,normal,2026-01-31T10:48:13.286Z,
course,1280,2,course#1280 评论 2：如果能加配套资料就更好了。,0,normal,2026-01-29T10:48:13.286Z,
course,1280,3,course#1280 评论 3：重点知识点总结得不错，复习方便。,5,normal,2026-01-22T10:48:13.286Z,
course,1280,4,course#1280 评论 4：实例讲解很实用，收藏了。,4,normal,2026-02-01T10:48:13.286Z,
course,1280,5,course#1280 评论 5：实例讲解很实用，收藏了。,7,normal,2026-01-24T10:48:13.286Z,
course,1280,6,course#1280 评论 6：案例很贴近实际，学完能直接上手。,4,normal,2026-01-25T10:48:13.286Z,
course,1281,1,course#1281 评论 1：节奏刚好，建议再补充一点练习题。,5,normal,2026-01-27T10:48:13.286Z,
course,1281,2,course#1281 评论 2：实例讲解很实用，收藏了。,3,normal,2026-01-24T10:48:13.286Z,
course,1281,3,course#1281 评论 3：这节课讲得很清楚，重点很明确。,6,normal,2026-01-27T10:48:13.286Z,
course,1281,4,course#1281 评论 4：重点知识点总结得不错，复习方便。,4,normal,2026-01-26T10:48:13.286Z,
course,1281,5,course#1281 评论 5：如果能加配套资料就更好了。,2,normal,2026-01-29T10:48:13.286Z,
course,1281,6,course#1281 评论 6：内容有深度但不晦涩，体验很好。,1,normal,2026-01-31T10:48:13.286Z,
course,1282,1,course#1282 评论 1：希望后续更新更多进阶内容。,6,normal,2026-01-22T10:48:13.286Z,
course,1282,2,course#1282 评论 2：讲师讲解很细，适合零基础。,7,normal,2026-02-02T10:48:13.286Z,
course,1282,3,course#1282 评论 3：内容有深度但不晦涩，体验很好。,0,normal,2026-01-27T10:48:13.286Z,
course,1282,4,course#1282 评论 4：讲师讲解很细，适合零基础。,7,normal,2026-01-22T10:48:13.286Z,
course,1282,5,course#1282 评论 5：讲师讲解很细，适合零基础。,5,normal,2026-01-28T10:48:13.286Z,
course,1282,6,course#1282 评论 6：实例讲解很实用，收藏了。,6,normal,2026-01-23T10:48:13.286Z,
course,1283,1,course#1283 评论 1：重点知识点总结得不错，复习方便。,6,normal,2026-01-31T10:48:13.286Z,
course,1283,2,course#1283 评论 2：希望后续更新更多进阶内容。,1,normal,2026-01-25T10:48:13.286Z,
course,1283,3,course#1283 评论 3：讲师讲解很细，适合零基础。,5,normal,2026-02-01T10:48:13.286Z,
course,1283,4,course#1283 评论 4：节奏刚好，建议再补充一点练习题。,1,normal,2026-01-29T10:48:13.286Z,
course,1283,5,course#1283 评论 5：案例很贴近实际，学完能直接上手。,6,normal,2026-01-24T10:48:13.286Z,
course,1283,6,course#1283 评论 6：希望后续更新更多进阶内容。,0,normal,2026-01-31T10:48:13.286Z,
course,1284,1,course#1284 评论 1：案例很贴近实际，学完能直接上手。,5,normal,2026-01-22T10:48:13.286Z,
course,1284,2,course#1284 评论 2：讲师讲解很细，适合零基础。,0,normal,2026-02-04T10:48:13.286Z,
course,1284,3,course#1284 评论 3：课程结构清晰，学习路线明了。,2,normal,2026-01-29T10:48:13.286Z,
course,1284,4,course#1284 评论 4：节奏刚好，建议再补充一点练习题。,4,normal,2026-01-28T10:48:13.286Z,
course,1284,5,course#1284 评论 5：案例很贴近实际，学完能直接上手。,6,normal,2026-01-31T10:48:13.286Z,
course,1284,6,course#1284 评论 6：实例讲解很实用，收藏了。,5,normal,2026-02-02T10:48:13.286Z,
course,1285,1,course#1285 评论 1：希望后续更新更多进阶内容。,6,normal,2026-01-25T10:48:13.286Z,
course,1285,2,course#1285 评论 2：案例很贴近实际，学完能直接上手。,0,normal,2026-01-23T10:48:13.286Z,
course,1285,3,course#1285 评论 3：实例讲解很实用，收藏了。,5,normal,2026-01-31T10:48:13.286Z,
course,1285,4,course#1285 评论 4：节奏刚好，建议再补充一点练习题。,3,normal,2026-02-04T10:48:13.286Z,
course,1285,5,course#1285 评论 5：课程结构清晰，学习路线明了。,0,normal,2026-02-01T10:48:13.286Z,
course,1285,6,course#1285 评论 6：重点知识点总结得不错，复习方便。,2,normal,2026-02-01T10:48:13.286Z,
course,1286,1,course#1286 评论 1：节奏刚好，建议再补充一点练习题。,5,normal,2026-01-24T10:48:13.286Z,
course,1286,2,course#1286 评论 2：内容有深度但不晦涩，体验很好。,7,normal,2026-01-27T10:48:13.286Z,
course,1286,3,course#1286 评论 3：内容有深度但不晦涩，体验很好。,6,normal,2026-01-29T10:48:13.286Z,
course,1286,4,course#1286 评论 4：希望后续更新更多进阶内容。,0,normal,2026-01-24T10:48:13.286Z,
course,1286,5,course#1286 评论 5：如果能加配套资料就更好了。,3,normal,2026-02-02T10:48:13.286Z,
course,1286,6,course#1286 评论 6：如果能加配套资料就更好了。,6,normal,2026-01-24T10:48:13.286Z,
course,1287,1,course#1287 评论 1：如果能加配套资料就更好了。,7,normal,2026-01-28T10:48:13.286Z,
course,1287,2,course#1287 评论 2：课程结构清晰，学习路线明了。,0,normal,2026-02-04T10:48:13.286Z,
course,1287,3,course#1287 评论 3：案例很贴近实际，学完能直接上手。,3,normal,2026-01-28T10:48:13.286Z,
course,1287,4,course#1287 评论 4：内容有深度但不晦涩，体验很好。,7,normal,2026-02-04T10:48:13.286Z,
course,1287,5,course#1287 评论 5：实例讲解很实用，收藏了。,4,normal,2026-01-22T10:48:13.286Z,
course,1287,6,course#1287 评论 6：希望后续更新更多进阶内容。,1,normal,2026-02-01T10:48:13.286Z,
course,1288,1,course#1288 评论 1：内容有深度但不晦涩，体验很好。,2,normal,2026-01-30T10:48:13.286Z,
course,1288,2,course#1288 评论 2：讲师讲解很细，适合零基础。,1,normal,2026-01-26T10:48:13.286Z,
course,1288,3,course#1288 评论 3：内容有深度但不晦涩，体验很好。,6,normal,2026-01-28T10:48:13.286Z,
course,1288,4,course#1288 评论 4：课程结构清晰，学习路线明了。,3,normal,2026-02-02T10:48:13.286Z,
course,1288,5,course#1288 评论 5：讲师讲解很细，适合零基础。,0,normal,2026-01-25T10:48:13.286Z,
course,1288,6,course#1288 评论 6：案例很贴近实际，学完能直接上手。,5,normal,2026-01-23T10:48:13.286Z,
course,1289,1,course#1289 评论 1：内容有深度但不晦涩，体验很好。,0,normal,2026-01-28T10:48:13.286Z,
course,1289,2,course#1289 评论 2：节奏刚好，建议再补充一点练习题。,7,normal,2026-01-29T10:48:13.286Z,
course,1289,3,course#1289 评论 3：讲师讲解很细，适合零基础。,2,normal,2026-01-23T10:48:13.286Z,
course,1289,4,course#1289 评论 4：重点知识点总结得不错，复习方便。,2,normal,2026-01-25T10:48:13.286Z,
course,1289,5,course#1289 评论 5：希望后续更新更多进阶内容。,0,normal,2026-01-22T10:48:13.286Z,
course,1289,6,course#1289 评论 6：内容有深度但不晦涩，体验很好。,0,normal,2026-01-26T10:48:13.286Z,
course,1290,1,course#1290 评论 1：案例很贴近实际，学完能直接上手。,2,normal,2026-01-31T10:48:13.286Z,
course,1290,2,course#1290 评论 2：节奏刚好，建议再补充一点练习题。,6,normal,2026-01-25T10:48:13.286Z,
course,1290,3,course#1290 评论 3：希望后续更新更多进阶内容。,3,normal,2026-01-26T10:48:13.286Z,
course,1290,4,course#1290 评论 4：如果能加配套资料就更好了。,0,normal,2026-02-04T10:48:13.286Z,
course,1290,5,course#1290 评论 5：讲师讲解很细，适合零基础。,5,normal,2026-01-26T10:48:13.286Z,
course,1290,6,course#1290 评论 6：内容有深度但不晦涩，体验很好。,3,normal,2026-02-03T10:48:13.286Z,
course,1291,1,course#1291 评论 1：重点知识点总结得不错，复习方便。,1,normal,2026-02-02T10:48:13.286Z,
course,1291,2,course#1291 评论 2：讲师讲解很细，适合零基础。,1,normal,2026-01-23T10:48:13.286Z,
course,1291,3,course#1291 评论 3：这节课讲得很清楚，重点很明确。,5,normal,2026-01-27T10:48:13.286Z,
course,1291,4,course#1291 评论 4：如果能加配套资料就更好了。,3,normal,2026-01-26T10:48:13.286Z,
course,1291,5,course#1291 评论 5：内容有深度但不晦涩，体验很好。,5,normal,2026-02-01T10:48:13.286Z,
course,1291,6,course#1291 评论 6：希望后续更新更多进阶内容。,3,normal,2026-02-03T10:48:13.286Z,
course,1292,1,course#1292 评论 1：节奏刚好，建议再补充一点练习题。,6,normal,2026-02-04T10:48:13.286Z,
course,1292,2,course#1292 评论 2：内容有深度但不晦涩，体验很好。,0,normal,2026-01-22T10:48:13.286Z,
course,1292,3,course#1292 评论 3：如果能加配套资料就更好了。,0,normal,2026-02-04T10:48:13.286Z,
course,1292,4,course#1292 评论 4：课程结构清晰，学习路线明了。,6,normal,2026-01-31T10:48:13.286Z,
course,1292,5,course#1292 评论 5：节奏刚好，建议再补充一点练习题。,1,normal,2026-01-29T10:48:13.286Z,
course,1292,6,course#1292 评论 6：节奏刚好，建议再补充一点练习题。,2,normal,2026-01-27T10:48:13.286Z,
course,1293,1,course#1293 评论 1：节奏刚好，建议再补充一点练习题。,5,normal,2026-01-30T10:48:13.286Z,
course,1293,2,course#1293 评论 2：讲师讲解很细，适合零基础。,0,normal,2026-02-03T10:48:13.286Z,
course,1293,3,course#1293 评论 3：如果能加配套资料就更好了。,2,normal,2026-01-22T10:48:13.286Z,
course,1293,4,course#1293 评论 4：内容有深度但不晦涩，体验很好。,0,normal,2026-02-04T10:48:13.286Z,
course,1293,5,course#1293 评论 5：如果能加配套资料就更好了。,4,normal,2026-01-26T10:48:13.286Z,
course,1293,6,course#1293 评论 6：案例很贴近实际，学完能直接上手。,5,normal,2026-01-22T10:48:13.286Z,
course,1294,1,course#1294 评论 1：实例讲解很实用，收藏了。,3,normal,2026-01-24T10:48:13.286Z,
course,1294,2,course#1294 评论 2：课程结构清晰，学习路线明了。,7,normal,2026-01-31T10:48:13.286Z,
course,1294,3,course#1294 评论 3：实例讲解很实用，收藏了。,2,normal,2026-01-31T10:48:13.286Z,
course,1294,4,course#1294 评论 4：重点知识点总结得不错，复习方便。,5,normal,2026-01-26T10:48:13.286Z,
course,1294,5,course#1294 评论 5：这节课讲得很清楚，重点很明确。,6,normal,2026-02-01T10:48:13.286Z,
course,1294,6,course#1294 评论 6：节奏刚好，建议再补充一点练习题。,3,normal,2026-01-26T10:48:13.286Z,
course,1295,1,course#1295 评论 1：希望后续更新更多进阶内容。,6,normal,2026-01-24T10:48:13.286Z,
course,1295,2,course#1295 评论 2：实例讲解很实用，收藏了。,2,normal,2026-02-02T10:48:13.286Z,
course,1295,3,course#1295 评论 3：重点知识点总结得不错，复习方便。,3,normal,2026-01-27T10:48:13.286Z,
course,1295,4,course#1295 评论 4：案例很贴近实际，学完能直接上手。,1,normal,2026-01-30T10:48:13.286Z,
course,1295,5,course#1295 评论 5：内容有深度但不晦涩，体验很好。,3,normal,2026-01-30T10:48:13.286Z,
course,1295,6,course#1295 评论 6：内容有深度但不晦涩，体验很好。,6,normal,2026-01-23T10:48:13.286Z,
course,1296,1,course#1296 评论 1：实例讲解很实用，收藏了。,1,normal,2026-01-22T10:48:13.286Z,
course,1296,2,course#1296 评论 2：实例讲解很实用，收藏了。,5,normal,2026-02-04T10:48:13.286Z,
course,1296,3,course#1296 评论 3：如果能加配套资料就更好了。,6,normal,2026-01-27T10:48:13.286Z,
course,1296,4,course#1296 评论 4：希望后续更新更多进阶内容。,2,normal,2026-01-30T10:48:13.286Z,
course,1296,5,course#1296 评论 5：课程结构清晰，学习路线明了。,0,normal,2026-01-25T10:48:13.286Z,
course,1296,6,course#1296 评论 6：节奏刚好，建议再补充一点练习题。,3,normal,2026-02-02T10:48:13.286Z,
course,1297,1,course#1297 评论 1：讲师讲解很细，适合零基础。,7,normal,2026-01-25T10:48:13.286Z,
course,1297,2,course#1297 评论 2：内容有深度但不晦涩，体验很好。,0,normal,2026-02-02T10:48:13.286Z,
course,1297,3,course#1297 评论 3：内容有深度但不晦涩，体验很好。,6,normal,2026-02-04T10:48:13.286Z,
course,1297,4,course#1297 评论 4：这节课讲得很清楚，重点很明确。,7,normal,2026-01-28T10:48:13.286Z,
course,1297,5,course#1297 评论 5：案例很贴近实际，学完能直接上手。,2,normal,2026-02-01T10:48:13.286Z,
course,1297,6,course#1297 评论 6：如果能加配套资料就更好了。,1,normal,2026-01-26T10:48:13.286Z,
course,1298,1,course#1298 评论 1：如果能加配套资料就更好了。,5,normal,2026-01-30T10:48:13.286Z,
course,1298,2,course#1298 评论 2：实例讲解很实用，收藏了。,3,normal,2026-02-01T10:48:13.286Z,
course,1298,3,course#1298 评论 3：讲师讲解很细，适合零基础。,4,normal,2026-01-27T10:48:13.286Z,
course,1298,4,course#1298 评论 4：讲师讲解很细，适合零基础。,6,normal,2026-01-28T10:48:13.286Z,
course,1298,5,course#1298 评论 5：讲师讲解很细，适合零基础。,7,normal,2026-02-02T10:48:13.286Z,
course,1298,6,course#1298 评论 6：课程结构清晰，学习路线明了。,0,normal,2026-01-28T10:48:13.286Z,
course,1299,1,course#1299 评论 1：重点知识点总结得不错，复习方便。,0,normal,2026-01-31T10:48:13.286Z,
course,1299,2,course#1299 评论 2：重点知识点总结得不错，复习方便。,0,normal,2026-01-30T10:48:13.286Z,
course,1299,3,course#1299 评论 3：讲师讲解很细，适合零基础。,5,normal,2026-01-28T10:48:13.286Z,
course,1299,4,course#1299 评论 4：课程结构清晰，学习路线明了。,6,normal,2026-01-25T10:48:13.286Z,
course,1299,5,course#1299 评论 5：节奏刚好，建议再补充一点练习题。,4,normal,2026-01-22T10:48:13.286Z,
course,1299,6,course#1299 评论 6：希望后续更新更多进阶内容。,2,normal,2026-01-25T10:48:13.286Z,
course,1300,1,course#1300 评论 1：案例很贴近实际，学完能直接上手。,1,normal,2026-01-25T10:48:13.286Z,
course,1300,2,course#1300 评论 2：实例讲解很实用，收藏了。,4,normal,2026-01-23T10:48:13.286Z,
course,1300,3,course#1300 评论 3：讲师讲解很细，适合零基础。,5,normal,2026-02-01T10:48:13.286Z,
course,1300,4,course#1300 评论 4：讲师讲解很细，适合零基础。,0,normal,2026-01-27T10:48:13.286Z,
course,1300,5,course#1300 评论 5：内容有深度但不晦涩，体验很好。,3,normal,2026-01-27T10:48:13.286Z,
course,1300,6,course#1300 评论 6：讲师讲解很细，适合零基础。,4,normal,2026-02-03T10:48:13.286Z,
course,1301,1,course#1301 评论 1：课程结构清晰，学习路线明了。,7,normal,2026-01-24T10:48:13.286Z,
course,1301,2,course#1301 评论 2：内容有深度但不晦涩，体验很好。,3,normal,2026-01-22T10:48:13.286Z,
course,1301,3,course#1301 评论 3：讲师讲解很细，适合零基础。,1,normal,2026-01-25T10:48:13.286Z,
course,1301,4,course#1301 评论 4：实例讲解很实用，收藏了。,7,normal,2026-01-25T10:48:13.286Z,
course,1301,5,course#1301 评论 5：内容有深度但不晦涩，体验很好。,3,normal,2026-01-25T10:48:13.286Z,
course,1301,6,course#1301 评论 6：课程结构清晰，学习路线明了。,4,normal,2026-01-27T10:48:13.286Z,
course,1302,1,course#1302 评论 1：案例很贴近实际，学完能直接上手。,6,normal,2026-01-29T10:48:13.286Z,
course,1302,2,course#1302 评论 2：课程结构清晰，学习路线明了。,1,normal,2026-01-28T10:48:13.286Z,
course,1302,3,course#1302 评论 3：节奏刚好，建议再补充一点练习题。,3,normal,2026-01-28T10:48:13.286Z,
course,1302,4,course#1302 评论 4：希望后续更新更多进阶内容。,7,normal,2026-01-25T10:48:13.286Z,
course,1302,5,course#1302 评论 5：如果能加配套资料就更好了。,0,normal,2026-01-22T10:48:13.286Z,
course,1302,6,course#1302 评论 6：案例很贴近实际，学完能直接上手。,6,normal,2026-02-01T10:48:13.286Z,
course,1303,1,course#1303 评论 1：节奏刚好，建议再补充一点练习题。,0,normal,2026-02-04T10:48:13.286Z,
course,1303,2,course#1303 评论 2：课程结构清晰，学习路线明了。,4,normal,2026-01-22T10:48:13.286Z,
course,1303,3,course#1303 评论 3：课程结构清晰，学习路线明了。,4,normal,2026-02-01T10:48:13.286Z,
course,1303,4,course#1303 评论 4：这节课讲得很清楚，重点很明确。,0,normal,2026-01-27T10:48:13.287Z,
course,1303,5,course#1303 评论 5：课程结构清晰，学习路线明了。,7,normal,2026-01-31T10:48:13.287Z,
course,1303,6,course#1303 评论 6：案例很贴近实际，学完能直接上手。,4,normal,2026-01-26T10:48:13.287Z,
course,1304,1,course#1304 评论 1：节奏刚好，建议再补充一点练习题。,2,normal,2026-01-23T10:48:13.287Z,
course,1304,2,course#1304 评论 2：实例讲解很实用，收藏了。,5,normal,2026-01-30T10:48:13.287Z,
course,1304,3,course#1304 评论 3：希望后续更新更多进阶内容。,4,normal,2026-02-02T10:48:13.287Z,
course,1304,4,course#1304 评论 4：实例讲解很实用，收藏了。,3,normal,2026-02-04T10:48:13.287Z,
course,1304,5,course#1304 评论 5：重点知识点总结得不错，复习方便。,4,normal,2026-01-28T10:48:13.287Z,
course,1304,6,course#1304 评论 6：节奏刚好，建议再补充一点练习题。,1,normal,2026-01-23T10:48:13.287Z,
course,1305,1,course#1305 评论 1：内容有深度但不晦涩，体验很好。,6,normal,2026-01-26T10:48:13.287Z,
course,1305,2,course#1305 评论 2：这节课讲得很清楚，重点很明确。,7,normal,2026-02-02T10:48:13.287Z,
course,1305,3,course#1305 评论 3：案例很贴近实际，学完能直接上手。,2,normal,2026-01-28T10:48:13.287Z,
course,1305,4,course#1305 评论 4：讲师讲解很细，适合零基础。,0,normal,2026-01-31T10:48:13.287Z,
course,1305,5,course#1305 评论 5：如果能加配套资料就更好了。,0,normal,2026-01-30T10:48:13.287Z,
course,1305,6,course#1305 评论 6：重点知识点总结得不错，复习方便。,4,normal,2026-01-30T10:48:13.287Z,
course,1306,1,course#1306 评论 1：节奏刚好，建议再补充一点练习题。,3,normal,2026-02-03T10:48:13.287Z,
course,1306,2,course#1306 评论 2：希望后续更新更多进阶内容。,0,normal,2026-01-25T10:48:13.287Z,
course,1306,3,course#1306 评论 3：如果能加配套资料就更好了。,1,normal,2026-02-04T10:48:13.287Z,
course,1306,4,course#1306 评论 4：课程结构清晰，学习路线明了。,6,normal,2026-01-22T10:48:13.287Z,
course,1306,5,course#1306 评论 5：案例很贴近实际，学完能直接上手。,5,normal,2026-01-23T10:48:13.287Z,
course,1306,6,course#1306 评论 6：希望后续更新更多进阶内容。,2,normal,2026-01-25T10:48:13.287Z,
course,1307,1,course#1307 评论 1：案例很贴近实际，学完能直接上手。,1,normal,2026-01-23T10:48:13.287Z,
course,1307,2,course#1307 评论 2：希望后续更新更多进阶内容。,1,normal,2026-01-23T10:48:13.287Z,
course,1307,3,course#1307 评论 3：如果能加配套资料就更好了。,4,normal,2026-01-28T10:48:13.287Z,
course,1307,4,course#1307 评论 4：节奏刚好，建议再补充一点练习题。,5,normal,2026-01-25T10:48:13.287Z,
course,1307,5,course#1307 评论 5：如果能加配套资料就更好了。,5,normal,2026-01-27T10:48:13.287Z,
course,1307,6,course#1307 评论 6：如果能加配套资料就更好了。,1,normal,2026-01-25T10:48:13.287Z,
course,1308,1,course#1308 评论 1：如果能加配套资料就更好了。,0,normal,2026-01-25T10:48:13.287Z,
course,1308,2,course#1308 评论 2：讲师讲解很细，适合零基础。,6,normal,2026-01-28T10:48:13.287Z,
course,1308,3,course#1308 评论 3：讲师讲解很细，适合零基础。,4,normal,2026-01-25T10:48:13.287Z,
course,1308,4,course#1308 评论 4：内容有深度但不晦涩，体验很好。,6,normal,2026-02-01T10:48:13.287Z,
course,1308,5,course#1308 评论 5：重点知识点总结得不错，复习方便。,3,normal,2026-01-31T10:48:13.287Z,
course,1308,6,course#1308 评论 6：这节课讲得很清楚，重点很明确。,2,normal,2026-01-31T10:48:13.287Z,
course,1309,1,course#1309 评论 1：案例很贴近实际，学完能直接上手。,7,normal,2026-01-23T10:48:13.287Z,
course,1309,2,course#1309 评论 2：如果能加配套资料就更好了。,2,normal,2026-01-22T10:48:13.287Z,
course,1309,3,course#1309 评论 3：如果能加配套资料就更好了。,4,normal,2026-02-03T10:48:13.287Z,
course,1309,4,course#1309 评论 4：案例很贴近实际，学完能直接上手。,4,normal,2026-01-25T10:48:13.287Z,
course,1309,5,course#1309 评论 5：希望后续更新更多进阶内容。,1,normal,2026-01-26T10:48:13.287Z,
course,1309,6,course#1309 评论 6：讲师讲解很细，适合零基础。,7,normal,2026-01-22T10:48:13.287Z,
course,1310,1,course#1310 评论 1：实例讲解很实用，收藏了。,6,normal,2026-01-25T10:48:13.287Z,
course,1310,2,course#1310 评论 2：如果能加配套资料就更好了。,0,normal,2026-02-04T10:48:13.287Z,
course,1310,3,course#1310 评论 3：希望后续更新更多进阶内容。,4,normal,2026-01-22T10:48:13.287Z,
course,1310,4,course#1310 评论 4：如果能加配套资料就更好了。,4,normal,2026-01-30T10:48:13.287Z,
course,1310,5,course#1310 评论 5：重点知识点总结得不错，复习方便。,6,normal,2026-01-23T10:48:13.287Z,
course,1310,6,course#1310 评论 6：实例讲解很实用，收藏了。,1,normal,2026-02-02T10:48:13.287Z,
course,1311,1,course#1311 评论 1：案例很贴近实际，学完能直接上手。,6,normal,2026-01-28T10:48:13.287Z,
course,1311,2,course#1311 评论 2：节奏刚好，建议再补充一点练习题。,0,normal,2026-01-26T10:48:13.287Z,
course,1311,3,course#1311 评论 3：实例讲解很实用，收藏了。,7,normal,2026-01-23T10:48:13.287Z,
course,1311,4,course#1311 评论 4：重点知识点总结得不错，复习方便。,5,normal,2026-01-31T10:48:13.287Z,
course,1311,5,course#1311 评论 5：课程结构清晰，学习路线明了。,1,normal,2026-02-03T10:48:13.287Z,
course,1311,6,course#1311 评论 6：内容有深度但不晦涩，体验很好。,6,normal,2026-02-02T10:48:13.287Z,
course,1312,1,course#1312 评论 1：案例很贴近实际，学完能直接上手。,1,normal,2026-01-23T10:48:13.287Z,
course,1312,2,course#1312 评论 2：内容有深度但不晦涩，体验很好。,3,normal,2026-01-30T10:48:13.287Z,
course,1312,3,course#1312 评论 3：讲师讲解很细，适合零基础。,1,normal,2026-01-23T10:48:13.287Z,
course,1312,4,course#1312 评论 4：节奏刚好，建议再补充一点练习题。,4,normal,2026-01-30T10:48:13.287Z,
course,1312,5,course#1312 评论 5：这节课讲得很清楚，重点很明确。,7,normal,2026-01-28T10:48:13.287Z,
course,1312,6,course#1312 评论 6：实例讲解很实用，收藏了。,6,normal,2026-01-26T10:48:13.287Z,
course,1313,1,course#1313 评论 1：实例讲解很实用，收藏了。,2,normal,2026-01-26T10:48:13.287Z,
course,1313,2,course#1313 评论 2：内容有深度但不晦涩，体验很好。,6,normal,2026-02-03T10:48:13.287Z,
course,1313,3,course#1313 评论 3：节奏刚好，建议再补充一点练习题。,1,normal,2026-01-28T10:48:13.287Z,
course,1313,4,course#1313 评论 4：案例很贴近实际，学完能直接上手。,0,normal,2026-02-02T10:48:13.287Z,
course,1313,5,course#1313 评论 5：节奏刚好，建议再补充一点练习题。,5,normal,2026-01-26T10:48:13.287Z,
course,1313,6,course#1313 评论 6：节奏刚好，建议再补充一点练习题。,5,normal,2026-02-04T10:48:13.287Z,
course,1314,1,course#1314 评论 1：如果能加配套资料就更好了。,0,normal,2026-02-02T10:48:13.287Z,
course,1314,2,course#1314 评论 2：讲师讲解很细，适合零基础。,0,normal,2026-02-02T10:48:13.287Z,
course,1314,3,course#1314 评论 3：节奏刚好，建议再补充一点练习题。,0,normal,2026-01-31T10:48:13.287Z,
course,1314,4,course#1314 评论 4：案例很贴近实际，学完能直接上手。,5,normal,2026-02-03T10:48:13.287Z,
course,1314,5,course#1314 评论 5：讲师讲解很细，适合零基础。,4,normal,2026-01-23T10:48:13.287Z,
course,1314,6,course#1314 评论 6：内容有深度但不晦涩，体验很好。,6,normal,2026-01-27T10:48:13.287Z,
course,1315,1,course#1315 评论 1：案例很贴近实际，学完能直接上手。,4,normal,2026-01-27T10:48:13.287Z,
course,1315,2,course#1315 评论 2：课程结构清晰，学习路线明了。,0,normal,2026-01-23T10:48:13.287Z,
course,1315,3,course#1315 评论 3：节奏刚好，建议再补充一点练习题。,3,normal,2026-01-29T10:48:13.287Z,
course,1315,4,course#1315 评论 4：希望后续更新更多进阶内容。,6,normal,2026-02-03T10:48:13.287Z,
course,1315,5,course#1315 评论 5：课程结构清晰，学习路线明了。,5,normal,2026-01-25T10:48:13.287Z,
course,1315,6,course#1315 评论 6：课程结构清晰，学习路线明了。,5,normal,2026-01-29T10:48:13.287Z,
course,1316,1,course#1316 评论 1：希望后续更新更多进阶内容。,4,normal,2026-02-01T10:48:13.287Z,
course,1316,2,course#1316 评论 2：如果能加配套资料就更好了。,0,normal,2026-02-02T10:48:13.287Z,
course,1316,3,course#1316 评论 3：节奏刚好，建议再补充一点练习题。,2,normal,2026-02-01T10:48:13.287Z,
course,1316,4,course#1316 评论 4：课程结构清晰，学习路线明了。,6,normal,2026-01-22T10:48:13.287Z,
course,1316,5,course#1316 评论 5：希望后续更新更多进阶内容。,4,normal,2026-01-23T10:48:13.287Z,
course,1316,6,course#1316 评论 6：如果能加配套资料就更好了。,3,normal,2026-01-24T10:48:13.287Z,
course,1317,1,course#1317 评论 1：案例很贴近实际，学完能直接上手。,7,normal,2026-01-22T10:48:13.287Z,
course,1317,2,course#1317 评论 2：希望后续更新更多进阶内容。,2,normal,2026-01-31T10:48:13.287Z,
course,1317,3,course#1317 评论 3：内容有深度但不晦涩，体验很好。,3,normal,2026-01-31T10:48:13.287Z,
course,1317,4,course#1317 评论 4：如果能加配套资料就更好了。,2,normal,2026-01-30T10:48:13.287Z,
course,1317,5,course#1317 评论 5：这节课讲得很清楚，重点很明确。,1,normal,2026-01-25T10:48:13.287Z,
course,1317,6,course#1317 评论 6：内容有深度但不晦涩，体验很好。,0,normal,2026-02-03T10:48:13.287Z,
course,1318,1,course#1318 评论 1：节奏刚好，建议再补充一点练习题。,1,normal,2026-02-02T10:48:13.287Z,
course,1318,2,course#1318 评论 2：重点知识点总结得不错，复习方便。,2,normal,2026-02-03T10:48:13.287Z,
course,1318,3,course#1318 评论 3：课程结构清晰，学习路线明了。,7,normal,2026-01-29T10:48:13.287Z,
course,1318,4,course#1318 评论 4：案例很贴近实际，学完能直接上手。,4,normal,2026-02-04T10:48:13.287Z,
course,1318,5,course#1318 评论 5：节奏刚好，建议再补充一点练习题。,4,normal,2026-01-31T10:48:13.287Z,
course,1318,6,course#1318 评论 6：内容有深度但不晦涩，体验很好。,0,normal,2026-01-26T10:48:13.287Z,
course,1319,1,course#1319 评论 1：如果能加配套资料就更好了。,1,normal,2026-02-01T10:48:13.287Z,
course,1319,2,course#1319 评论 2：节奏刚好，建议再补充一点练习题。,0,normal,2026-01-25T10:48:13.287Z,
course,1319,3,course#1319 评论 3：如果能加配套资料就更好了。,3,normal,2026-02-04T10:48:13.287Z,
course,1319,4,course#1319 评论 4：希望后续更新更多进阶内容。,3,normal,2026-01-28T10:48:13.287Z,
course,1319,5,course#1319 评论 5：内容有深度但不晦涩，体验很好。,7,normal,2026-01-28T10:48:13.287Z,
course,1319,6,course#1319 评论 6：希望后续更新更多进阶内容。,3,normal,2026-01-26T10:48:13.287Z,
course,1320,1,course#1320 评论 1：如果能加配套资料就更好了。,5,normal,2026-01-30T10:48:13.287Z,
course,1320,2,course#1320 评论 2：希望后续更新更多进阶内容。,0,normal,2026-01-24T10:48:13.287Z,
course,1320,3,course#1320 评论 3：讲师讲解很细，适合零基础。,1,normal,2026-01-25T10:48:13.287Z,
course,1320,4,course#1320 评论 4：讲师讲解很细，适合零基础。,2,normal,2026-01-26T10:48:13.287Z,
course,1320,5,course#1320 评论 5：这节课讲得很清楚，重点很明确。,2,normal,2026-02-03T10:48:13.287Z,
course,1320,6,course#1320 评论 6：讲师讲解很细，适合零基础。,4,normal,2026-02-01T10:48:13.287Z,
course,1321,1,course#1321 评论 1：如果能加配套资料就更好了。,7,normal,2026-01-23T10:48:13.287Z,
course,1321,2,course#1321 评论 2：节奏刚好，建议再补充一点练习题。,6,normal,2026-01-28T10:48:13.287Z,
course,1321,3,course#1321 评论 3：节奏刚好，建议再补充一点练习题。,1,normal,2026-01-23T10:48:13.287Z,
course,1321,4,course#1321 评论 4：课程结构清晰，学习路线明了。,0,normal,2026-02-02T10:48:13.287Z,
course,1321,5,course#1321 评论 5：这节课讲得很清楚，重点很明确。,2,normal,2026-01-23T10:48:13.287Z,
course,1321,6,course#1321 评论 6：内容有深度但不晦涩，体验很好。,7,normal,2026-01-30T10:48:13.287Z,
course,1322,1,course#1322 评论 1：如果能加配套资料就更好了。,6,normal,2026-01-26T10:48:13.287Z,
course,1322,2,course#1322 评论 2：讲师讲解很细，适合零基础。,2,normal,2026-01-26T10:48:13.287Z,
course,1322,3,course#1322 评论 3：课程结构清晰，学习路线明了。,4,normal,2026-01-22T10:48:13.287Z,
course,1322,4,course#1322 评论 4：如果能加配套资料就更好了。,4,normal,2026-02-04T10:48:13.287Z,
course,1322,5,course#1322 评论 5：节奏刚好，建议再补充一点练习题。,3,normal,2026-02-04T10:48:13.287Z,
course,1322,6,course#1322 评论 6：希望后续更新更多进阶内容。,1,normal,2026-01-23T10:48:13.287Z,
course,1323,1,course#1323 评论 1：案例很贴近实际，学完能直接上手。,1,normal,2026-02-04T10:48:13.287Z,
course,1323,2,course#1323 评论 2：如果能加配套资料就更好了。,1,normal,2026-01-22T10:48:13.287Z,
course,1323,3,course#1323 评论 3：内容有深度但不晦涩，体验很好。,7,normal,2026-02-03T10:48:13.287Z,
course,1323,4,course#1323 评论 4：内容有深度但不晦涩，体验很好。,6,normal,2026-01-28T10:48:13.287Z,
course,1323,5,course#1323 评论 5：这节课讲得很清楚，重点很明确。,7,normal,2026-01-23T10:48:13.287Z,
course,1323,6,course#1323 评论 6：课程结构清晰，学习路线明了。,7,normal,2026-01-28T10:48:13.287Z,
course,1324,1,course#1324 评论 1：讲师讲解很细，适合零基础。,4,normal,2026-01-24T10:48:13.287Z,
course,1324,2,course#1324 评论 2：这节课讲得很清楚，重点很明确。,0,normal,2026-01-26T10:48:13.287Z,
course,1324,3,course#1324 评论 3：内容有深度但不晦涩，体验很好。,6,normal,2026-01-29T10:48:13.287Z,
course,1324,4,course#1324 评论 4：节奏刚好，建议再补充一点练习题。,5,normal,2026-02-02T10:48:13.287Z,
course,1324,5,course#1324 评论 5：内容有深度但不晦涩，体验很好。,6,normal,2026-01-23T10:48:13.287Z,
course,1324,6,course#1324 评论 6：如果能加配套资料就更好了。,2,normal,2026-01-28T10:48:13.287Z,
course,1325,1,course#1325 评论 1：课程结构清晰，学习路线明了。,1,normal,2026-02-02T10:48:13.287Z,
course,1325,2,course#1325 评论 2：如果能加配套资料就更好了。,4,normal,2026-02-02T10:48:13.287Z,
course,1325,3,course#1325 评论 3：如果能加配套资料就更好了。,4,normal,2026-01-22T10:48:13.287Z,
course,1325,4,course#1325 评论 4：希望后续更新更多进阶内容。,5,normal,2026-02-01T10:48:13.287Z,
course,1325,5,course#1325 评论 5：如果能加配套资料就更好了。,5,normal,2026-01-27T10:48:13.287Z,
course,1325,6,course#1325 评论 6：实例讲解很实用，收藏了。,4,normal,2026-01-30T10:48:13.287Z,
course,1326,1,course#1326 评论 1：案例很贴近实际，学完能直接上手。,7,normal,2026-01-25T10:48:13.287Z,
course,1326,2,course#1326 评论 2：如果能加配套资料就更好了。,5,normal,2026-01-28T10:48:13.287Z,
course,1326,3,course#1326 评论 3：讲师讲解很细，适合零基础。,3,normal,2026-02-04T10:48:13.287Z,
course,1326,4,course#1326 评论 4：案例很贴近实际，学完能直接上手。,0,normal,2026-01-24T10:48:13.287Z,
course,1326,5,course#1326 评论 5：课程结构清晰，学习路线明了。,5,normal,2026-01-24T10:48:13.287Z,
course,1326,6,course#1326 评论 6：实例讲解很实用，收藏了。,4,normal,2026-01-31T10:48:13.287Z,
course,1327,1,course#1327 评论 1：如果能加配套资料就更好了。,3,normal,2026-01-31T10:48:13.287Z,
course,1327,2,course#1327 评论 2：案例很贴近实际，学完能直接上手。,5,normal,2026-01-28T10:48:13.287Z,
course,1327,3,course#1327 评论 3：内容有深度但不晦涩，体验很好。,7,normal,2026-01-28T10:48:13.287Z,
course,1327,4,course#1327 评论 4：这节课讲得很清楚，重点很明确。,6,normal,2026-01-25T10:48:13.287Z,
course,1327,5,course#1327 评论 5：节奏刚好，建议再补充一点练习题。,4,normal,2026-02-02T10:48:13.287Z,
course,1327,6,course#1327 评论 6：内容有深度但不晦涩，体验很好。,7,normal,2026-01-28T10:48:13.287Z,
course,1328,1,course#1328 评论 1：如果能加配套资料就更好了。,7,normal,2026-02-01T10:48:13.287Z,
course,1328,2,course#1328 评论 2：节奏刚好，建议再补充一点练习题。,5,normal,2026-01-25T10:48:13.287Z,
course,1328,3,course#1328 评论 3：内容有深度但不晦涩，体验很好。,5,normal,2026-01-30T10:48:13.287Z,
course,1328,4,course#1328 评论 4：希望后续更新更多进阶内容。,7,normal,2026-02-02T10:48:13.287Z,
course,1328,5,course#1328 评论 5：课程结构清晰，学习路线明了。,5,normal,2026-01-31T10:48:13.287Z,
course,1328,6,course#1328 评论 6：案例很贴近实际，学完能直接上手。,1,normal,2026-01-27T10:48:13.287Z,
course,1329,1,course#1329 评论 1：这节课讲得很清楚，重点很明确。,0,normal,2026-01-23T10:48:13.287Z,
course,1329,2,course#1329 评论 2：实例讲解很实用，收藏了。,5,normal,2026-01-30T10:48:13.287Z,
course,1329,3,course#1329 评论 3：实例讲解很实用，收藏了。,3,normal,2026-02-02T10:48:13.287Z,
course,1329,4,course#1329 评论 4：如果能加配套资料就更好了。,0,normal,2026-01-23T10:48:13.287Z,
course,1329,5,course#1329 评论 5：案例很贴近实际，学完能直接上手。,5,normal,2026-01-29T10:48:13.287Z,
course,1329,6,course#1329 评论 6：如果能加配套资料就更好了。,5,normal,2026-01-29T10:48:13.287Z,
course,1330,1,course#1330 评论 1：实例讲解很实用，收藏了。,4,normal,2026-01-30T10:48:13.287Z,
course,1330,2,course#1330 评论 2：节奏刚好，建议再补充一点练习题。,7,normal,2026-02-01T10:48:13.287Z,
course,1330,3,course#1330 评论 3：希望后续更新更多进阶内容。,1,normal,2026-01-31T10:48:13.287Z,
course,1330,4,course#1330 评论 4：讲师讲解很细，适合零基础。,6,normal,2026-01-24T10:48:13.287Z,
course,1330,5,course#1330 评论 5：内容有深度但不晦涩，体验很好。,3,normal,2026-02-03T10:48:13.287Z,
course,1330,6,course#1330 评论 6：课程结构清晰，学习路线明了。,6,normal,2026-01-29T10:48:13.287Z,
course,1331,1,course#1331 评论 1：课程结构清晰，学习路线明了。,2,normal,2026-02-03T10:48:13.287Z,
course,1331,2,course#1331 评论 2：案例很贴近实际，学完能直接上手。,4,normal,2026-01-24T10:48:13.287Z,
course,1331,3,course#1331 评论 3：课程结构清晰，学习路线明了。,3,normal,2026-01-29T10:48:13.287Z,
course,1331,4,course#1331 评论 4：案例很贴近实际，学完能直接上手。,6,normal,2026-01-28T10:48:13.287Z,
course,1331,5,course#1331 评论 5：节奏刚好，建议再补充一点练习题。,1,normal,2026-01-31T10:48:13.287Z,
course,1331,6,course#1331 评论 6：如果能加配套资料就更好了。,7,normal,2026-01-23T10:48:13.287Z,
course,1332,1,course#1332 评论 1：希望后续更新更多进阶内容。,7,normal,2026-02-02T10:48:13.287Z,
course,1332,2,course#1332 评论 2：讲师讲解很细，适合零基础。,2,normal,2026-01-30T10:48:13.287Z,
course,1332,3,course#1332 评论 3：课程结构清晰，学习路线明了。,5,normal,2026-01-27T10:48:13.287Z,
course,1332,4,course#1332 评论 4：案例很贴近实际，学完能直接上手。,6,normal,2026-02-03T10:48:13.287Z,
course,1332,5,course#1332 评论 5：讲师讲解很细，适合零基础。,7,normal,2026-01-29T10:48:13.287Z,
course,1332,6,course#1332 评论 6：重点知识点总结得不错，复习方便。,7,normal,2026-01-26T10:48:13.287Z,
course,1333,1,course#1333 评论 1：讲师讲解很细，适合零基础。,2,normal,2026-01-31T10:48:13.287Z,
course,1333,2,course#1333 评论 2：案例很贴近实际，学完能直接上手。,2,normal,2026-01-23T10:48:13.287Z,
course,1333,3,course#1333 评论 3：内容有深度但不晦涩，体验很好。,4,normal,2026-02-01T10:48:13.287Z,
course,1333,4,course#1333 评论 4：如果能加配套资料就更好了。,1,normal,2026-01-29T10:48:13.287Z,
course,1333,5,course#1333 评论 5：这节课讲得很清楚，重点很明确。,6,normal,2026-01-23T10:48:13.287Z,
course,1333,6,course#1333 评论 6：如果能加配套资料就更好了。,3,normal,2026-01-23T10:48:13.287Z,
course,1334,1,course#1334 评论 1：如果能加配套资料就更好了。,4,normal,2026-02-01T10:48:13.287Z,
course,1334,2,course#1334 评论 2：希望后续更新更多进阶内容。,6,normal,2026-01-31T10:48:13.287Z,
course,1334,3,course#1334 评论 3：这节课讲得很清楚，重点很明确。,7,normal,2026-01-31T10:48:13.287Z,
course,1334,4,course#1334 评论 4：希望后续更新更多进阶内容。,7,normal,2026-01-23T10:48:13.287Z,
course,1334,5,course#1334 评论 5：这节课讲得很清楚，重点很明确。,5,normal,2026-01-30T10:48:13.287Z,
course,1334,6,course#1334 评论 6：这节课讲得很清楚，重点很明确。,4,normal,2026-01-30T10:48:13.287Z,
course,1335,1,course#1335 评论 1：实例讲解很实用，收藏了。,0,normal,2026-01-26T10:48:13.287Z,
course,1335,2,course#1335 评论 2：案例很贴近实际，学完能直接上手。,5,normal,2026-01-30T10:48:13.287Z,
course,1335,3,course#1335 评论 3：案例很贴近实际，学完能直接上手。,0,normal,2026-01-27T10:48:13.287Z,
course,1335,4,course#1335 评论 4：内容有深度但不晦涩，体验很好。,4,normal,2026-02-04T10:48:13.287Z,
course,1335,5,course#1335 评论 5：希望后续更新更多进阶内容。,3,normal,2026-01-27T10:48:13.287Z,
course,1335,6,course#1335 评论 6：内容有深度但不晦涩，体验很好。,2,normal,2026-01-26T10:48:13.287Z,
course,1336,1,course#1336 评论 1：课程结构清晰，学习路线明了。,6,normal,2026-01-26T10:48:13.287Z,
course,1336,2,course#1336 评论 2：课程结构清晰，学习路线明了。,5,normal,2026-01-22T10:48:13.287Z,
course,1336,3,course#1336 评论 3：希望后续更新更多进阶内容。,0,normal,2026-02-04T10:48:13.287Z,
course,1336,4,course#1336 评论 4：如果能加配套资料就更好了。,2,normal,2026-01-30T10:48:13.287Z,
course,1336,5,course#1336 评论 5：实例讲解很实用，收藏了。,5,normal,2026-02-01T10:48:13.287Z,
course,1336,6,course#1336 评论 6：讲师讲解很细，适合零基础。,7,normal,2026-01-27T10:48:13.287Z,
course,1337,1,course#1337 评论 1：希望后续更新更多进阶内容。,5,normal,2026-01-28T10:48:13.287Z,
course,1337,2,course#1337 评论 2：课程结构清晰，学习路线明了。,0,normal,2026-01-31T10:48:13.287Z,
course,1337,3,course#1337 评论 3：如果能加配套资料就更好了。,3,normal,2026-01-23T10:48:13.287Z,
course,1337,4,course#1337 评论 4：希望后续更新更多进阶内容。,0,normal,2026-01-28T10:48:13.287Z,
course,1337,5,course#1337 评论 5：这节课讲得很清楚，重点很明确。,2,normal,2026-01-26T10:48:13.287Z,
course,1337,6,course#1337 评论 6：节奏刚好，建议再补充一点练习题。,1,normal,2026-02-04T10:48:13.287Z,
course,1338,1,course#1338 评论 1：讲师讲解很细，适合零基础。,5,normal,2026-01-31T10:48:13.287Z,
course,1338,2,course#1338 评论 2：希望后续更新更多进阶内容。,5,normal,2026-02-01T10:48:13.287Z,
course,1338,3,course#1338 评论 3：重点知识点总结得不错，复习方便。,7,normal,2026-01-30T10:48:13.287Z,
course,1338,4,course#1338 评论 4：节奏刚好，建议再补充一点练习题。,6,normal,2026-01-27T10:48:13.287Z,
course,1338,5,course#1338 评论 5：内容有深度但不晦涩，体验很好。,3,normal,2026-01-25T10:48:13.287Z,
course,1338,6,course#1338 评论 6：讲师讲解很细，适合零基础。,6,normal,2026-01-24T10:48:13.287Z,
course,1339,1,course#1339 评论 1：内容有深度但不晦涩，体验很好。,4,normal,2026-01-22T10:48:13.287Z,
course,1339,2,course#1339 评论 2：案例很贴近实际，学完能直接上手。,3,normal,2026-01-27T10:48:13.287Z,
course,1339,3,course#1339 评论 3：如果能加配套资料就更好了。,0,normal,2026-01-24T10:48:13.287Z,
course,1339,4,course#1339 评论 4：案例很贴近实际，学完能直接上手。,0,normal,2026-01-23T10:48:13.287Z,
course,1339,5,course#1339 评论 5：重点知识点总结得不错，复习方便。,3,normal,2026-02-01T10:48:13.287Z,
course,1339,6,course#1339 评论 6：课程结构清晰，学习路线明了。,1,normal,2026-02-01T10:48:13.287Z,
course,1340,1,course#1340 评论 1：希望后续更新更多进阶内容。,5,normal,2026-02-01T10:48:13.287Z,
course,1340,2,course#1340 评论 2：如果能加配套资料就更好了。,6,normal,2026-01-25T10:48:13.287Z,
course,1340,3,course#1340 评论 3：实例讲解很实用，收藏了。,5,normal,2026-01-30T10:48:13.287Z,
course,1340,4,course#1340 评论 4：节奏刚好，建议再补充一点练习题。,3,normal,2026-01-26T10:48:13.287Z,
course,1340,5,course#1340 评论 5：如果能加配套资料就更好了。,3,normal,2026-01-30T10:48:13.287Z,
course,1340,6,course#1340 评论 6：节奏刚好，建议再补充一点练习题。,6,normal,2026-01-31T10:48:13.287Z,
course,1341,1,course#1341 评论 1：希望后续更新更多进阶内容。,3,normal,2026-02-02T10:48:13.287Z,
course,1341,2,course#1341 评论 2：实例讲解很实用，收藏了。,7,normal,2026-01-22T10:48:13.287Z,
course,1341,3,course#1341 评论 3：节奏刚好，建议再补充一点练习题。,6,normal,2026-01-22T10:48:13.287Z,
course,1341,4,course#1341 评论 4：案例很贴近实际，学完能直接上手。,6,normal,2026-01-22T10:48:13.287Z,
course,1341,5,course#1341 评论 5：节奏刚好，建议再补充一点练习题。,5,normal,2026-01-24T10:48:13.287Z,
course,1341,6,course#1341 评论 6：希望后续更新更多进阶内容。,6,normal,2026-01-23T10:48:13.287Z,
course,1342,1,course#1342 评论 1：案例很贴近实际，学完能直接上手。,0,normal,2026-01-24T10:48:13.287Z,
course,1342,2,course#1342 评论 2：课程结构清晰，学习路线明了。,6,normal,2026-01-29T10:48:13.287Z,
course,1342,3,course#1342 评论 3：这节课讲得很清楚，重点很明确。,2,normal,2026-02-04T10:48:13.287Z,
course,1342,4,course#1342 评论 4：实例讲解很实用，收藏了。,5,normal,2026-02-04T10:48:13.287Z,
course,1342,5,course#1342 评论 5：这节课讲得很清楚，重点很明确。,2,normal,2026-01-22T10:48:13.287Z,
course,1342,6,course#1342 评论 6：这节课讲得很清楚，重点很明确。,3,normal,2026-01-24T10:48:13.287Z,
course,1343,1,course#1343 评论 1：课程结构清晰，学习路线明了。,1,normal,2026-01-25T10:48:13.287Z,
course,1343,2,course#1343 评论 2：案例很贴近实际，学完能直接上手。,2,normal,2026-01-28T10:48:13.287Z,
course,1343,3,course#1343 评论 3：希望后续更新更多进阶内容。,0,normal,2026-02-02T10:48:13.287Z,
course,1343,4,course#1343 评论 4：希望后续更新更多进阶内容。,1,normal,2026-02-02T10:48:13.287Z,
course,1343,5,course#1343 评论 5：实例讲解很实用，收藏了。,4,normal,2026-01-23T10:48:13.287Z,
course,1343,6,course#1343 评论 6：课程结构清晰，学习路线明了。,1,normal,2026-01-24T10:48:13.287Z,
course,1344,1,course#1344 评论 1：内容有深度但不晦涩，体验很好。,3,normal,2026-02-03T10:48:13.287Z,
course,1344,2,course#1344 评论 2：实例讲解很实用，收藏了。,4,normal,2026-02-01T10:48:13.287Z,
course,1344,3,course#1344 评论 3：如果能加配套资料就更好了。,2,normal,2026-01-23T10:48:13.287Z,
course,1344,4,course#1344 评论 4：节奏刚好，建议再补充一点练习题。,0,normal,2026-01-23T10:48:13.287Z,
course,1344,5,course#1344 评论 5：重点知识点总结得不错，复习方便。,2,normal,2026-01-28T10:48:13.287Z,
course,1344,6,course#1344 评论 6：案例很贴近实际，学完能直接上手。,7,normal,2026-01-23T10:48:13.287Z,
course,1345,1,course#1345 评论 1：内容有深度但不晦涩，体验很好。,4,normal,2026-01-29T10:48:13.287Z,
course,1345,2,course#1345 评论 2：这节课讲得很清楚，重点很明确。,5,normal,2026-01-27T10:48:13.287Z,
course,1345,3,course#1345 评论 3：这节课讲得很清楚，重点很明确。,1,normal,2026-01-28T10:48:13.287Z,
course,1345,4,course#1345 评论 4：内容有深度但不晦涩，体验很好。,7,normal,2026-01-26T10:48:13.287Z,
course,1345,5,course#1345 评论 5：课程结构清晰，学习路线明了。,1,normal,2026-02-03T10:48:13.287Z,
course,1345,6,course#1345 评论 6：如果能加配套资料就更好了。,4,normal,2026-01-26T10:48:13.287Z,
course,1346,1,course#1346 评论 1：实例讲解很实用，收藏了。,7,normal,2026-01-28T10:48:13.287Z,
course,1346,2,course#1346 评论 2：如果能加配套资料就更好了。,1,normal,2026-02-02T10:48:13.287Z,
course,1346,3,course#1346 评论 3：这节课讲得很清楚，重点很明确。,2,normal,2026-01-31T10:48:13.287Z,
course,1346,4,course#1346 评论 4：课程结构清晰，学习路线明了。,6,normal,2026-01-25T10:48:13.287Z,
course,1346,5,course#1346 评论 5：讲师讲解很细，适合零基础。,3,normal,2026-01-22T10:48:13.287Z,
course,1346,6,course#1346 评论 6：实例讲解很实用，收藏了。,5,normal,2026-01-25T10:48:13.287Z,
course,1347,1,course#1347 评论 1：希望后续更新更多进阶内容。,4,normal,2026-01-27T10:48:13.287Z,
course,1347,2,course#1347 评论 2：课程结构清晰，学习路线明了。,1,normal,2026-01-23T10:48:13.287Z,
course,1347,3,course#1347 评论 3：希望后续更新更多进阶内容。,7,normal,2026-01-24T10:48:13.287Z,
course,1347,4,course#1347 评论 4：案例很贴近实际，学完能直接上手。,1,normal,2026-02-03T10:48:13.287Z,
course,1347,5,course#1347 评论 5：这节课讲得很清楚，重点很明确。,3,normal,2026-01-23T10:48:13.287Z,
course,1347,6,course#1347 评论 6：案例很贴近实际，学完能直接上手。,0,normal,2026-01-29T10:48:13.287Z,
course,1348,1,course#1348 评论 1：案例很贴近实际，学完能直接上手。,7,normal,2026-02-01T10:48:13.287Z,
course,1348,2,course#1348 评论 2：节奏刚好，建议再补充一点练习题。,4,normal,2026-01-31T10:48:13.287Z,
course,1348,3,course#1348 评论 3：讲师讲解很细，适合零基础。,3,normal,2026-01-24T10:48:13.287Z,
course,1348,4,course#1348 评论 4：节奏刚好，建议再补充一点练习题。,2,normal,2026-02-01T10:48:13.287Z,
course,1348,5,course#1348 评论 5：课程结构清晰，学习路线明了。,5,normal,2026-01-22T10:48:13.287Z,
course,1348,6,course#1348 评论 6：如果能加配套资料就更好了。,7,normal,2026-02-03T10:48:13.287Z,
course,1349,1,course#1349 评论 1：如果能加配套资料就更好了。,5,normal,2026-01-22T10:48:13.287Z,
course,1349,2,course#1349 评论 2：讲师讲解很细，适合零基础。,2,normal,2026-02-03T10:48:13.287Z,
course,1349,3,course#1349 评论 3：节奏刚好，建议再补充一点练习题。,6,normal,2026-02-02T10:48:13.287Z,
course,1349,4,course#1349 评论 4：如果能加配套资料就更好了。,4,normal,2026-02-03T10:48:13.287Z,
course,1349,5,course#1349 评论 5：节奏刚好，建议再补充一点练习题。,2,normal,2026-02-03T10:48:13.287Z,
course,1349,6,course#1349 评论 6：实例讲解很实用，收藏了。,6,normal,2026-01-29T10:48:13.287Z,
course,1350,1,course#1350 评论 1：讲师讲解很细，适合零基础。,4,normal,2026-01-29T10:48:13.287Z,
course,1350,2,course#1350 评论 2：课程结构清晰，学习路线明了。,1,normal,2026-01-31T10:48:13.287Z,
course,1350,3,course#1350 评论 3：内容有深度但不晦涩，体验很好。,7,normal,2026-02-02T10:48:13.287Z,
course,1350,4,course#1350 评论 4：内容有深度但不晦涩，体验很好。,4,normal,2026-01-25T10:48:13.287Z,
course,1350,5,course#1350 评论 5：案例很贴近实际，学完能直接上手。,5,normal,2026-01-24T10:48:13.287Z,
course,1350,6,course#1350 评论 6：重点知识点总结得不错，复习方便。,6,normal,2026-01-26T10:48:13.287Z,
course,1351,1,course#1351 评论 1：如果能加配套资料就更好了。,6,normal,2026-01-29T10:48:13.287Z,
course,1351,2,course#1351 评论 2：重点知识点总结得不错，复习方便。,1,normal,2026-02-02T10:48:13.287Z,
course,1351,3,course#1351 评论 3：案例很贴近实际，学完能直接上手。,5,normal,2026-01-31T10:48:13.287Z,
course,1351,4,course#1351 评论 4：实例讲解很实用，收藏了。,1,normal,2026-01-26T10:48:13.287Z,
course,1351,5,course#1351 评论 5：如果能加配套资料就更好了。,0,normal,2026-01-23T10:48:13.287Z,
course,1351,6,course#1351 评论 6：希望后续更新更多进阶内容。,4,normal,2026-01-28T10:48:13.287Z,
course,1352,1,course#1352 评论 1：重点知识点总结得不错，复习方便。,3,normal,2026-01-28T10:48:13.287Z,
course,1352,2,course#1352 评论 2：如果能加配套资料就更好了。,6,normal,2026-01-29T10:48:13.287Z,
course,1352,3,course#1352 评论 3：讲师讲解很细，适合零基础。,2,normal,2026-02-03T10:48:13.287Z,
course,1352,4,course#1352 评论 4：如果能加配套资料就更好了。,5,normal,2026-01-27T10:48:13.287Z,
course,1352,5,course#1352 评论 5：这节课讲得很清楚，重点很明确。,0,normal,2026-01-24T10:48:13.287Z,
course,1352,6,course#1352 评论 6：如果能加配套资料就更好了。,6,normal,2026-01-25T10:48:13.287Z,
course,1353,1,course#1353 评论 1：讲师讲解很细，适合零基础。,3,normal,2026-01-30T10:48:13.287Z,
course,1353,2,course#1353 评论 2：节奏刚好，建议再补充一点练习题。,1,normal,2026-01-25T10:48:13.287Z,
course,1353,3,course#1353 评论 3：内容有深度但不晦涩，体验很好。,3,normal,2026-02-03T10:48:13.287Z,
course,1353,4,course#1353 评论 4：重点知识点总结得不错，复习方便。,5,normal,2026-01-31T10:48:13.287Z,
course,1353,5,course#1353 评论 5：这节课讲得很清楚，重点很明确。,4,normal,2026-02-01T10:48:13.287Z,
course,1353,6,course#1353 评论 6：内容有深度但不晦涩，体验很好。,0,normal,2026-02-03T10:48:13.287Z,
course,1354,1,course#1354 评论 1：案例很贴近实际，学完能直接上手。,3,normal,2026-02-02T10:48:13.287Z,
course,1354,2,course#1354 评论 2：内容有深度但不晦涩，体验很好。,6,normal,2026-01-26T10:48:13.287Z,
course,1354,3,course#1354 评论 3：重点知识点总结得不错，复习方便。,3,normal,2026-01-26T10:48:13.287Z,
course,1354,4,course#1354 评论 4：课程结构清晰，学习路线明了。,6,normal,2026-02-01T10:48:13.287Z,
course,1354,5,course#1354 评论 5：实例讲解很实用，收藏了。,1,normal,2026-01-26T10:48:13.287Z,
course,1354,6,course#1354 评论 6：讲师讲解很细，适合零基础。,0,normal,2026-01-26T10:48:13.287Z,
course,1355,1,course#1355 评论 1：重点知识点总结得不错，复习方便。,6,normal,2026-01-28T10:48:13.287Z,
course,1355,2,course#1355 评论 2：讲师讲解很细，适合零基础。,3,normal,2026-02-01T10:48:13.287Z,
course,1355,3,course#1355 评论 3：案例很贴近实际，学完能直接上手。,0,normal,2026-01-24T10:48:13.287Z,
course,1355,4,course#1355 评论 4：案例很贴近实际，学完能直接上手。,2,normal,2026-02-01T10:48:13.287Z,
course,1355,5,course#1355 评论 5：节奏刚好，建议再补充一点练习题。,7,normal,2026-01-25T10:48:13.287Z,
course,1355,6,course#1355 评论 6：节奏刚好，建议再补充一点练习题。,1,normal,2026-01-23T10:48:13.287Z,
course,1356,1,course#1356 评论 1：内容有深度但不晦涩，体验很好。,3,normal,2026-01-22T10:48:13.287Z,
course,1356,2,course#1356 评论 2：实例讲解很实用，收藏了。,3,normal,2026-01-30T10:48:13.287Z,
course,1356,3,course#1356 评论 3：重点知识点总结得不错，复习方便。,0,normal,2026-01-27T10:48:13.287Z,
course,1356,4,course#1356 评论 4：重点知识点总结得不错，复习方便。,0,normal,2026-01-25T10:48:13.287Z,
course,1356,5,course#1356 评论 5：节奏刚好，建议再补充一点练习题。,5,normal,2026-01-30T10:48:13.287Z,
course,1356,6,course#1356 评论 6：希望后续更新更多进阶内容。,2,normal,2026-01-22T10:48:13.287Z,
course,1357,1,course#1357 评论 1：重点知识点总结得不错，复习方便。,7,normal,2026-01-29T10:48:13.287Z,
course,1357,2,course#1357 评论 2：课程结构清晰，学习路线明了。,2,normal,2026-01-31T10:48:13.287Z,
course,1357,3,course#1357 评论 3：实例讲解很实用，收藏了。,2,normal,2026-01-26T10:48:13.287Z,
course,1357,4,course#1357 评论 4：实例讲解很实用，收藏了。,3,normal,2026-01-23T10:48:13.287Z,
course,1357,5,course#1357 评论 5：课程结构清晰，学习路线明了。,3,normal,2026-01-29T10:48:13.287Z,
course,1357,6,course#1357 评论 6：如果能加配套资料就更好了。,5,normal,2026-01-28T10:48:13.287Z,
course,1358,1,course#1358 评论 1：重点知识点总结得不错，复习方便。,0,normal,2026-01-26T10:48:13.287Z,
course,1358,2,course#1358 评论 2：案例很贴近实际，学完能直接上手。,1,normal,2026-01-22T10:48:13.287Z,
course,1358,3,course#1358 评论 3：这节课讲得很清楚，重点很明确。,1,normal,2026-02-04T10:48:13.287Z,
course,1358,4,course#1358 评论 4：课程结构清晰，学习路线明了。,2,normal,2026-02-04T10:48:13.287Z,
course,1358,5,course#1358 评论 5：这节课讲得很清楚，重点很明确。,3,normal,2026-01-29T10:48:13.287Z,
course,1358,6,course#1358 评论 6：重点知识点总结得不错，复习方便。,6,normal,2026-02-01T10:48:13.287Z,
course,1359,1,course#1359 评论 1：实例讲解很实用，收藏了。,6,normal,2026-01-28T10:48:13.287Z,
course,1359,2,course#1359 评论 2：希望后续更新更多进阶内容。,1,normal,2026-01-22T10:48:13.287Z,
course,1359,3,course#1359 评论 3：内容有深度但不晦涩，体验很好。,4,normal,2026-02-04T10:48:13.287Z,
course,1359,4,course#1359 评论 4：希望后续更新更多进阶内容。,4,normal,2026-01-31T10:48:13.287Z,
course,1359,5,course#1359 评论 5：讲师讲解很细，适合零基础。,6,normal,2026-02-04T10:48:13.287Z,
course,1359,6,course#1359 评论 6：讲师讲解很细，适合零基础。,2,normal,2026-01-30T10:48:13.287Z,
course,1360,1,course#1360 评论 1：重点知识点总结得不错，复习方便。,1,normal,2026-01-26T10:48:13.287Z,
course,1360,2,course#1360 评论 2：实例讲解很实用，收藏了。,4,normal,2026-01-29T10:48:13.287Z,
course,1360,3,course#1360 评论 3：实例讲解很实用，收藏了。,7,normal,2026-01-27T10:48:13.287Z,
course,1360,4,course#1360 评论 4：这节课讲得很清楚，重点很明确。,5,normal,2026-02-01T10:48:13.287Z,
course,1360,5,course#1360 评论 5：如果能加配套资料就更好了。,2,normal,2026-01-27T10:48:13.287Z,
course,1360,6,course#1360 评论 6：希望后续更新更多进阶内容。,7,normal,2026-01-23T10:48:13.287Z,
course,1361,1,course#1361 评论 1：内容有深度但不晦涩，体验很好。,6,normal,2026-01-24T10:48:13.287Z,
course,1361,2,course#1361 评论 2：如果能加配套资料就更好了。,6,normal,2026-02-01T10:48:13.287Z,
course,1361,3,course#1361 评论 3：如果能加配套资料就更好了。,7,normal,2026-01-23T10:48:13.287Z,
course,1361,4,course#1361 评论 4：如果能加配套资料就更好了。,5,normal,2026-02-03T10:48:13.287Z,
course,1361,5,course#1361 评论 5：内容有深度但不晦涩，体验很好。,2,normal,2026-01-31T10:48:13.287Z,
course,1361,6,course#1361 评论 6：重点知识点总结得不错，复习方便。,6,normal,2026-01-27T10:48:13.287Z,
course,1362,1,course#1362 评论 1：内容有深度但不晦涩，体验很好。,5,normal,2026-02-02T10:48:13.287Z,
course,1362,2,course#1362 评论 2：希望后续更新更多进阶内容。,1,normal,2026-02-03T10:48:13.287Z,
course,1362,3,course#1362 评论 3：课程结构清晰，学习路线明了。,0,normal,2026-01-23T10:48:13.287Z,
course,1362,4,course#1362 评论 4：内容有深度但不晦涩，体验很好。,4,normal,2026-01-31T10:48:13.287Z,
course,1362,5,course#1362 评论 5：内容有深度但不晦涩，体验很好。,5,normal,2026-01-23T10:48:13.287Z,
course,1362,6,course#1362 评论 6：案例很贴近实际，学完能直接上手。,4,normal,2026-01-22T10:48:13.287Z,
course,1363,1,course#1363 评论 1：讲师讲解很细，适合零基础。,4,normal,2026-02-03T10:48:13.287Z,
course,1363,2,course#1363 评论 2：讲师讲解很细，适合零基础。,1,normal,2026-01-29T10:48:13.287Z,
course,1363,3,course#1363 评论 3：重点知识点总结得不错，复习方便。,1,normal,2026-01-29T10:48:13.287Z,
course,1363,4,course#1363 评论 4：讲师讲解很细，适合零基础。,7,normal,2026-02-04T10:48:13.287Z,
course,1363,5,course#1363 评论 5：如果能加配套资料就更好了。,1,normal,2026-01-26T10:48:13.287Z,
course,1363,6,course#1363 评论 6：节奏刚好，建议再补充一点练习题。,0,normal,2026-01-23T10:48:13.287Z,
course,1364,1,course#1364 评论 1：内容有深度但不晦涩，体验很好。,1,normal,2026-01-25T10:48:13.287Z,
course,1364,2,course#1364 评论 2：节奏刚好，建议再补充一点练习题。,7,normal,2026-01-25T10:48:13.287Z,
course,1364,3,course#1364 评论 3：案例很贴近实际，学完能直接上手。,4,normal,2026-01-30T10:48:13.287Z,
course,1364,4,course#1364 评论 4：讲师讲解很细，适合零基础。,3,normal,2026-01-27T10:48:13.287Z,
course,1364,5,course#1364 评论 5：案例很贴近实际，学完能直接上手。,5,normal,2026-02-01T10:48:13.287Z,
course,1364,6,course#1364 评论 6：重点知识点总结得不错，复习方便。,3,normal,2026-01-30T10:48:13.287Z,
course,1365,1,course#1365 评论 1：讲师讲解很细，适合零基础。,1,normal,2026-02-01T10:48:13.287Z,
course,1365,2,course#1365 评论 2：内容有深度但不晦涩，体验很好。,7,normal,2026-01-28T10:48:13.287Z,
course,1365,3,course#1365 评论 3：内容有深度但不晦涩，体验很好。,2,normal,2026-02-03T10:48:13.287Z,
course,1365,4,course#1365 评论 4：希望后续更新更多进阶内容。,3,normal,2026-01-26T10:48:13.287Z,
course,1365,5,course#1365 评论 5：希望后续更新更多进阶内容。,7,normal,2026-01-22T10:48:13.287Z,
course,1365,6,course#1365 评论 6：讲师讲解很细，适合零基础。,7,normal,2026-02-04T10:48:13.288Z,
course,1366,1,course#1366 评论 1：这节课讲得很清楚，重点很明确。,3,normal,2026-02-04T10:48:13.288Z,
course,1366,2,course#1366 评论 2：讲师讲解很细，适合零基础。,7,normal,2026-02-03T10:48:13.288Z,
course,1366,3,course#1366 评论 3：希望后续更新更多进阶内容。,4,normal,2026-01-22T10:48:13.288Z,
course,1366,4,course#1366 评论 4：实例讲解很实用，收藏了。,3,normal,2026-01-22T10:48:13.288Z,
course,1366,5,course#1366 评论 5：重点知识点总结得不错，复习方便。,4,normal,2026-01-23T10:48:13.288Z,
course,1366,6,course#1366 评论 6：希望后续更新更多进阶内容。,0,normal,2026-01-31T10:48:13.288Z,
course,1367,1,course#1367 评论 1：实例讲解很实用，收藏了。,1,normal,2026-02-01T10:48:13.288Z,
course,1367,2,course#1367 评论 2：节奏刚好，建议再补充一点练习题。,6,normal,2026-01-29T10:48:13.288Z,
course,1367,3,course#1367 评论 3：节奏刚好，建议再补充一点练习题。,3,normal,2026-01-26T10:48:13.288Z,
course,1367,4,course#1367 评论 4：讲师讲解很细，适合零基础。,7,normal,2026-01-29T10:48:13.288Z,
course,1367,5,course#1367 评论 5：重点知识点总结得不错，复习方便。,4,normal,2026-02-02T10:48:13.288Z,
course,1367,6,course#1367 评论 6：案例很贴近实际，学完能直接上手。,3,normal,2026-01-30T10:48:13.288Z,
course,1368,1,course#1368 评论 1：重点知识点总结得不错，复习方便。,4,normal,2026-01-23T10:48:13.288Z,
course,1368,2,course#1368 评论 2：内容有深度但不晦涩，体验很好。,3,normal,2026-02-03T10:48:13.288Z,
course,1368,3,course#1368 评论 3：这节课讲得很清楚，重点很明确。,6,normal,2026-01-28T10:48:13.288Z,
course,1368,4,course#1368 评论 4：案例很贴近实际，学完能直接上手。,2,normal,2026-01-30T10:48:13.288Z,
course,1368,5,course#1368 评论 5：案例很贴近实际，学完能直接上手。,6,normal,2026-01-25T10:48:13.288Z,
course,1368,6,course#1368 评论 6：实例讲解很实用，收藏了。,6,normal,2026-02-02T10:48:13.288Z,
course,1369,1,course#1369 评论 1：重点知识点总结得不错，复习方便。,6,normal,2026-02-03T10:48:13.288Z,
course,1369,2,course#1369 评论 2：希望后续更新更多进阶内容。,1,normal,2026-02-01T10:48:13.288Z,
course,1369,3,course#1369 评论 3：重点知识点总结得不错，复习方便。,6,normal,2026-01-30T10:48:13.288Z,
course,1369,4,course#1369 评论 4：重点知识点总结得不错，复习方便。,2,normal,2026-01-24T10:48:13.288Z,
course,1369,5,course#1369 评论 5：如果能加配套资料就更好了。,2,normal,2026-01-29T10:48:13.288Z,
course,1369,6,course#1369 评论 6：课程结构清晰，学习路线明了。,4,normal,2026-01-27T10:48:13.288Z,
course,1370,1,course#1370 评论 1：讲师讲解很细，适合零基础。,7,normal,2026-02-04T10:48:13.288Z,
course,1370,2,course#1370 评论 2：重点知识点总结得不错，复习方便。,3,normal,2026-01-25T10:48:13.288Z,
course,1370,3,course#1370 评论 3：节奏刚好，建议再补充一点练习题。,4,normal,2026-02-02T10:48:13.288Z,
course,1370,4,course#1370 评论 4：这节课讲得很清楚，重点很明确。,4,normal,2026-01-23T10:48:13.288Z,
course,1370,5,course#1370 评论 5：如果能加配套资料就更好了。,1,normal,2026-01-26T10:48:13.288Z,
course,1370,6,course#1370 评论 6：重点知识点总结得不错，复习方便。,2,normal,2026-01-27T10:48:13.288Z,
course,1371,1,course#1371 评论 1：课程结构清晰，学习路线明了。,7,normal,2026-02-04T10:48:13.288Z,
course,1371,2,course#1371 评论 2：讲师讲解很细，适合零基础。,6,normal,2026-01-30T10:48:13.288Z,
course,1371,3,course#1371 评论 3：如果能加配套资料就更好了。,6,normal,2026-01-26T10:48:13.288Z,
course,1371,4,course#1371 评论 4：内容有深度但不晦涩，体验很好。,3,normal,2026-02-01T10:48:13.288Z,
course,1371,5,course#1371 评论 5：讲师讲解很细，适合零基础。,4,normal,2026-01-24T10:48:13.288Z,
course,1371,6,course#1371 评论 6：节奏刚好，建议再补充一点练习题。,3,normal,2026-02-01T10:48:13.288Z,
course,1372,1,course#1372 评论 1：内容有深度但不晦涩，体验很好。,5,normal,2026-01-25T10:48:13.288Z,
course,1372,2,course#1372 评论 2：如果能加配套资料就更好了。,2,normal,2026-02-02T10:48:13.288Z,
course,1372,3,course#1372 评论 3：如果能加配套资料就更好了。,0,normal,2026-02-04T10:48:13.288Z,
course,1372,4,course#1372 评论 4：讲师讲解很细，适合零基础。,7,normal,2026-02-02T10:48:13.288Z,
course,1372,5,course#1372 评论 5：希望后续更新更多进阶内容。,2,normal,2026-01-27T10:48:13.288Z,
course,1372,6,course#1372 评论 6：节奏刚好，建议再补充一点练习题。,3,normal,2026-02-03T10:48:13.288Z,
course,1373,1,course#1373 评论 1：这节课讲得很清楚，重点很明确。,0,normal,2026-01-29T10:48:13.288Z,
course,1373,2,course#1373 评论 2：课程结构清晰，学习路线明了。,2,normal,2026-01-28T10:48:13.288Z,
course,1373,3,course#1373 评论 3：案例很贴近实际，学完能直接上手。,0,normal,2026-01-23T10:48:13.288Z,
course,1373,4,course#1373 评论 4：内容有深度但不晦涩，体验很好。,7,normal,2026-01-30T10:48:13.288Z,
course,1373,5,course#1373 评论 5：讲师讲解很细，适合零基础。,1,normal,2026-01-27T10:48:13.288Z,
course,1373,6,course#1373 评论 6：案例很贴近实际，学完能直接上手。,0,normal,2026-02-02T10:48:13.288Z,
course,1374,1,course#1374 评论 1：实例讲解很实用，收藏了。,3,normal,2026-02-01T10:48:13.288Z,
course,1374,2,course#1374 评论 2：重点知识点总结得不错，复习方便。,4,normal,2026-01-23T10:48:13.288Z,
course,1374,3,course#1374 评论 3：讲师讲解很细，适合零基础。,6,normal,2026-01-31T10:48:13.288Z,
course,1374,4,course#1374 评论 4：实例讲解很实用，收藏了。,7,normal,2026-02-02T10:48:13.288Z,
course,1374,5,course#1374 评论 5：希望后续更新更多进阶内容。,0,normal,2026-01-31T10:48:13.288Z,
course,1374,6,course#1374 评论 6：节奏刚好，建议再补充一点练习题。,2,normal,2026-01-28T10:48:13.288Z,
course,1375,1,course#1375 评论 1：如果能加配套资料就更好了。,5,normal,2026-01-23T10:48:13.288Z,
course,1375,2,course#1375 评论 2：讲师讲解很细，适合零基础。,7,normal,2026-01-30T10:48:13.288Z,
course,1375,3,course#1375 评论 3：讲师讲解很细，适合零基础。,5,normal,2026-01-30T10:48:13.288Z,
course,1375,4,course#1375 评论 4：讲师讲解很细，适合零基础。,5,normal,2026-01-22T10:48:13.288Z,
course,1375,5,course#1375 评论 5：节奏刚好，建议再补充一点练习题。,1,normal,2026-01-25T10:48:13.288Z,
course,1375,6,course#1375 评论 6：实例讲解很实用，收藏了。,0,normal,2026-01-31T10:48:13.288Z,
course,1376,1,course#1376 评论 1：重点知识点总结得不错，复习方便。,6,normal,2026-02-02T10:48:13.288Z,
course,1376,2,course#1376 评论 2：课程结构清晰，学习路线明了。,4,normal,2026-01-24T10:48:13.288Z,
course,1376,3,course#1376 评论 3：如果能加配套资料就更好了。,3,normal,2026-02-04T10:48:13.288Z,
course,1376,4,course#1376 评论 4：节奏刚好，建议再补充一点练习题。,4,normal,2026-01-30T10:48:13.288Z,
course,1376,5,course#1376 评论 5：内容有深度但不晦涩，体验很好。,4,normal,2026-01-29T10:48:13.288Z,
course,1376,6,course#1376 评论 6：如果能加配套资料就更好了。,3,normal,2026-01-22T10:48:13.288Z,
course,1377,1,course#1377 评论 1：内容有深度但不晦涩，体验很好。,1,normal,2026-01-27T10:48:13.288Z,
course,1377,2,course#1377 评论 2：课程结构清晰，学习路线明了。,5,normal,2026-01-24T10:48:13.288Z,
course,1377,3,course#1377 评论 3：课程结构清晰，学习路线明了。,3,normal,2026-02-04T10:48:13.288Z,
course,1377,4,course#1377 评论 4：内容有深度但不晦涩，体验很好。,7,normal,2026-01-31T10:48:13.288Z,
course,1377,5,course#1377 评论 5：这节课讲得很清楚，重点很明确。,5,normal,2026-01-25T10:48:13.288Z,
course,1377,6,course#1377 评论 6：实例讲解很实用，收藏了。,7,normal,2026-01-29T10:48:13.288Z,
course,1378,1,course#1378 评论 1：内容有深度但不晦涩，体验很好。,3,normal,2026-01-23T10:48:13.288Z,
course,1378,2,course#1378 评论 2：讲师讲解很细，适合零基础。,1,normal,2026-01-31T10:48:13.288Z,
course,1378,3,course#1378 评论 3：重点知识点总结得不错，复习方便。,1,normal,2026-01-22T10:48:13.288Z,
course,1378,4,course#1378 评论 4：如果能加配套资料就更好了。,3,normal,2026-01-23T10:48:13.288Z,
course,1378,5,course#1378 评论 5：讲师讲解很细，适合零基础。,7,normal,2026-01-24T10:48:13.288Z,
course,1378,6,course#1378 评论 6：希望后续更新更多进阶内容。,0,normal,2026-01-26T10:48:13.288Z,
course,1379,1,course#1379 评论 1：课程结构清晰，学习路线明了。,7,normal,2026-01-24T10:48:13.288Z,
course,1379,2,course#1379 评论 2：节奏刚好，建议再补充一点练习题。,2,normal,2026-01-23T10:48:13.288Z,
course,1379,3,course#1379 评论 3：如果能加配套资料就更好了。,1,normal,2026-01-30T10:48:13.288Z,
course,1379,4,course#1379 评论 4：重点知识点总结得不错，复习方便。,2,normal,2026-01-28T10:48:13.288Z,
course,1379,5,course#1379 评论 5：重点知识点总结得不错，复习方便。,7,normal,2026-02-03T10:48:13.288Z,
course,1379,6,course#1379 评论 6：希望后续更新更多进阶内容。,7,normal,2026-02-02T10:48:13.288Z,
course,1380,1,course#1380 评论 1：案例很贴近实际，学完能直接上手。,4,normal,2026-01-22T10:48:13.288Z,
course,1380,2,course#1380 评论 2：如果能加配套资料就更好了。,5,normal,2026-01-22T10:48:13.288Z,
course,1380,3,course#1380 评论 3：讲师讲解很细，适合零基础。,1,normal,2026-01-30T10:48:13.288Z,
course,1380,4,course#1380 评论 4：这节课讲得很清楚，重点很明确。,3,normal,2026-01-23T10:48:13.288Z,
course,1380,5,course#1380 评论 5：节奏刚好，建议再补充一点练习题。,2,normal,2026-02-02T10:48:13.288Z,
course,1380,6,course#1380 评论 6：案例很贴近实际，学完能直接上手。,5,normal,2026-01-27T10:48:13.288Z,
course,1381,1,course#1381 评论 1：这节课讲得很清楚，重点很明确。,2,normal,2026-02-04T10:48:13.288Z,
course,1381,2,course#1381 评论 2：案例很贴近实际，学完能直接上手。,0,normal,2026-01-30T10:48:13.288Z,
course,1381,3,course#1381 评论 3：课程结构清晰，学习路线明了。,3,normal,2026-01-26T10:48:13.288Z,
course,1381,4,course#1381 评论 4：讲师讲解很细，适合零基础。,5,normal,2026-02-02T10:48:13.288Z,
course,1381,5,course#1381 评论 5：重点知识点总结得不错，复习方便。,6,normal,2026-01-26T10:48:13.288Z,
course,1381,6,course#1381 评论 6：这节课讲得很清楚，重点很明确。,0,normal,2026-01-27T10:48:13.288Z,
course,1382,1,course#1382 评论 1：内容有深度但不晦涩，体验很好。,7,normal,2026-01-26T10:48:13.288Z,
course,1382,2,course#1382 评论 2：课程结构清晰，学习路线明了。,7,normal,2026-02-03T10:48:13.288Z,
course,1382,3,course#1382 评论 3：案例很贴近实际，学完能直接上手。,2,normal,2026-01-29T10:48:13.288Z,
course,1382,4,course#1382 评论 4：内容有深度但不晦涩，体验很好。,5,normal,2026-01-23T10:48:13.288Z,
course,1382,5,course#1382 评论 5：节奏刚好，建议再补充一点练习题。,3,normal,2026-01-26T10:48:13.288Z,
course,1382,6,course#1382 评论 6：如果能加配套资料就更好了。,4,normal,2026-02-03T10:48:13.288Z,
course,1383,1,course#1383 评论 1：实例讲解很实用，收藏了。,4,normal,2026-01-30T10:48:13.288Z,
course,1383,2,course#1383 评论 2：讲师讲解很细，适合零基础。,0,normal,2026-01-28T10:48:13.288Z,
course,1383,3,course#1383 评论 3：内容有深度但不晦涩，体验很好。,0,normal,2026-02-02T10:48:13.288Z,
course,1383,4,course#1383 评论 4：实例讲解很实用，收藏了。,5,normal,2026-01-27T10:48:13.288Z,
course,1383,5,course#1383 评论 5：重点知识点总结得不错，复习方便。,6,normal,2026-01-27T10:48:13.288Z,
course,1383,6,course#1383 评论 6：这节课讲得很清楚，重点很明确。,7,normal,2026-02-04T10:48:13.288Z,
course,1384,1,course#1384 评论 1：如果能加配套资料就更好了。,4,normal,2026-02-04T10:48:13.288Z,
course,1384,2,course#1384 评论 2：这节课讲得很清楚，重点很明确。,7,normal,2026-01-28T10:48:13.288Z,
course,1384,3,course#1384 评论 3：实例讲解很实用，收藏了。,2,normal,2026-01-26T10:48:13.288Z,
course,1384,4,course#1384 评论 4：如果能加配套资料就更好了。,5,normal,2026-01-30T10:48:13.288Z,
course,1384,5,course#1384 评论 5：案例很贴近实际，学完能直接上手。,4,normal,2026-01-22T10:48:13.288Z,
course,1384,6,course#1384 评论 6：内容有深度但不晦涩，体验很好。,6,normal,2026-02-02T10:48:13.288Z,
course,1385,1,course#1385 评论 1：重点知识点总结得不错，复习方便。,5,normal,2026-01-22T10:48:13.288Z,
course,1385,2,course#1385 评论 2：如果能加配套资料就更好了。,0,normal,2026-01-27T10:48:13.288Z,
course,1385,3,course#1385 评论 3：节奏刚好，建议再补充一点练习题。,5,normal,2026-01-28T10:48:13.288Z,
course,1385,4,course#1385 评论 4：这节课讲得很清楚，重点很明确。,3,normal,2026-01-22T10:48:13.288Z,
course,1385,5,course#1385 评论 5：重点知识点总结得不错，复习方便。,2,normal,2026-01-31T10:48:13.288Z,
course,1385,6,course#1385 评论 6：如果能加配套资料就更好了。,7,normal,2026-02-02T10:48:13.288Z,
course,1386,1,course#1386 评论 1：讲师讲解很细，适合零基础。,7,normal,2026-01-22T10:48:13.288Z,
course,1386,2,course#1386 评论 2：实例讲解很实用，收藏了。,1,normal,2026-02-04T10:48:13.288Z,
course,1386,3,course#1386 评论 3：如果能加配套资料就更好了。,0,normal,2026-01-28T10:48:13.288Z,
course,1386,4,course#1386 评论 4：课程结构清晰，学习路线明了。,2,normal,2026-02-04T10:48:13.288Z,
course,1386,5,course#1386 评论 5：如果能加配套资料就更好了。,0,normal,2026-01-22T10:48:13.288Z,
course,1386,6,course#1386 评论 6：案例很贴近实际，学完能直接上手。,2,normal,2026-01-22T10:48:13.288Z,
course,1387,1,course#1387 评论 1：内容有深度但不晦涩，体验很好。,0,normal,2026-01-27T10:48:13.288Z,
course,1387,2,course#1387 评论 2：案例很贴近实际，学完能直接上手。,6,normal,2026-01-23T10:48:13.288Z,
course,1387,3,course#1387 评论 3：如果能加配套资料就更好了。,4,normal,2026-01-24T10:48:13.288Z,
course,1387,4,course#1387 评论 4：这节课讲得很清楚，重点很明确。,2,normal,2026-01-29T10:48:13.288Z,
course,1387,5,course#1387 评论 5：案例很贴近实际，学完能直接上手。,0,normal,2026-01-31T10:48:13.288Z,
course,1387,6,course#1387 评论 6：讲师讲解很细，适合零基础。,7,normal,2026-02-04T10:48:13.288Z,
course,1388,1,course#1388 评论 1：实例讲解很实用，收藏了。,2,normal,2026-01-25T10:48:13.288Z,
course,1388,2,course#1388 评论 2：内容有深度但不晦涩，体验很好。,3,normal,2026-01-27T10:48:13.288Z,
course,1388,3,course#1388 评论 3：希望后续更新更多进阶内容。,1,normal,2026-01-22T10:48:13.288Z,
course,1388,4,course#1388 评论 4：讲师讲解很细，适合零基础。,7,normal,2026-02-03T10:48:13.288Z,
course,1388,5,course#1388 评论 5：如果能加配套资料就更好了。,2,normal,2026-01-27T10:48:13.288Z,
course,1388,6,course#1388 评论 6：希望后续更新更多进阶内容。,7,normal,2026-01-28T10:48:13.288Z,
course,1389,1,course#1389 评论 1：重点知识点总结得不错，复习方便。,6,normal,2026-01-31T10:48:13.288Z,
course,1389,2,course#1389 评论 2：实例讲解很实用，收藏了。,0,normal,2026-01-22T10:48:13.288Z,
course,1389,3,course#1389 评论 3：讲师讲解很细，适合零基础。,2,normal,2026-02-02T10:48:13.288Z,
course,1389,4,course#1389 评论 4：这节课讲得很清楚，重点很明确。,6,normal,2026-02-02T10:48:13.288Z,
course,1389,5,course#1389 评论 5：课程结构清晰，学习路线明了。,1,normal,2026-01-31T10:48:13.288Z,
course,1389,6,course#1389 评论 6：课程结构清晰，学习路线明了。,2,normal,2026-01-22T10:48:13.288Z,
course,1390,1,course#1390 评论 1：课程结构清晰，学习路线明了。,1,normal,2026-02-02T10:48:13.288Z,
course,1390,2,course#1390 评论 2：重点知识点总结得不错，复习方便。,3,normal,2026-01-28T10:48:13.288Z,
course,1390,3,course#1390 评论 3：讲师讲解很细，适合零基础。,1,normal,2026-01-27T10:48:13.288Z,
course,1390,4,course#1390 评论 4：课程结构清晰，学习路线明了。,7,normal,2026-02-02T10:48:13.288Z,
course,1390,5,course#1390 评论 5：这节课讲得很清楚，重点很明确。,5,normal,2026-02-01T10:48:13.288Z,
course,1390,6,course#1390 评论 6：这节课讲得很清楚，重点很明确。,1,normal,2026-01-30T10:48:13.288Z,
course,1391,1,course#1391 评论 1：节奏刚好，建议再补充一点练习题。,0,normal,2026-01-24T10:48:13.288Z,
course,1391,2,course#1391 评论 2：课程结构清晰，学习路线明了。,0,normal,2026-01-23T10:48:13.288Z,
course,1391,3,course#1391 评论 3：内容有深度但不晦涩，体验很好。,4,normal,2026-01-24T10:48:13.288Z,
course,1391,4,course#1391 评论 4：实例讲解很实用，收藏了。,2,normal,2026-01-22T10:48:13.288Z,
course,1391,5,course#1391 评论 5：内容有深度但不晦涩，体验很好。,4,normal,2026-01-28T10:48:13.288Z,
course,1391,6,course#1391 评论 6：希望后续更新更多进阶内容。,1,normal,2026-01-27T10:48:13.288Z,
course,1392,1,course#1392 评论 1：节奏刚好，建议再补充一点练习题。,1,normal,2026-01-28T10:48:13.288Z,
course,1392,2,course#1392 评论 2：课程结构清晰，学习路线明了。,1,normal,2026-02-04T10:48:13.288Z,
course,1392,3,course#1392 评论 3：希望后续更新更多进阶内容。,7,normal,2026-01-25T10:48:13.288Z,
course,1392,4,course#1392 评论 4：课程结构清晰，学习路线明了。,5,normal,2026-01-31T10:48:13.288Z,
course,1392,5,course#1392 评论 5：内容有深度但不晦涩，体验很好。,6,normal,2026-01-22T10:48:13.288Z,
course,1392,6,course#1392 评论 6：这节课讲得很清楚，重点很明确。,4,normal,2026-02-02T10:48:13.288Z,
course,1393,1,course#1393 评论 1：重点知识点总结得不错，复习方便。,2,normal,2026-01-24T10:48:13.288Z,
course,1393,2,course#1393 评论 2：如果能加配套资料就更好了。,0,normal,2026-02-04T10:48:13.288Z,
course,1393,3,course#1393 评论 3：实例讲解很实用，收藏了。,6,normal,2026-01-22T10:48:13.288Z,
course,1393,4,course#1393 评论 4：重点知识点总结得不错，复习方便。,1,normal,2026-01-30T10:48:13.288Z,
course,1393,5,course#1393 评论 5：如果能加配套资料就更好了。,6,normal,2026-01-22T10:48:13.288Z,
course,1393,6,course#1393 评论 6：希望后续更新更多进阶内容。,5,normal,2026-01-24T10:48:13.288Z,
course,1394,1,course#1394 评论 1：重点知识点总结得不错，复习方便。,1,normal,2026-02-04T10:48:13.288Z,
course,1394,2,course#1394 评论 2：重点知识点总结得不错，复习方便。,4,normal,2026-01-24T10:48:13.288Z,
course,1394,3,course#1394 评论 3：内容有深度但不晦涩，体验很好。,4,normal,2026-01-31T10:48:13.288Z,
course,1394,4,course#1394 评论 4：如果能加配套资料就更好了。,3,normal,2026-01-23T10:48:13.288Z,
course,1394,5,course#1394 评论 5：希望后续更新更多进阶内容。,7,normal,2026-01-23T10:48:13.288Z,
course,1394,6,course#1394 评论 6：节奏刚好，建议再补充一点练习题。,5,normal,2026-01-26T10:48:13.288Z,
course,1395,1,course#1395 评论 1：讲师讲解很细，适合零基础。,6,normal,2026-01-29T10:48:13.288Z,
course,1395,2,course#1395 评论 2：希望后续更新更多进阶内容。,4,normal,2026-02-03T10:48:13.288Z,
course,1395,3,course#1395 评论 3：讲师讲解很细，适合零基础。,4,normal,2026-01-22T10:48:13.288Z,
course,1395,4,course#1395 评论 4：希望后续更新更多进阶内容。,7,normal,2026-01-31T10:48:13.288Z,
course,1395,5,course#1395 评论 5：内容有深度但不晦涩，体验很好。,4,normal,2026-01-29T10:48:13.288Z,
course,1395,6,course#1395 评论 6：节奏刚好，建议再补充一点练习题。,7,normal,2026-01-31T10:48:13.288Z,
course,1396,1,course#1396 评论 1：重点知识点总结得不错，复习方便。,7,normal,2026-01-23T10:48:13.288Z,
course,1396,2,course#1396 评论 2：希望后续更新更多进阶内容。,3,normal,2026-01-25T10:48:13.288Z,
course,1396,3,course#1396 评论 3：如果能加配套资料就更好了。,4,normal,2026-02-04T10:48:13.288Z,
course,1396,4,course#1396 评论 4：实例讲解很实用，收藏了。,6,normal,2026-01-23T10:48:13.288Z,
course,1396,5,course#1396 评论 5：讲师讲解很细，适合零基础。,7,normal,2026-01-22T10:48:13.288Z,
course,1396,6,course#1396 评论 6：希望后续更新更多进阶内容。,5,normal,2026-02-02T10:48:13.288Z,
course,1397,1,course#1397 评论 1：课程结构清晰，学习路线明了。,6,normal,2026-02-01T10:48:13.288Z,
course,1397,2,course#1397 评论 2：课程结构清晰，学习路线明了。,1,normal,2026-01-22T10:48:13.288Z,
course,1397,3,course#1397 评论 3：内容有深度但不晦涩，体验很好。,0,normal,2026-02-03T10:48:13.288Z,
course,1397,4,course#1397 评论 4：重点知识点总结得不错，复习方便。,1,normal,2026-01-23T10:48:13.288Z,
course,1397,5,course#1397 评论 5：如果能加配套资料就更好了。,2,normal,2026-01-31T10:48:13.288Z,
course,1397,6,course#1397 评论 6：案例很贴近实际，学完能直接上手。,1,normal,2026-01-24T10:48:13.288Z,
course,1398,1,course#1398 评论 1：节奏刚好，建议再补充一点练习题。,5,normal,2026-01-28T10:48:13.288Z,
course,1398,2,course#1398 评论 2：课程结构清晰，学习路线明了。,1,normal,2026-02-02T10:48:13.288Z,
course,1398,3,course#1398 评论 3：节奏刚好，建议再补充一点练习题。,0,normal,2026-02-01T10:48:13.288Z,
course,1398,4,course#1398 评论 4：实例讲解很实用，收藏了。,1,normal,2026-01-26T10:48:13.288Z,
course,1398,5,course#1398 评论 5：如果能加配套资料就更好了。,0,normal,2026-01-27T10:48:13.288Z,
course,1398,6,course#1398 评论 6：希望后续更新更多进阶内容。,6,normal,2026-01-30T10:48:13.288Z,
course,1399,1,course#1399 评论 1：希望后续更新更多进阶内容。,0,normal,2026-01-31T10:48:13.288Z,
course,1399,2,course#1399 评论 2：如果能加配套资料就更好了。,2,normal,2026-01-27T10:48:13.288Z,
course,1399,3,course#1399 评论 3：重点知识点总结得不错，复习方便。,5,normal,2026-02-03T10:48:13.288Z,
course,1399,4,course#1399 评论 4：内容有深度但不晦涩，体验很好。,4,normal,2026-01-27T10:48:13.288Z,
course,1399,5,course#1399 评论 5：案例很贴近实际，学完能直接上手。,3,normal,2026-01-29T10:48:13.288Z,
course,1399,6,course#1399 评论 6：实例讲解很实用，收藏了。,6,normal,2026-01-29T10:48:13.288Z,
course,1400,1,course#1400 评论 1：内容有深度但不晦涩，体验很好。,3,normal,2026-01-22T10:48:13.288Z,
course,1400,2,course#1400 评论 2：如果能加配套资料就更好了。,0,normal,2026-01-24T10:48:13.288Z,
course,1400,3,course#1400 评论 3：希望后续更新更多进阶内容。,7,normal,2026-01-31T10:48:13.288Z,
course,1400,4,course#1400 评论 4：实例讲解很实用，收藏了。,4,normal,2026-01-28T10:48:13.288Z,
course,1400,5,course#1400 评论 5：希望后续更新更多进阶内容。,3,normal,2026-02-01T10:48:13.288Z,
course,1400,6,course#1400 评论 6：节奏刚好，建议再补充一点练习题。,0,normal,2026-01-24T10:48:13.288Z,
course,1401,1,course#1401 评论 1：重点知识点总结得不错，复习方便。,0,normal,2026-02-03T10:48:13.288Z,
course,1401,2,course#1401 评论 2：重点知识点总结得不错，复习方便。,1,normal,2026-01-28T10:48:13.288Z,
course,1401,3,course#1401 评论 3：如果能加配套资料就更好了。,1,normal,2026-01-22T10:48:13.288Z,
course,1401,4,course#1401 评论 4：这节课讲得很清楚，重点很明确。,3,normal,2026-02-03T10:48:13.288Z,
course,1401,5,course#1401 评论 5：这节课讲得很清楚，重点很明确。,3,normal,2026-01-22T10:48:13.288Z,
course,1401,6,course#1401 评论 6：讲师讲解很细，适合零基础。,5,normal,2026-01-24T10:48:13.288Z,
course,1402,1,course#1402 评论 1：课程结构清晰，学习路线明了。,0,normal,2026-02-02T10:48:13.288Z,
course,1402,2,course#1402 评论 2：希望后续更新更多进阶内容。,2,normal,2026-01-23T10:48:13.288Z,
course,1402,3,course#1402 评论 3：重点知识点总结得不错，复习方便。,7,normal,2026-02-04T10:48:13.288Z,
course,1402,4,course#1402 评论 4：这节课讲得很清楚，重点很明确。,4,normal,2026-02-01T10:48:13.288Z,
course,1402,5,course#1402 评论 5：节奏刚好，建议再补充一点练习题。,3,normal,2026-02-04T10:48:13.288Z,
course,1402,6,course#1402 评论 6：如果能加配套资料就更好了。,3,normal,2026-02-03T10:48:13.288Z,
course,1403,1,course#1403 评论 1：这节课讲得很清楚，重点很明确。,6,normal,2026-01-25T10:48:13.288Z,
course,1403,2,course#1403 评论 2：案例很贴近实际，学完能直接上手。,1,normal,2026-01-26T10:48:13.288Z,
course,1403,3,course#1403 评论 3：实例讲解很实用，收藏了。,7,normal,2026-01-29T10:48:13.288Z,
course,1403,4,course#1403 评论 4：希望后续更新更多进阶内容。,4,normal,2026-01-25T10:48:13.288Z,
course,1403,5,course#1403 评论 5：如果能加配套资料就更好了。,3,normal,2026-02-02T10:48:13.288Z,
course,1403,6,course#1403 评论 6：节奏刚好，建议再补充一点练习题。,3,normal,2026-02-02T10:48:13.288Z,
course,1404,1,course#1404 评论 1：实例讲解很实用，收藏了。,4,normal,2026-02-01T10:48:13.288Z,
course,1404,2,course#1404 评论 2：讲师讲解很细，适合零基础。,0,normal,2026-01-23T10:48:13.288Z,
course,1404,3,course#1404 评论 3：希望后续更新更多进阶内容。,4,normal,2026-01-30T10:48:13.288Z,
course,1404,4,course#1404 评论 4：希望后续更新更多进阶内容。,1,normal,2026-02-03T10:48:13.288Z,
course,1404,5,course#1404 评论 5：课程结构清晰，学习路线明了。,0,normal,2026-01-29T10:48:13.288Z,
course,1404,6,course#1404 评论 6：实例讲解很实用，收藏了。,3,normal,2026-01-23T10:48:13.288Z,
course,1405,1,course#1405 评论 1：重点知识点总结得不错，复习方便。,5,normal,2026-02-04T10:48:13.288Z,
course,1405,2,course#1405 评论 2：重点知识点总结得不错，复习方便。,3,normal,2026-02-01T10:48:13.288Z,
course,1405,3,course#1405 评论 3：这节课讲得很清楚，重点很明确。,2,normal,2026-02-02T10:48:13.288Z,
course,1405,4,course#1405 评论 4：课程结构清晰，学习路线明了。,1,normal,2026-02-02T10:48:13.288Z,
course,1405,5,course#1405 评论 5：内容有深度但不晦涩，体验很好。,4,normal,2026-01-25T10:48:13.288Z,
course,1405,6,course#1405 评论 6：案例很贴近实际，学完能直接上手。,2,normal,2026-01-25T10:48:13.288Z,
course,1406,1,course#1406 评论 1：如果能加配套资料就更好了。,5,normal,2026-01-27T10:48:13.288Z,
course,1406,2,course#1406 评论 2：如果能加配套资料就更好了。,7,normal,2026-01-29T10:48:13.288Z,
course,1406,3,course#1406 评论 3：案例很贴近实际，学完能直接上手。,0,normal,2026-02-04T10:48:13.288Z,
course,1406,4,course#1406 评论 4：这节课讲得很清楚，重点很明确。,3,normal,2026-02-04T10:48:13.288Z,
course,1406,5,course#1406 评论 5：课程结构清晰，学习路线明了。,0,normal,2026-01-23T10:48:13.288Z,
course,1406,6,course#1406 评论 6：节奏刚好，建议再补充一点练习题。,6,normal,2026-01-30T10:48:13.288Z,
course,1407,1,course#1407 评论 1：节奏刚好，建议再补充一点练习题。,4,normal,2026-01-29T10:48:13.288Z,
course,1407,2,course#1407 评论 2：如果能加配套资料就更好了。,4,normal,2026-02-01T10:48:13.288Z,
course,1407,3,course#1407 评论 3：实例讲解很实用，收藏了。,5,normal,2026-01-22T10:48:13.288Z,
course,1407,4,course#1407 评论 4：实例讲解很实用，收藏了。,3,normal,2026-01-26T10:48:13.288Z,
course,1407,5,course#1407 评论 5：重点知识点总结得不错，复习方便。,4,normal,2026-02-03T10:48:13.288Z,
course,1407,6,course#1407 评论 6：希望后续更新更多进阶内容。,5,normal,2026-02-04T10:48:13.288Z,
course,1408,1,course#1408 评论 1：讲师讲解很细，适合零基础。,7,normal,2026-01-25T10:48:13.288Z,
course,1408,2,course#1408 评论 2：案例很贴近实际，学完能直接上手。,7,normal,2026-01-31T10:48:13.288Z,
course,1408,3,course#1408 评论 3：如果能加配套资料就更好了。,7,normal,2026-02-02T10:48:13.288Z,
course,1408,4,course#1408 评论 4：希望后续更新更多进阶内容。,7,normal,2026-01-24T10:48:13.288Z,
course,1408,5,course#1408 评论 5：如果能加配套资料就更好了。,0,normal,2026-02-01T10:48:13.288Z,
course,1408,6,course#1408 评论 6：课程结构清晰，学习路线明了。,3,normal,2026-01-30T10:48:13.288Z,
course,1409,1,course#1409 评论 1：如果能加配套资料就更好了。,2,normal,2026-02-02T10:48:13.288Z,
course,1409,2,course#1409 评论 2：如果能加配套资料就更好了。,1,normal,2026-01-26T10:48:13.288Z,
course,1409,3,course#1409 评论 3：如果能加配套资料就更好了。,5,normal,2026-01-28T10:48:13.288Z,
course,1409,4,course#1409 评论 4：案例很贴近实际，学完能直接上手。,5,normal,2026-01-28T10:48:13.288Z,
course,1409,5,course#1409 评论 5：课程结构清晰，学习路线明了。,3,normal,2026-02-02T10:48:13.288Z,
course,1409,6,course#1409 评论 6：内容有深度但不晦涩，体验很好。,1,normal,2026-01-31T10:48:13.288Z,
course,1410,1,course#1410 评论 1：实例讲解很实用，收藏了。,2,normal,2026-01-25T10:48:13.288Z,
course,1410,2,course#1410 评论 2：这节课讲得很清楚，重点很明确。,5,normal,2026-02-03T10:48:13.288Z,
course,1410,3,course#1410 评论 3：重点知识点总结得不错，复习方便。,3,normal,2026-01-29T10:48:13.288Z,
course,1410,4,course#1410 评论 4：案例很贴近实际，学完能直接上手。,6,normal,2026-01-28T10:48:13.288Z,
course,1410,5,course#1410 评论 5：节奏刚好，建议再补充一点练习题。,1,normal,2026-02-01T10:48:13.288Z,
course,1410,6,course#1410 评论 6：案例很贴近实际，学完能直接上手。,6,normal,2026-01-25T10:48:13.288Z,
course,1411,1,course#1411 评论 1：内容有深度但不晦涩，体验很好。,5,normal,2026-01-29T10:48:13.288Z,
course,1411,2,course#1411 评论 2：课程结构清晰，学习路线明了。,0,normal,2026-02-01T10:48:13.288Z,
course,1411,3,course#1411 评论 3：实例讲解很实用，收藏了。,3,normal,2026-01-29T10:48:13.288Z,
course,1411,4,course#1411 评论 4：节奏刚好，建议再补充一点练习题。,5,normal,2026-02-01T10:48:13.288Z,
course,1411,5,course#1411 评论 5：如果能加配套资料就更好了。,2,normal,2026-01-26T10:48:13.288Z,
course,1411,6,course#1411 评论 6：重点知识点总结得不错，复习方便。,3,normal,2026-01-25T10:48:13.288Z,
course,1412,1,course#1412 评论 1：内容有深度但不晦涩，体验很好。,0,normal,2026-02-01T10:48:13.288Z,
course,1412,2,course#1412 评论 2：节奏刚好，建议再补充一点练习题。,1,normal,2026-01-30T10:48:13.288Z,
course,1412,3,course#1412 评论 3：讲师讲解很细，适合零基础。,7,normal,2026-01-22T10:48:13.288Z,
course,1412,4,course#1412 评论 4：讲师讲解很细，适合零基础。,0,normal,2026-02-04T10:48:13.288Z,
course,1412,5,course#1412 评论 5：重点知识点总结得不错，复习方便。,4,normal,2026-02-02T10:48:13.288Z,
course,1412,6,course#1412 评论 6：案例很贴近实际，学完能直接上手。,4,normal,2026-02-01T10:48:13.288Z,
course,1413,1,course#1413 评论 1：重点知识点总结得不错，复习方便。,3,normal,2026-02-04T10:48:13.288Z,
course,1413,2,course#1413 评论 2：实例讲解很实用，收藏了。,7,normal,2026-01-30T10:48:13.288Z,
course,1413,3,course#1413 评论 3：重点知识点总结得不错，复习方便。,1,normal,2026-01-26T10:48:13.288Z,
course,1413,4,course#1413 评论 4：希望后续更新更多进阶内容。,5,normal,2026-02-02T10:48:13.288Z,
course,1413,5,course#1413 评论 5：希望后续更新更多进阶内容。,2,normal,2026-01-31T10:48:13.288Z,
course,1413,6,course#1413 评论 6：如果能加配套资料就更好了。,5,normal,2026-02-01T10:48:13.288Z,
course,1414,1,course#1414 评论 1：讲师讲解很细，适合零基础。,0,normal,2026-01-26T10:48:13.288Z,
course,1414,2,course#1414 评论 2：实例讲解很实用，收藏了。,0,normal,2026-02-01T10:48:13.288Z,
course,1414,3,course#1414 评论 3：节奏刚好，建议再补充一点练习题。,1,normal,2026-02-01T10:48:13.288Z,
course,1414,4,course#1414 评论 4：内容有深度但不晦涩，体验很好。,6,normal,2026-01-27T10:48:13.288Z,
course,1414,5,course#1414 评论 5：讲师讲解很细，适合零基础。,0,normal,2026-02-03T10:48:13.288Z,
course,1414,6,course#1414 评论 6：实例讲解很实用，收藏了。,6,normal,2026-01-25T10:48:13.288Z,
course,1415,1,course#1415 评论 1：如果能加配套资料就更好了。,4,normal,2026-01-22T10:48:13.288Z,
course,1415,2,course#1415 评论 2：课程结构清晰，学习路线明了。,0,normal,2026-01-29T10:48:13.288Z,
course,1415,3,course#1415 评论 3：课程结构清晰，学习路线明了。,4,normal,2026-02-03T10:48:13.288Z,
course,1415,4,course#1415 评论 4：讲师讲解很细，适合零基础。,5,normal,2026-01-25T10:48:13.288Z,
course,1415,5,course#1415 评论 5：如果能加配套资料就更好了。,3,normal,2026-01-27T10:48:13.288Z,
course,1415,6,course#1415 评论 6：如果能加配套资料就更好了。,3,normal,2026-01-29T10:48:13.288Z,
course,1416,1,course#1416 评论 1：这节课讲得很清楚，重点很明确。,3,normal,2026-01-26T10:48:13.288Z,
course,1416,2,course#1416 评论 2：这节课讲得很清楚，重点很明确。,4,normal,2026-01-31T10:48:13.288Z,
course,1416,3,course#1416 评论 3：案例很贴近实际，学完能直接上手。,5,normal,2026-01-29T10:48:13.288Z,
course,1416,4,course#1416 评论 4：讲师讲解很细，适合零基础。,1,normal,2026-01-24T10:48:13.288Z,
course,1416,5,course#1416 评论 5：希望后续更新更多进阶内容。,0,normal,2026-02-01T10:48:13.288Z,
course,1416,6,course#1416 评论 6：如果能加配套资料就更好了。,4,normal,2026-01-27T10:48:13.288Z,
course,1417,1,course#1417 评论 1：希望后续更新更多进阶内容。,6,normal,2026-02-04T10:48:13.288Z,
course,1417,2,course#1417 评论 2：希望后续更新更多进阶内容。,3,normal,2026-01-29T10:48:13.288Z,
course,1417,3,course#1417 评论 3：案例很贴近实际，学完能直接上手。,1,normal,2026-02-03T10:48:13.288Z,
course,1417,4,course#1417 评论 4：实例讲解很实用，收藏了。,1,normal,2026-01-22T10:48:13.288Z,
course,1417,5,course#1417 评论 5：实例讲解很实用，收藏了。,2,normal,2026-01-31T10:48:13.288Z,
course,1417,6,course#1417 评论 6：如果能加配套资料就更好了。,5,normal,2026-01-28T10:48:13.288Z,
course,1418,1,course#1418 评论 1：讲师讲解很细，适合零基础。,3,normal,2026-02-02T10:48:13.288Z,
course,1418,2,course#1418 评论 2：这节课讲得很清楚，重点很明确。,2,normal,2026-01-24T10:48:13.288Z,
course,1418,3,course#1418 评论 3：重点知识点总结得不错，复习方便。,5,normal,2026-01-29T10:48:13.288Z,
course,1418,4,course#1418 评论 4：重点知识点总结得不错，复习方便。,7,normal,2026-02-01T10:48:13.288Z,
course,1418,5,course#1418 评论 5：如果能加配套资料就更好了。,5,normal,2026-01-27T10:48:13.288Z,
course,1418,6,course#1418 评论 6：实例讲解很实用，收藏了。,3,normal,2026-01-24T10:48:13.288Z,
course,1419,1,course#1419 评论 1：案例很贴近实际，学完能直接上手。,7,normal,2026-01-23T10:48:13.288Z,
course,1419,2,course#1419 评论 2：实例讲解很实用，收藏了。,3,normal,2026-01-27T10:48:13.288Z,
course,1419,3,course#1419 评论 3：重点知识点总结得不错，复习方便。,0,normal,2026-01-29T10:48:13.288Z,
course,1419,4,course#1419 评论 4：课程结构清晰，学习路线明了。,3,normal,2026-02-04T10:48:13.288Z,
course,1419,5,course#1419 评论 5：课程结构清晰，学习路线明了。,1,normal,2026-02-02T10:48:13.288Z,
course,1419,6,course#1419 评论 6：节奏刚好，建议再补充一点练习题。,5,normal,2026-01-26T10:48:13.288Z,
course,1420,1,course#1420 评论 1：希望后续更新更多进阶内容。,6,normal,2026-02-04T10:48:13.288Z,
course,1420,2,course#1420 评论 2：重点知识点总结得不错，复习方便。,2,normal,2026-01-22T10:48:13.288Z,
course,1420,3,course#1420 评论 3：重点知识点总结得不错，复习方便。,0,normal,2026-01-25T10:48:13.288Z,
course,1420,4,course#1420 评论 4：希望后续更新更多进阶内容。,2,normal,2026-01-24T10:48:13.288Z,
course,1420,5,course#1420 评论 5：讲师讲解很细，适合零基础。,4,normal,2026-01-29T10:48:13.288Z,
course,1420,6,course#1420 评论 6：实例讲解很实用，收藏了。,6,normal,2026-01-30T10:48:13.288Z,
course,1421,1,course#1421 评论 1：讲师讲解很细，适合零基础。,5,normal,2026-01-23T10:48:13.288Z,
course,1421,2,course#1421 评论 2：课程结构清晰，学习路线明了。,5,normal,2026-01-25T10:48:13.288Z,
course,1421,3,course#1421 评论 3：讲师讲解很细，适合零基础。,4,normal,2026-01-29T10:48:13.288Z,
course,1421,4,course#1421 评论 4：重点知识点总结得不错，复习方便。,4,normal,2026-01-24T10:48:13.288Z,
course,1421,5,course#1421 评论 5：如果能加配套资料就更好了。,3,normal,2026-02-03T10:48:13.288Z,
course,1421,6,course#1421 评论 6：这节课讲得很清楚，重点很明确。,7,normal,2026-01-24T10:48:13.288Z,
course,1422,1,course#1422 评论 1：希望后续更新更多进阶内容。,2,normal,2026-01-27T10:48:13.288Z,
course,1422,2,course#1422 评论 2：这节课讲得很清楚，重点很明确。,3,normal,2026-01-23T10:48:13.288Z,
course,1422,3,course#1422 评论 3：案例很贴近实际，学完能直接上手。,4,normal,2026-01-23T10:48:13.288Z,
course,1422,4,course#1422 评论 4：节奏刚好，建议再补充一点练习题。,6,normal,2026-02-01T10:48:13.288Z,
course,1422,5,course#1422 评论 5：如果能加配套资料就更好了。,4,normal,2026-01-22T10:48:13.288Z,
course,1422,6,course#1422 评论 6：希望后续更新更多进阶内容。,7,normal,2026-02-04T10:48:13.288Z,
course,1423,1,course#1423 评论 1：讲师讲解很细，适合零基础。,7,normal,2026-01-25T10:48:13.288Z,
course,1423,2,course#1423 评论 2：讲师讲解很细，适合零基础。,7,normal,2026-01-23T10:48:13.288Z,
course,1423,3,course#1423 评论 3：内容有深度但不晦涩，体验很好。,6,normal,2026-01-29T10:48:13.288Z,
course,1423,4,course#1423 评论 4：重点知识点总结得不错，复习方便。,2,normal,2026-02-03T10:48:13.288Z,
course,1423,5,course#1423 评论 5：节奏刚好，建议再补充一点练习题。,3,normal,2026-02-03T10:48:13.288Z,
course,1423,6,course#1423 评论 6：节奏刚好，建议再补充一点练习题。,6,normal,2026-02-01T10:48:13.288Z,
course,1424,1,course#1424 评论 1：案例很贴近实际，学完能直接上手。,4,normal,2026-02-03T10:48:13.288Z,
course,1424,2,course#1424 评论 2：节奏刚好，建议再补充一点练习题。,4,normal,2026-01-24T10:48:13.288Z,
course,1424,3,course#1424 评论 3：这节课讲得很清楚，重点很明确。,5,normal,2026-01-24T10:48:13.288Z,
course,1424,4,course#1424 评论 4：如果能加配套资料就更好了。,0,normal,2026-01-29T10:48:13.288Z,
course,1424,5,course#1424 评论 5：希望后续更新更多进阶内容。,1,normal,2026-01-23T10:48:13.288Z,
course,1424,6,course#1424 评论 6：节奏刚好，建议再补充一点练习题。,1,normal,2026-02-02T10:48:13.288Z,
course,1425,1,course#1425 评论 1：实例讲解很实用，收藏了。,4,normal,2026-02-03T10:48:13.288Z,
course,1425,2,course#1425 评论 2：节奏刚好，建议再补充一点练习题。,6,normal,2026-02-01T10:48:13.288Z,
course,1425,3,course#1425 评论 3：讲师讲解很细，适合零基础。,2,normal,2026-01-24T10:48:13.288Z,
course,1425,4,course#1425 评论 4：如果能加配套资料就更好了。,3,normal,2026-02-04T10:48:13.288Z,
course,1425,5,course#1425 评论 5：课程结构清晰，学习路线明了。,4,normal,2026-01-22T10:48:13.288Z,
course,1425,6,course#1425 评论 6：节奏刚好，建议再补充一点练习题。,2,normal,2026-02-02T10:48:13.288Z,
course,1426,1,course#1426 评论 1：这节课讲得很清楚，重点很明确。,3,normal,2026-01-24T10:48:13.288Z,
course,1426,2,course#1426 评论 2：希望后续更新更多进阶内容。,2,normal,2026-02-03T10:48:13.288Z,
course,1426,3,course#1426 评论 3：如果能加配套资料就更好了。,3,normal,2026-02-04T10:48:13.288Z,
course,1426,4,course#1426 评论 4：课程结构清晰，学习路线明了。,3,normal,2026-01-31T10:48:13.288Z,
course,1426,5,course#1426 评论 5：实例讲解很实用，收藏了。,4,normal,2026-01-23T10:48:13.288Z,
course,1426,6,course#1426 评论 6：案例很贴近实际，学完能直接上手。,5,normal,2026-01-26T10:48:13.288Z,
course,1427,1,course#1427 评论 1：课程结构清晰，学习路线明了。,3,normal,2026-01-31T10:48:13.288Z,
course,1427,2,course#1427 评论 2：这节课讲得很清楚，重点很明确。,1,normal,2026-01-27T10:48:13.288Z,
course,1427,3,course#1427 评论 3：案例很贴近实际，学完能直接上手。,2,normal,2026-02-04T10:48:13.288Z,
course,1427,4,course#1427 评论 4：内容有深度但不晦涩，体验很好。,0,normal,2026-01-30T10:48:13.288Z,
course,1427,5,course#1427 评论 5：节奏刚好，建议再补充一点练习题。,7,normal,2026-01-22T10:48:13.288Z,
course,1427,6,course#1427 评论 6：案例很贴近实际，学完能直接上手。,5,normal,2026-01-31T10:48:13.288Z,
course,1428,1,course#1428 评论 1：节奏刚好，建议再补充一点练习题。,4,normal,2026-01-24T10:48:13.288Z,
course,1428,2,course#1428 评论 2：实例讲解很实用，收藏了。,7,normal,2026-01-23T10:48:13.288Z,
course,1428,3,course#1428 评论 3：课程结构清晰，学习路线明了。,2,normal,2026-01-22T10:48:13.288Z,
course,1428,4,course#1428 评论 4：重点知识点总结得不错，复习方便。,5,normal,2026-01-25T10:48:13.288Z,
course,1428,5,course#1428 评论 5：实例讲解很实用，收藏了。,6,normal,2026-01-30T10:48:13.288Z,
course,1428,6,course#1428 评论 6：如果能加配套资料就更好了。,1,normal,2026-01-26T10:48:13.288Z,
course,1429,1,course#1429 评论 1：讲师讲解很细，适合零基础。,4,normal,2026-01-29T10:48:13.288Z,
course,1429,2,course#1429 评论 2：这节课讲得很清楚，重点很明确。,3,normal,2026-01-26T10:48:13.288Z,
course,1429,3,course#1429 评论 3：希望后续更新更多进阶内容。,0,normal,2026-02-02T10:48:13.288Z,
course,1429,4,course#1429 评论 4：如果能加配套资料就更好了。,6,normal,2026-02-01T10:48:13.288Z,
course,1429,5,course#1429 评论 5：内容有深度但不晦涩，体验很好。,6,normal,2026-01-29T10:48:13.288Z,
course,1429,6,course#1429 评论 6：希望后续更新更多进阶内容。,3,normal,2026-01-22T10:48:13.288Z,
course,1430,1,course#1430 评论 1：内容有深度但不晦涩，体验很好。,5,normal,2026-02-01T10:48:13.288Z,
course,1430,2,course#1430 评论 2：如果能加配套资料就更好了。,5,normal,2026-01-24T10:48:13.288Z,
course,1430,3,course#1430 评论 3：内容有深度但不晦涩，体验很好。,3,normal,2026-02-04T10:48:13.288Z,
course,1430,4,course#1430 评论 4：内容有深度但不晦涩，体验很好。,4,normal,2026-02-03T10:48:13.288Z,
course,1430,5,course#1430 评论 5：课程结构清晰，学习路线明了。,6,normal,2026-02-01T10:48:13.288Z,
course,1430,6,course#1430 评论 6：希望后续更新更多进阶内容。,3,normal,2026-02-03T10:48:13.288Z,
course,1431,1,course#1431 评论 1：节奏刚好，建议再补充一点练习题。,5,normal,2026-02-01T10:48:13.288Z,
course,1431,2,course#1431 评论 2：希望后续更新更多进阶内容。,5,normal,2026-01-27T10:48:13.288Z,
course,1431,3,course#1431 评论 3：课程结构清晰，学习路线明了。,7,normal,2026-01-28T10:48:13.288Z,
course,1431,4,course#1431 评论 4：案例很贴近实际，学完能直接上手。,3,normal,2026-01-31T10:48:13.288Z,
course,1431,5,course#1431 评论 5：如果能加配套资料就更好了。,7,normal,2026-01-27T10:48:13.288Z,
course,1431,6,course#1431 评论 6：节奏刚好，建议再补充一点练习题。,7,normal,2026-01-23T10:48:13.288Z,
course,1432,1,course#1432 评论 1：内容有深度但不晦涩，体验很好。,7,normal,2026-01-23T10:48:13.288Z,
course,1432,2,course#1432 评论 2：讲师讲解很细，适合零基础。,6,normal,2026-01-26T10:48:13.288Z,
course,1432,3,course#1432 评论 3：案例很贴近实际，学完能直接上手。,5,normal,2026-01-27T10:48:13.288Z,
course,1432,4,course#1432 评论 4：节奏刚好，建议再补充一点练习题。,3,normal,2026-01-22T10:48:13.288Z,
course,1432,5,course#1432 评论 5：重点知识点总结得不错，复习方便。,2,normal,2026-02-02T10:48:13.288Z,
course,1432,6,course#1432 评论 6：课程结构清晰，学习路线明了。,7,normal,2026-01-22T10:48:13.288Z,
course,1433,1,course#1433 评论 1：实例讲解很实用，收藏了。,4,normal,2026-02-03T10:48:13.288Z,
course,1433,2,course#1433 评论 2：实例讲解很实用，收藏了。,3,normal,2026-01-30T10:48:13.288Z,
course,1433,3,course#1433 评论 3：这节课讲得很清楚，重点很明确。,6,normal,2026-01-24T10:48:13.288Z,
course,1433,4,course#1433 评论 4：案例很贴近实际，学完能直接上手。,4,normal,2026-02-02T10:48:13.288Z,
course,1433,5,course#1433 评论 5：案例很贴近实际，学完能直接上手。,4,normal,2026-02-02T10:48:13.288Z,
course,1433,6,course#1433 评论 6：节奏刚好，建议再补充一点练习题。,2,normal,2026-02-01T10:48:13.288Z,
course,1434,1,course#1434 评论 1：这节课讲得很清楚，重点很明确。,2,normal,2026-01-23T10:48:13.288Z,
course,1434,2,course#1434 评论 2：希望后续更新更多进阶内容。,4,normal,2026-02-02T10:48:13.288Z,
course,1434,3,course#1434 评论 3：课程结构清晰，学习路线明了。,0,normal,2026-01-28T10:48:13.288Z,
course,1434,4,course#1434 评论 4：节奏刚好，建议再补充一点练习题。,3,normal,2026-01-28T10:48:13.288Z,
course,1434,5,course#1434 评论 5：希望后续更新更多进阶内容。,7,normal,2026-02-04T10:48:13.288Z,
course,1434,6,course#1434 评论 6：如果能加配套资料就更好了。,5,normal,2026-01-29T10:48:13.288Z,
course,1435,1,course#1435 评论 1：重点知识点总结得不错，复习方便。,7,normal,2026-01-30T10:48:13.288Z,
course,1435,2,course#1435 评论 2：如果能加配套资料就更好了。,1,normal,2026-01-30T10:48:13.288Z,
course,1435,3,course#1435 评论 3：这节课讲得很清楚，重点很明确。,5,normal,2026-02-01T10:48:13.288Z,
course,1435,4,course#1435 评论 4：节奏刚好，建议再补充一点练习题。,5,normal,2026-01-22T10:48:13.288Z,
course,1435,5,course#1435 评论 5：重点知识点总结得不错，复习方便。,3,normal,2026-01-23T10:48:13.288Z,
course,1435,6,course#1435 评论 6：讲师讲解很细，适合零基础。,1,normal,2026-02-01T10:48:13.288Z,
course,1436,1,course#1436 评论 1：希望后续更新更多进阶内容。,5,normal,2026-01-30T10:48:13.288Z,
course,1436,2,course#1436 评论 2：内容有深度但不晦涩，体验很好。,1,normal,2026-02-01T10:48:13.288Z,
course,1436,3,course#1436 评论 3：课程结构清晰，学习路线明了。,7,normal,2026-01-29T10:48:13.288Z,
course,1436,4,course#1436 评论 4：讲师讲解很细，适合零基础。,4,normal,2026-01-28T10:48:13.288Z,
course,1436,5,course#1436 评论 5：内容有深度但不晦涩，体验很好。,0,normal,2026-01-22T10:48:13.288Z,
course,1436,6,course#1436 评论 6：课程结构清晰，学习路线明了。,2,normal,2026-01-22T10:48:13.288Z,
course,1437,1,course#1437 评论 1：内容有深度但不晦涩，体验很好。,3,normal,2026-01-28T10:48:13.288Z,
course,1437,2,course#1437 评论 2：节奏刚好，建议再补充一点练习题。,3,normal,2026-01-30T10:48:13.288Z,
course,1437,3,course#1437 评论 3：重点知识点总结得不错，复习方便。,3,normal,2026-01-23T10:48:13.288Z,
course,1437,4,course#1437 评论 4：节奏刚好，建议再补充一点练习题。,5,normal,2026-01-27T10:48:13.288Z,
course,1437,5,course#1437 评论 5：重点知识点总结得不错，复习方便。,7,normal,2026-01-29T10:48:13.288Z,
course,1437,6,course#1437 评论 6：课程结构清晰，学习路线明了。,3,normal,2026-01-28T10:48:13.288Z,
course,1438,1,course#1438 评论 1：实例讲解很实用，收藏了。,4,normal,2026-01-26T10:48:13.288Z,
course,1438,2,course#1438 评论 2：实例讲解很实用，收藏了。,1,normal,2026-01-31T10:48:13.288Z,
course,1438,3,course#1438 评论 3：这节课讲得很清楚，重点很明确。,3,normal,2026-01-25T10:48:13.288Z,
course,1438,4,course#1438 评论 4：内容有深度但不晦涩，体验很好。,3,normal,2026-02-03T10:48:13.288Z,
course,1438,5,course#1438 评论 5：内容有深度但不晦涩，体验很好。,2,normal,2026-02-01T10:48:13.288Z,
course,1438,6,course#1438 评论 6：重点知识点总结得不错，复习方便。,0,normal,2026-01-25T10:48:13.288Z,
course,1439,1,course#1439 评论 1：实例讲解很实用，收藏了。,5,normal,2026-01-25T10:48:13.288Z,
course,1439,2,course#1439 评论 2：这节课讲得很清楚，重点很明确。,1,normal,2026-02-04T10:48:13.288Z,
course,1439,3,course#1439 评论 3：重点知识点总结得不错，复习方便。,6,normal,2026-02-03T10:48:13.288Z,
course,1439,4,course#1439 评论 4：实例讲解很实用，收藏了。,3,normal,2026-01-23T10:48:13.288Z,
course,1439,5,course#1439 评论 5：讲师讲解很细，适合零基础。,1,normal,2026-02-04T10:48:13.288Z,
course,1439,6,course#1439 评论 6：讲师讲解很细，适合零基础。,3,normal,2026-01-23T10:48:13.288Z,
course,1440,1,course#1440 评论 1：内容有深度但不晦涩，体验很好。,6,normal,2026-01-24T10:48:13.288Z,
course,1440,2,course#1440 评论 2：这节课讲得很清楚，重点很明确。,7,normal,2026-01-22T10:48:13.288Z,
course,1440,3,course#1440 评论 3：实例讲解很实用，收藏了。,1,normal,2026-01-26T10:48:13.288Z,
course,1440,4,course#1440 评论 4：案例很贴近实际，学完能直接上手。,4,normal,2026-01-30T10:48:13.288Z,
course,1440,5,course#1440 评论 5：希望后续更新更多进阶内容。,0,normal,2026-01-24T10:48:13.288Z,
course,1440,6,course#1440 评论 6：这节课讲得很清楚，重点很明确。,3,normal,2026-01-27T10:48:13.288Z,
course,1441,1,course#1441 评论 1：实例讲解很实用，收藏了。,1,normal,2026-01-22T10:48:13.288Z,
course,1441,2,course#1441 评论 2：重点知识点总结得不错，复习方便。,4,normal,2026-01-30T10:48:13.288Z,
course,1441,3,course#1441 评论 3：希望后续更新更多进阶内容。,3,normal,2026-01-23T10:48:13.288Z,
course,1441,4,course#1441 评论 4：重点知识点总结得不错，复习方便。,0,normal,2026-01-22T10:48:13.288Z,
course,1441,5,course#1441 评论 5：这节课讲得很清楚，重点很明确。,3,normal,2026-01-30T10:48:13.288Z,
course,1441,6,course#1441 评论 6：内容有深度但不晦涩，体验很好。,5,normal,2026-02-01T10:48:13.288Z,
course,1442,1,course#1442 评论 1：讲师讲解很细，适合零基础。,3,normal,2026-01-26T10:48:13.288Z,
course,1442,2,course#1442 评论 2：内容有深度但不晦涩，体验很好。,7,normal,2026-02-01T10:48:13.288Z,
course,1442,3,course#1442 评论 3：案例很贴近实际，学完能直接上手。,4,normal,2026-02-01T10:48:13.288Z,
course,1442,4,course#1442 评论 4：内容有深度但不晦涩，体验很好。,2,normal,2026-01-31T10:48:13.288Z,
course,1442,5,course#1442 评论 5：如果能加配套资料就更好了。,0,normal,2026-02-02T10:48:13.288Z,
course,1442,6,course#1442 评论 6：节奏刚好，建议再补充一点练习题。,6,normal,2026-02-03T10:48:13.288Z,
course,1443,1,course#1443 评论 1：重点知识点总结得不错，复习方便。,2,normal,2026-01-28T10:48:13.288Z,
course,1443,2,course#1443 评论 2：希望后续更新更多进阶内容。,7,normal,2026-01-22T10:48:13.288Z,
course,1443,3,course#1443 评论 3：课程结构清晰，学习路线明了。,4,normal,2026-02-01T10:48:13.288Z,
course,1443,4,course#1443 评论 4：重点知识点总结得不错，复习方便。,6,normal,2026-02-03T10:48:13.288Z,
course,1443,5,course#1443 评论 5：内容有深度但不晦涩，体验很好。,1,normal,2026-02-04T10:48:13.288Z,
course,1443,6,course#1443 评论 6：希望后续更新更多进阶内容。,2,normal,2026-01-24T10:48:13.288Z,
course,1444,1,course#1444 评论 1：讲师讲解很细，适合零基础。,6,normal,2026-02-04T10:48:13.288Z,
course,1444,2,course#1444 评论 2：内容有深度但不晦涩，体验很好。,1,normal,2026-01-29T10:48:13.288Z,
course,1444,3,course#1444 评论 3：实例讲解很实用，收藏了。,0,normal,2026-01-30T10:48:13.288Z,
course,1444,4,course#1444 评论 4：实例讲解很实用，收藏了。,6,normal,2026-01-22T10:48:13.288Z,
course,1444,5,course#1444 评论 5：实例讲解很实用，收藏了。,4,normal,2026-02-02T10:48:13.288Z,
course,1444,6,course#1444 评论 6：内容有深度但不晦涩，体验很好。,0,normal,2026-01-25T10:48:13.288Z,
course,1445,1,course#1445 评论 1：这节课讲得很清楚，重点很明确。,4,normal,2026-01-22T10:48:13.288Z,
course,1445,2,course#1445 评论 2：如果能加配套资料就更好了。,2,normal,2026-01-22T10:48:13.288Z,
course,1445,3,course#1445 评论 3：如果能加配套资料就更好了。,6,normal,2026-01-25T10:48:13.288Z,
course,1445,4,course#1445 评论 4：如果能加配套资料就更好了。,3,normal,2026-02-03T10:48:13.288Z,
course,1445,5,course#1445 评论 5：希望后续更新更多进阶内容。,3,normal,2026-01-22T10:48:13.288Z,
course,1445,6,course#1445 评论 6：这节课讲得很清楚，重点很明确。,6,normal,2026-01-23T10:48:13.288Z,
course,1446,1,course#1446 评论 1：如果能加配套资料就更好了。,7,normal,2026-02-03T10:48:13.288Z,
course,1446,2,course#1446 评论 2：讲师讲解很细，适合零基础。,3,normal,2026-01-29T10:48:13.288Z,
course,1446,3,course#1446 评论 3：重点知识点总结得不错，复习方便。,6,normal,2026-01-28T10:48:13.288Z,
course,1446,4,course#1446 评论 4：希望后续更新更多进阶内容。,1,normal,2026-02-04T10:48:13.288Z,
course,1446,5,course#1446 评论 5：实例讲解很实用，收藏了。,1,normal,2026-01-23T10:48:13.288Z,
course,1446,6,course#1446 评论 6：重点知识点总结得不错，复习方便。,6,normal,2026-01-25T10:48:13.288Z,
course,1447,1,course#1447 评论 1：课程结构清晰，学习路线明了。,4,normal,2026-01-31T10:48:13.288Z,
course,1447,2,course#1447 评论 2：节奏刚好，建议再补充一点练习题。,3,normal,2026-01-29T10:48:13.288Z,
course,1447,3,course#1447 评论 3：如果能加配套资料就更好了。,0,normal,2026-02-01T10:48:13.288Z,
course,1447,4,course#1447 评论 4：节奏刚好，建议再补充一点练习题。,6,normal,2026-01-28T10:48:13.288Z,
course,1447,5,course#1447 评论 5：内容有深度但不晦涩，体验很好。,1,normal,2026-01-27T10:48:13.288Z,
course,1447,6,course#1447 评论 6：内容有深度但不晦涩，体验很好。,6,normal,2026-01-25T10:48:13.288Z,
course,1448,1,course#1448 评论 1：如果能加配套资料就更好了。,6,normal,2026-01-28T10:48:13.288Z,
course,1448,2,course#1448 评论 2：这节课讲得很清楚，重点很明确。,0,normal,2026-01-31T10:48:13.288Z,
course,1448,3,course#1448 评论 3：课程结构清晰，学习路线明了。,4,normal,2026-01-26T10:48:13.288Z,
course,1448,4,course#1448 评论 4：这节课讲得很清楚，重点很明确。,1,normal,2026-01-23T10:48:13.288Z,
course,1448,5,course#1448 评论 5：内容有深度但不晦涩，体验很好。,5,normal,2026-02-03T10:48:13.288Z,
course,1448,6,course#1448 评论 6：重点知识点总结得不错，复习方便。,5,normal,2026-01-22T10:48:13.288Z,
course,1449,1,course#1449 评论 1：讲师讲解很细，适合零基础。,0,normal,2026-01-29T10:48:13.288Z,
course,1449,2,course#1449 评论 2：内容有深度但不晦涩，体验很好。,4,normal,2026-01-31T10:48:13.288Z,
course,1449,3,course#1449 评论 3：案例很贴近实际，学完能直接上手。,5,normal,2026-01-31T10:48:13.288Z,
course,1449,4,course#1449 评论 4：课程结构清晰，学习路线明了。,5,normal,2026-01-26T10:48:13.288Z,
course,1449,5,course#1449 评论 5：课程结构清晰，学习路线明了。,1,normal,2026-01-30T10:48:13.288Z,
course,1449,6,course#1449 评论 6：重点知识点总结得不错，复习方便。,6,normal,2026-01-22T10:48:13.288Z,
course,1450,1,course#1450 评论 1：希望后续更新更多进阶内容。,6,normal,2026-01-29T10:48:13.288Z,
course,1450,2,course#1450 评论 2：希望后续更新更多进阶内容。,0,normal,2026-01-22T10:48:13.288Z,
course,1450,3,course#1450 评论 3：实例讲解很实用，收藏了。,0,normal,2026-01-25T10:48:13.288Z,
course,1450,4,course#1450 评论 4：这节课讲得很清楚，重点很明确。,4,normal,2026-02-02T10:48:13.288Z,
course,1450,5,course#1450 评论 5：实例讲解很实用，收藏了。,7,normal,2026-01-29T10:48:13.288Z,
course,1450,6,course#1450 评论 6：重点知识点总结得不错，复习方便。,0,normal,2026-01-22T10:48:13.288Z,
course,1451,1,course#1451 评论 1：如果能加配套资料就更好了。,7,normal,2026-01-26T10:48:13.288Z,
course,1451,2,course#1451 评论 2：课程结构清晰，学习路线明了。,5,normal,2026-01-25T10:48:13.288Z,
course,1451,3,course#1451 评论 3：重点知识点总结得不错，复习方便。,1,normal,2026-02-01T10:48:13.288Z,
course,1451,4,course#1451 评论 4：希望后续更新更多进阶内容。,7,normal,2026-01-22T10:48:13.288Z,
course,1451,5,course#1451 评论 5：希望后续更新更多进阶内容。,0,normal,2026-01-27T10:48:13.288Z,
course,1451,6,course#1451 评论 6：希望后续更新更多进阶内容。,6,normal,2026-02-04T10:48:13.288Z,
course,1452,1,course#1452 评论 1：如果能加配套资料就更好了。,4,normal,2026-01-27T10:48:13.288Z,
course,1452,2,course#1452 评论 2：节奏刚好，建议再补充一点练习题。,5,normal,2026-02-04T10:48:13.288Z,
course,1452,3,course#1452 评论 3：实例讲解很实用，收藏了。,5,normal,2026-01-25T10:48:13.288Z,
course,1452,4,course#1452 评论 4：内容有深度但不晦涩，体验很好。,7,normal,2026-02-01T10:48:13.288Z,
course,1452,5,course#1452 评论 5：如果能加配套资料就更好了。,2,normal,2026-01-25T10:48:13.288Z,
course,1452,6,course#1452 评论 6：这节课讲得很清楚，重点很明确。,0,normal,2026-01-28T10:48:13.288Z,
course,1453,1,course#1453 评论 1：内容有深度但不晦涩，体验很好。,1,normal,2026-01-30T10:48:13.288Z,
course,1453,2,course#1453 评论 2：重点知识点总结得不错，复习方便。,7,normal,2026-01-31T10:48:13.288Z,
course,1453,3,course#1453 评论 3：这节课讲得很清楚，重点很明确。,0,normal,2026-01-27T10:48:13.288Z,
course,1453,4,course#1453 评论 4：节奏刚好，建议再补充一点练习题。,6,normal,2026-01-24T10:48:13.288Z,
course,1453,5,course#1453 评论 5：希望后续更新更多进阶内容。,7,normal,2026-01-31T10:48:13.288Z,
course,1453,6,course#1453 评论 6：讲师讲解很细，适合零基础。,7,normal,2026-01-27T10:48:13.288Z,
course,1454,1,course#1454 评论 1：这节课讲得很清楚，重点很明确。,4,normal,2026-01-30T10:48:13.288Z,
course,1454,2,course#1454 评论 2：这节课讲得很清楚，重点很明确。,7,normal,2026-01-24T10:48:13.288Z,
course,1454,3,course#1454 评论 3：内容有深度但不晦涩，体验很好。,2,normal,2026-01-31T10:48:13.288Z,
course,1454,4,course#1454 评论 4：这节课讲得很清楚，重点很明确。,0,normal,2026-01-24T10:48:13.288Z,
course,1454,5,course#1454 评论 5：节奏刚好，建议再补充一点练习题。,7,normal,2026-02-01T10:48:13.288Z,
course,1454,6,course#1454 评论 6：实例讲解很实用，收藏了。,6,normal,2026-01-27T10:48:13.288Z,
course,1455,1,course#1455 评论 1：内容有深度但不晦涩，体验很好。,1,normal,2026-01-22T10:48:13.288Z,
course,1455,2,course#1455 评论 2：希望后续更新更多进阶内容。,0,normal,2026-01-26T10:48:13.288Z,
course,1455,3,course#1455 评论 3：节奏刚好，建议再补充一点练习题。,4,normal,2026-02-03T10:48:13.288Z,
course,1455,4,course#1455 评论 4：课程结构清晰，学习路线明了。,5,normal,2026-01-22T10:48:13.288Z,
course,1455,5,course#1455 评论 5：重点知识点总结得不错，复习方便。,7,normal,2026-01-30T10:48:13.288Z,
course,1455,6,course#1455 评论 6：如果能加配套资料就更好了。,1,normal,2026-01-23T10:48:13.288Z,
course,1456,1,course#1456 评论 1：节奏刚好，建议再补充一点练习题。,5,normal,2026-02-01T10:48:13.288Z,
course,1456,2,course#1456 评论 2：课程结构清晰，学习路线明了。,1,normal,2026-02-04T10:48:13.288Z,
course,1456,3,course#1456 评论 3：讲师讲解很细，适合零基础。,7,normal,2026-01-29T10:48:13.288Z,
course,1456,4,course#1456 评论 4：实例讲解很实用，收藏了。,1,normal,2026-02-04T10:48:13.288Z,
course,1456,5,course#1456 评论 5：实例讲解很实用，收藏了。,7,normal,2026-02-04T10:48:13.288Z,
course,1456,6,course#1456 评论 6：希望后续更新更多进阶内容。,1,normal,2026-01-24T10:48:13.288Z,
course,1457,1,course#1457 评论 1：案例很贴近实际，学完能直接上手。,6,normal,2026-02-03T10:48:13.288Z,
course,1457,2,course#1457 评论 2：实例讲解很实用，收藏了。,7,normal,2026-01-25T10:48:13.288Z,
course,1457,3,course#1457 评论 3：重点知识点总结得不错，复习方便。,0,normal,2026-02-01T10:48:13.288Z,
course,1457,4,course#1457 评论 4：课程结构清晰，学习路线明了。,0,normal,2026-01-27T10:48:13.288Z,
course,1457,5,course#1457 评论 5：内容有深度但不晦涩，体验很好。,1,normal,2026-01-26T10:48:13.288Z,
course,1457,6,course#1457 评论 6：这节课讲得很清楚，重点很明确。,3,normal,2026-01-29T10:48:13.288Z,
course,1458,1,course#1458 评论 1：课程结构清晰，学习路线明了。,0,normal,2026-01-27T10:48:13.288Z,
course,1458,2,course#1458 评论 2：案例很贴近实际，学完能直接上手。,6,normal,2026-02-01T10:48:13.288Z,
course,1458,3,course#1458 评论 3：讲师讲解很细，适合零基础。,4,normal,2026-02-01T10:48:13.288Z,
course,1458,4,course#1458 评论 4：课程结构清晰，学习路线明了。,4,normal,2026-01-24T10:48:13.288Z,
course,1458,5,course#1458 评论 5：如果能加配套资料就更好了。,2,normal,2026-02-04T10:48:13.288Z,
course,1458,6,course#1458 评论 6：案例很贴近实际，学完能直接上手。,6,normal,2026-01-22T10:48:13.288Z,
course,1459,1,course#1459 评论 1：重点知识点总结得不错，复习方便。,6,normal,2026-01-29T10:48:13.288Z,
course,1459,2,course#1459 评论 2：节奏刚好，建议再补充一点练习题。,5,normal,2026-02-03T10:48:13.288Z,
course,1459,3,course#1459 评论 3：节奏刚好，建议再补充一点练习题。,0,normal,2026-02-04T10:48:13.288Z,
course,1459,4,course#1459 评论 4：希望后续更新更多进阶内容。,5,normal,2026-02-01T10:48:13.288Z,
course,1459,5,course#1459 评论 5：如果能加配套资料就更好了。,2,normal,2026-02-04T10:48:13.288Z,
course,1459,6,course#1459 评论 6：案例很贴近实际，学完能直接上手。,5,normal,2026-01-22T10:48:13.288Z,
course,1460,1,course#1460 评论 1：重点知识点总结得不错，复习方便。,5,normal,2026-01-27T10:48:13.288Z,
course,1460,2,course#1460 评论 2：希望后续更新更多进阶内容。,3,normal,2026-02-01T10:48:13.288Z,
course,1460,3,course#1460 评论 3：内容有深度但不晦涩，体验很好。,3,normal,2026-01-30T10:48:13.288Z,
course,1460,4,course#1460 评论 4：如果能加配套资料就更好了。,4,normal,2026-01-30T10:48:13.288Z,
course,1460,5,course#1460 评论 5：内容有深度但不晦涩，体验很好。,0,normal,2026-01-25T10:48:13.288Z,
course,1460,6,course#1460 评论 6：案例很贴近实际，学完能直接上手。,6,normal,2026-01-27T10:48:13.288Z,
course,1461,1,course#1461 评论 1：讲师讲解很细，适合零基础。,4,normal,2026-02-04T10:48:13.288Z,
course,1461,2,course#1461 评论 2：这节课讲得很清楚，重点很明确。,1,normal,2026-01-24T10:48:13.288Z,
course,1461,3,course#1461 评论 3：节奏刚好，建议再补充一点练习题。,1,normal,2026-02-02T10:48:13.288Z,
course,1461,4,course#1461 评论 4：课程结构清晰，学习路线明了。,3,normal,2026-01-26T10:48:13.288Z,
course,1461,5,course#1461 评论 5：讲师讲解很细，适合零基础。,3,normal,2026-02-03T10:48:13.288Z,
course,1461,6,course#1461 评论 6：内容有深度但不晦涩，体验很好。,7,normal,2026-02-02T10:48:13.288Z,
course,1462,1,course#1462 评论 1：节奏刚好，建议再补充一点练习题。,5,normal,2026-01-22T10:48:13.288Z,
course,1462,2,course#1462 评论 2：实例讲解很实用，收藏了。,7,normal,2026-02-03T10:48:13.288Z,
course,1462,3,course#1462 评论 3：如果能加配套资料就更好了。,2,normal,2026-02-04T10:48:13.288Z,
course,1462,4,course#1462 评论 4：重点知识点总结得不错，复习方便。,4,normal,2026-02-02T10:48:13.288Z,
course,1462,5,course#1462 评论 5：重点知识点总结得不错，复习方便。,3,normal,2026-01-28T10:48:13.288Z,
course,1462,6,course#1462 评论 6：讲师讲解很细，适合零基础。,0,normal,2026-01-24T10:48:13.288Z,
course,1463,1,course#1463 评论 1：节奏刚好，建议再补充一点练习题。,1,normal,2026-01-29T10:48:13.288Z,
course,1463,2,course#1463 评论 2：内容有深度但不晦涩，体验很好。,7,normal,2026-01-23T10:48:13.288Z,
course,1463,3,course#1463 评论 3：讲师讲解很细，适合零基础。,6,normal,2026-01-22T10:48:13.288Z,
course,1463,4,course#1463 评论 4：实例讲解很实用，收藏了。,1,normal,2026-02-04T10:48:13.288Z,
course,1463,5,course#1463 评论 5：课程结构清晰，学习路线明了。,1,normal,2026-01-25T10:48:13.288Z,
course,1463,6,course#1463 评论 6：案例很贴近实际，学完能直接上手。,2,normal,2026-01-27T10:48:13.288Z,
course,1464,1,course#1464 评论 1：节奏刚好，建议再补充一点练习题。,5,normal,2026-01-22T10:48:13.288Z,
course,1464,2,course#1464 评论 2：课程结构清晰，学习路线明了。,4,normal,2026-01-23T10:48:13.288Z,
course,1464,3,course#1464 评论 3：内容有深度但不晦涩，体验很好。,3,normal,2026-01-30T10:48:13.288Z,
course,1464,4,course#1464 评论 4：实例讲解很实用，收藏了。,7,normal,2026-02-02T10:48:13.288Z,
course,1464,5,course#1464 评论 5：案例很贴近实际，学完能直接上手。,7,normal,2026-01-23T10:48:13.288Z,
course,1464,6,course#1464 评论 6：希望后续更新更多进阶内容。,5,normal,2026-01-29T10:48:13.288Z,
course,1465,1,course#1465 评论 1：案例很贴近实际，学完能直接上手。,4,normal,2026-01-31T10:48:13.288Z,
course,1465,2,course#1465 评论 2：内容有深度但不晦涩，体验很好。,5,normal,2026-02-03T10:48:13.288Z,
course,1465,3,course#1465 评论 3：课程结构清晰，学习路线明了。,1,normal,2026-01-25T10:48:13.288Z,
course,1465,4,course#1465 评论 4：节奏刚好，建议再补充一点练习题。,6,normal,2026-01-31T10:48:13.288Z,
course,1465,5,course#1465 评论 5：讲师讲解很细，适合零基础。,4,normal,2026-01-24T10:48:13.288Z,
course,1465,6,course#1465 评论 6：课程结构清晰，学习路线明了。,0,normal,2026-01-25T10:48:13.288Z,
course,1466,1,course#1466 评论 1：希望后续更新更多进阶内容。,5,normal,2026-01-26T10:48:13.288Z,
course,1466,2,course#1466 评论 2：如果能加配套资料就更好了。,2,normal,2026-02-04T10:48:13.288Z,
course,1466,3,course#1466 评论 3：内容有深度但不晦涩，体验很好。,1,normal,2026-02-04T10:48:13.288Z,
course,1466,4,course#1466 评论 4：重点知识点总结得不错，复习方便。,6,normal,2026-02-02T10:48:13.288Z,
course,1466,5,course#1466 评论 5：如果能加配套资料就更好了。,3,normal,2026-01-29T10:48:13.288Z,
course,1466,6,course#1466 评论 6：案例很贴近实际，学完能直接上手。,2,normal,2026-01-30T10:48:13.288Z,
course,1467,1,course#1467 评论 1：如果能加配套资料就更好了。,7,normal,2026-02-01T10:48:13.288Z,
course,1467,2,course#1467 评论 2：重点知识点总结得不错，复习方便。,5,normal,2026-01-24T10:48:13.288Z,
course,1467,3,course#1467 评论 3：这节课讲得很清楚，重点很明确。,4,normal,2026-01-23T10:48:13.288Z,
course,1467,4,course#1467 评论 4：如果能加配套资料就更好了。,5,normal,2026-01-25T10:48:13.288Z,
course,1467,5,course#1467 评论 5：希望后续更新更多进阶内容。,7,normal,2026-01-22T10:48:13.288Z,
course,1467,6,course#1467 评论 6：这节课讲得很清楚，重点很明确。,3,normal,2026-01-22T10:48:13.288Z,
course,1468,1,course#1468 评论 1：案例很贴近实际，学完能直接上手。,4,normal,2026-01-29T10:48:13.288Z,
course,1468,2,course#1468 评论 2：重点知识点总结得不错，复习方便。,2,normal,2026-01-31T10:48:13.288Z,
course,1468,3,course#1468 评论 3：讲师讲解很细，适合零基础。,7,normal,2026-02-04T10:48:13.288Z,
course,1468,4,course#1468 评论 4：这节课讲得很清楚，重点很明确。,3,normal,2026-01-30T10:48:13.288Z,
course,1468,5,course#1468 评论 5：重点知识点总结得不错，复习方便。,4,normal,2026-02-01T10:48:13.288Z,
course,1468,6,course#1468 评论 6：重点知识点总结得不错，复习方便。,4,normal,2026-02-02T10:48:13.288Z,
course,1469,1,course#1469 评论 1：这节课讲得很清楚，重点很明确。,5,normal,2026-02-01T10:48:13.288Z,
course,1469,2,course#1469 评论 2：这节课讲得很清楚，重点很明确。,7,normal,2026-01-31T10:48:13.288Z,
course,1469,3,course#1469 评论 3：这节课讲得很清楚，重点很明确。,2,normal,2026-01-24T10:48:13.288Z,
course,1469,4,course#1469 评论 4：希望后续更新更多进阶内容。,2,normal,2026-01-29T10:48:13.288Z,
course,1469,5,course#1469 评论 5：讲师讲解很细，适合零基础。,5,normal,2026-01-30T10:48:13.288Z,
course,1469,6,course#1469 评论 6：这节课讲得很清楚，重点很明确。,0,normal,2026-01-30T10:48:13.288Z,
course,1470,1,course#1470 评论 1：节奏刚好，建议再补充一点练习题。,5,normal,2026-01-31T10:48:13.288Z,
course,1470,2,course#1470 评论 2：这节课讲得很清楚，重点很明确。,5,normal,2026-01-27T10:48:13.288Z,
course,1470,3,course#1470 评论 3：如果能加配套资料就更好了。,6,normal,2026-01-22T10:48:13.288Z,
course,1470,4,course#1470 评论 4：课程结构清晰，学习路线明了。,5,normal,2026-01-23T10:48:13.288Z,
course,1470,5,course#1470 评论 5：实例讲解很实用，收藏了。,7,normal,2026-01-25T10:48:13.288Z,
course,1470,6,course#1470 评论 6：课程结构清晰，学习路线明了。,0,normal,2026-01-29T10:48:13.288Z,
course,1471,1,course#1471 评论 1：节奏刚好，建议再补充一点练习题。,3,normal,2026-01-24T10:48:13.288Z,
course,1471,2,course#1471 评论 2：内容有深度但不晦涩，体验很好。,1,normal,2026-02-04T10:48:13.288Z,
course,1471,3,course#1471 评论 3：课程结构清晰，学习路线明了。,4,normal,2026-02-01T10:48:13.288Z,
course,1471,4,course#1471 评论 4：如果能加配套资料就更好了。,2,normal,2026-02-04T10:48:13.288Z,
course,1471,5,course#1471 评论 5：内容有深度但不晦涩，体验很好。,7,normal,2026-02-01T10:48:13.288Z,
course,1471,6,course#1471 评论 6：案例很贴近实际，学完能直接上手。,2,normal,2026-01-24T10:48:13.288Z,
course,1472,1,course#1472 评论 1：内容有深度但不晦涩，体验很好。,3,normal,2026-01-23T10:48:13.288Z,
course,1472,2,course#1472 评论 2：节奏刚好，建议再补充一点练习题。,1,normal,2026-02-02T10:48:13.288Z,
course,1472,3,course#1472 评论 3：实例讲解很实用，收藏了。,0,normal,2026-01-31T10:48:13.288Z,
course,1472,4,course#1472 评论 4：实例讲解很实用，收藏了。,6,normal,2026-01-29T10:48:13.288Z,
course,1472,5,course#1472 评论 5：这节课讲得很清楚，重点很明确。,1,normal,2026-01-28T10:48:13.288Z,
course,1472,6,course#1472 评论 6：重点知识点总结得不错，复习方便。,2,normal,2026-01-24T10:48:13.288Z,
course,1473,1,course#1473 评论 1：讲师讲解很细，适合零基础。,7,normal,2026-02-02T10:48:13.288Z,
course,1473,2,course#1473 评论 2：课程结构清晰，学习路线明了。,2,normal,2026-02-03T10:48:13.288Z,
course,1473,3,course#1473 评论 3：希望后续更新更多进阶内容。,7,normal,2026-02-02T10:48:13.288Z,
course,1473,4,course#1473 评论 4：这节课讲得很清楚，重点很明确。,2,normal,2026-01-29T10:48:13.288Z,
course,1473,5,course#1473 评论 5：课程结构清晰，学习路线明了。,7,normal,2026-01-24T10:48:13.288Z,
course,1473,6,course#1473 评论 6：这节课讲得很清楚，重点很明确。,3,normal,2026-01-28T10:48:13.288Z,
course,1474,1,course#1474 评论 1：如果能加配套资料就更好了。,5,normal,2026-02-02T10:48:13.288Z,
course,1474,2,course#1474 评论 2：这节课讲得很清楚，重点很明确。,2,normal,2026-02-03T10:48:13.288Z,
course,1474,3,course#1474 评论 3：讲师讲解很细，适合零基础。,5,normal,2026-02-04T10:48:13.288Z,
course,1474,4,course#1474 评论 4：如果能加配套资料就更好了。,0,normal,2026-01-25T10:48:13.288Z,
course,1474,5,course#1474 评论 5：实例讲解很实用，收藏了。,1,normal,2026-02-04T10:48:13.288Z,
course,1474,6,course#1474 评论 6：案例很贴近实际，学完能直接上手。,4,normal,2026-01-29T10:48:13.288Z,
course,1475,1,course#1475 评论 1：这节课讲得很清楚，重点很明确。,1,normal,2026-02-04T10:48:13.288Z,
course,1475,2,course#1475 评论 2：实例讲解很实用，收藏了。,5,normal,2026-01-26T10:48:13.288Z,
course,1475,3,course#1475 评论 3：讲师讲解很细，适合零基础。,5,normal,2026-01-30T10:48:13.288Z,
course,1475,4,course#1475 评论 4：案例很贴近实际，学完能直接上手。,2,normal,2026-02-01T10:48:13.288Z,
course,1475,5,course#1475 评论 5：案例很贴近实际，学完能直接上手。,4,normal,2026-02-04T10:48:13.288Z,
course,1475,6,course#1475 评论 6：内容有深度但不晦涩，体验很好。,2,normal,2026-02-02T10:48:13.288Z,
course,1476,1,course#1476 评论 1：如果能加配套资料就更好了。,4,normal,2026-01-25T10:48:13.288Z,
course,1476,2,course#1476 评论 2：节奏刚好，建议再补充一点练习题。,6,normal,2026-02-02T10:48:13.288Z,
course,1476,3,course#1476 评论 3：重点知识点总结得不错，复习方便。,2,normal,2026-02-01T10:48:13.288Z,
course,1476,4,course#1476 评论 4：希望后续更新更多进阶内容。,5,normal,2026-01-27T10:48:13.288Z,
course,1476,5,course#1476 评论 5：节奏刚好，建议再补充一点练习题。,0,normal,2026-01-23T10:48:13.288Z,
course,1476,6,course#1476 评论 6：这节课讲得很清楚，重点很明确。,7,normal,2026-01-29T10:48:13.289Z,
course,1477,1,course#1477 评论 1：节奏刚好，建议再补充一点练习题。,1,normal,2026-02-03T10:48:13.289Z,
course,1477,2,course#1477 评论 2：这节课讲得很清楚，重点很明确。,4,normal,2026-02-02T10:48:13.289Z,
course,1477,3,course#1477 评论 3：节奏刚好，建议再补充一点练习题。,3,normal,2026-01-22T10:48:13.289Z,
course,1477,4,course#1477 评论 4：希望后续更新更多进阶内容。,2,normal,2026-01-26T10:48:13.289Z,
course,1477,5,course#1477 评论 5：案例很贴近实际，学完能直接上手。,3,normal,2026-01-31T10:48:13.289Z,
course,1477,6,course#1477 评论 6：重点知识点总结得不错，复习方便。,2,normal,2026-01-28T10:48:13.289Z,
course,1478,1,course#1478 评论 1：实例讲解很实用，收藏了。,1,normal,2026-02-02T10:48:13.289Z,
course,1478,2,course#1478 评论 2：案例很贴近实际，学完能直接上手。,0,normal,2026-01-24T10:48:13.289Z,
course,1478,3,course#1478 评论 3：课程结构清晰，学习路线明了。,2,normal,2026-01-26T10:48:13.289Z,
course,1478,4,course#1478 评论 4：重点知识点总结得不错，复习方便。,2,normal,2026-01-30T10:48:13.289Z,
course,1478,5,course#1478 评论 5：内容有深度但不晦涩，体验很好。,0,normal,2026-01-29T10:48:13.289Z,
course,1478,6,course#1478 评论 6：重点知识点总结得不错，复习方便。,1,normal,2026-01-28T10:48:13.289Z,
course,1479,1,course#1479 评论 1：这节课讲得很清楚，重点很明确。,7,normal,2026-01-28T10:48:13.289Z,
course,1479,2,course#1479 评论 2：课程结构清晰，学习路线明了。,5,normal,2026-02-04T10:48:13.289Z,
course,1479,3,course#1479 评论 3：希望后续更新更多进阶内容。,7,normal,2026-01-28T10:48:13.289Z,
course,1479,4,course#1479 评论 4：如果能加配套资料就更好了。,4,normal,2026-02-02T10:48:13.289Z,
course,1479,5,course#1479 评论 5：重点知识点总结得不错，复习方便。,2,normal,2026-01-27T10:48:13.289Z,
course,1479,6,course#1479 评论 6：希望后续更新更多进阶内容。,0,normal,2026-01-29T10:48:13.289Z,
course,1480,1,course#1480 评论 1：节奏刚好，建议再补充一点练习题。,0,normal,2026-01-28T10:48:13.289Z,
course,1480,2,course#1480 评论 2：如果能加配套资料就更好了。,5,normal,2026-02-02T10:48:13.289Z,
course,1480,3,course#1480 评论 3：实例讲解很实用，收藏了。,6,normal,2026-01-27T10:48:13.289Z,
course,1480,4,course#1480 评论 4：节奏刚好，建议再补充一点练习题。,2,normal,2026-02-04T10:48:13.289Z,
course,1480,5,course#1480 评论 5：案例很贴近实际，学完能直接上手。,1,normal,2026-02-02T10:48:13.289Z,
course,1480,6,course#1480 评论 6：这节课讲得很清楚，重点很明确。,7,normal,2026-01-25T10:48:13.289Z,
course,1481,1,course#1481 评论 1：内容有深度但不晦涩，体验很好。,4,normal,2026-01-30T10:48:13.289Z,
course,1481,2,course#1481 评论 2：节奏刚好，建议再补充一点练习题。,5,normal,2026-02-02T10:48:13.289Z,
course,1481,3,course#1481 评论 3：内容有深度但不晦涩，体验很好。,2,normal,2026-02-01T10:48:13.289Z,
course,1481,4,course#1481 评论 4：节奏刚好，建议再补充一点练习题。,5,normal,2026-01-30T10:48:13.289Z,
course,1481,5,course#1481 评论 5：如果能加配套资料就更好了。,7,normal,2026-01-28T10:48:13.289Z,
course,1481,6,course#1481 评论 6：这节课讲得很清楚，重点很明确。,3,normal,2026-01-26T10:48:13.289Z,
course,1482,1,course#1482 评论 1：希望后续更新更多进阶内容。,5,normal,2026-02-01T10:48:13.289Z,
course,1482,2,course#1482 评论 2：希望后续更新更多进阶内容。,0,normal,2026-01-24T10:48:13.289Z,
course,1482,3,course#1482 评论 3：案例很贴近实际，学完能直接上手。,3,normal,2026-01-30T10:48:13.289Z,
course,1482,4,course#1482 评论 4：内容有深度但不晦涩，体验很好。,4,normal,2026-01-24T10:48:13.289Z,
course,1482,5,course#1482 评论 5：希望后续更新更多进阶内容。,2,normal,2026-01-26T10:48:13.289Z,
course,1482,6,course#1482 评论 6：讲师讲解很细，适合零基础。,1,normal,2026-02-02T10:48:13.289Z,
course,1483,1,course#1483 评论 1：如果能加配套资料就更好了。,6,normal,2026-01-31T10:48:13.289Z,
course,1483,2,course#1483 评论 2：节奏刚好，建议再补充一点练习题。,5,normal,2026-02-04T10:48:13.289Z,
course,1483,3,course#1483 评论 3：希望后续更新更多进阶内容。,0,normal,2026-01-22T10:48:13.289Z,
course,1483,4,course#1483 评论 4：课程结构清晰，学习路线明了。,7,normal,2026-01-23T10:48:13.289Z,
course,1483,5,course#1483 评论 5：讲师讲解很细，适合零基础。,0,normal,2026-01-25T10:48:13.289Z,
course,1483,6,course#1483 评论 6：希望后续更新更多进阶内容。,0,normal,2026-02-02T10:48:13.289Z,
course,1484,1,course#1484 评论 1：希望后续更新更多进阶内容。,2,normal,2026-01-24T10:48:13.289Z,
course,1484,2,course#1484 评论 2：节奏刚好，建议再补充一点练习题。,7,normal,2026-01-22T10:48:13.289Z,
course,1484,3,course#1484 评论 3：实例讲解很实用，收藏了。,5,normal,2026-01-23T10:48:13.289Z,
course,1484,4,course#1484 评论 4：希望后续更新更多进阶内容。,7,normal,2026-01-30T10:48:13.289Z,
course,1484,5,course#1484 评论 5：如果能加配套资料就更好了。,4,normal,2026-02-04T10:48:13.289Z,
course,1484,6,course#1484 评论 6：重点知识点总结得不错，复习方便。,7,normal,2026-01-24T10:48:13.289Z,
course,1485,1,course#1485 评论 1：如果能加配套资料就更好了。,7,normal,2026-01-22T10:48:13.289Z,
course,1485,2,course#1485 评论 2：重点知识点总结得不错，复习方便。,2,normal,2026-01-23T10:48:13.289Z,
course,1485,3,course#1485 评论 3：讲师讲解很细，适合零基础。,2,normal,2026-01-27T10:48:13.289Z,
course,1485,4,course#1485 评论 4：节奏刚好，建议再补充一点练习题。,6,normal,2026-01-22T10:48:13.289Z,
course,1485,5,course#1485 评论 5：如果能加配套资料就更好了。,6,normal,2026-01-25T10:48:13.289Z,
course,1485,6,course#1485 评论 6：内容有深度但不晦涩，体验很好。,0,normal,2026-01-26T10:48:13.289Z,
course,1486,1,course#1486 评论 1：案例很贴近实际，学完能直接上手。,7,normal,2026-01-26T10:48:13.289Z,
course,1486,2,course#1486 评论 2：课程结构清晰，学习路线明了。,6,normal,2026-01-31T10:48:13.289Z,
course,1486,3,course#1486 评论 3：讲师讲解很细，适合零基础。,5,normal,2026-01-29T10:48:13.289Z,
course,1486,4,course#1486 评论 4：希望后续更新更多进阶内容。,5,normal,2026-02-03T10:48:13.289Z,
course,1486,5,course#1486 评论 5：课程结构清晰，学习路线明了。,4,normal,2026-02-03T10:48:13.289Z,
course,1486,6,course#1486 评论 6：实例讲解很实用，收藏了。,6,normal,2026-02-02T10:48:13.289Z,
course,1487,1,course#1487 评论 1：讲师讲解很细，适合零基础。,2,normal,2026-01-24T10:48:13.289Z,
course,1487,2,course#1487 评论 2：内容有深度但不晦涩，体验很好。,7,normal,2026-01-25T10:48:13.289Z,
course,1487,3,course#1487 评论 3：重点知识点总结得不错，复习方便。,1,normal,2026-01-26T10:48:13.289Z,
course,1487,4,course#1487 评论 4：内容有深度但不晦涩，体验很好。,6,normal,2026-01-31T10:48:13.289Z,
course,1487,5,course#1487 评论 5：希望后续更新更多进阶内容。,1,normal,2026-01-25T10:48:13.289Z,
course,1487,6,course#1487 评论 6：希望后续更新更多进阶内容。,7,normal,2026-02-04T10:48:13.289Z,
course,1488,1,course#1488 评论 1：案例很贴近实际，学完能直接上手。,0,normal,2026-01-22T10:48:13.289Z,
course,1488,2,course#1488 评论 2：讲师讲解很细，适合零基础。,0,normal,2026-01-31T10:48:13.289Z,
course,1488,3,course#1488 评论 3：如果能加配套资料就更好了。,0,normal,2026-02-04T10:48:13.289Z,
course,1488,4,course#1488 评论 4：如果能加配套资料就更好了。,1,normal,2026-01-29T10:48:13.289Z,
course,1488,5,course#1488 评论 5：实例讲解很实用，收藏了。,3,normal,2026-01-28T10:48:13.289Z,
course,1488,6,course#1488 评论 6：实例讲解很实用，收藏了。,0,normal,2026-02-02T10:48:13.289Z,
course,1489,1,course#1489 评论 1：节奏刚好，建议再补充一点练习题。,0,normal,2026-01-22T10:48:13.289Z,
course,1489,2,course#1489 评论 2：内容有深度但不晦涩，体验很好。,1,normal,2026-01-25T10:48:13.289Z,
course,1489,3,course#1489 评论 3：如果能加配套资料就更好了。,3,normal,2026-02-01T10:48:13.289Z,
course,1489,4,course#1489 评论 4：重点知识点总结得不错，复习方便。,7,normal,2026-01-31T10:48:13.289Z,
course,1489,5,course#1489 评论 5：讲师讲解很细，适合零基础。,4,normal,2026-01-31T10:48:13.289Z,
course,1489,6,course#1489 评论 6：这节课讲得很清楚，重点很明确。,3,normal,2026-02-04T10:48:13.289Z,
course,1490,1,course#1490 评论 1：这节课讲得很清楚，重点很明确。,3,normal,2026-01-27T10:48:13.289Z,
course,1490,2,course#1490 评论 2：内容有深度但不晦涩，体验很好。,3,normal,2026-02-02T10:48:13.289Z,
course,1490,3,course#1490 评论 3：如果能加配套资料就更好了。,7,normal,2026-01-26T10:48:13.289Z,
course,1490,4,course#1490 评论 4：案例很贴近实际，学完能直接上手。,7,normal,2026-02-01T10:48:13.289Z,
course,1490,5,course#1490 评论 5：课程结构清晰，学习路线明了。,5,normal,2026-01-23T10:48:13.289Z,
course,1490,6,course#1490 评论 6：内容有深度但不晦涩，体验很好。,4,normal,2026-01-23T10:48:13.289Z,
course,1491,1,course#1491 评论 1：实例讲解很实用，收藏了。,4,normal,2026-01-23T10:48:13.289Z,
course,1491,2,course#1491 评论 2：如果能加配套资料就更好了。,1,normal,2026-01-24T10:48:13.289Z,
course,1491,3,course#1491 评论 3：课程结构清晰，学习路线明了。,2,normal,2026-01-25T10:48:13.289Z,
course,1491,4,course#1491 评论 4：课程结构清晰，学习路线明了。,3,normal,2026-01-23T10:48:13.289Z,
course,1491,5,course#1491 评论 5：案例很贴近实际，学完能直接上手。,2,normal,2026-01-24T10:48:13.289Z,
course,1491,6,course#1491 评论 6：这节课讲得很清楚，重点很明确。,5,normal,2026-01-30T10:48:13.289Z,
course,1492,1,course#1492 评论 1：案例很贴近实际，学完能直接上手。,7,normal,2026-02-02T10:48:13.289Z,
course,1492,2,course#1492 评论 2：节奏刚好，建议再补充一点练习题。,0,normal,2026-01-30T10:48:13.289Z,
course,1492,3,course#1492 评论 3：重点知识点总结得不错，复习方便。,7,normal,2026-01-28T10:48:13.289Z,
course,1492,4,course#1492 评论 4：节奏刚好，建议再补充一点练习题。,5,normal,2026-02-03T10:48:13.289Z,
course,1492,5,course#1492 评论 5：如果能加配套资料就更好了。,4,normal,2026-02-02T10:48:13.289Z,
course,1492,6,course#1492 评论 6：希望后续更新更多进阶内容。,0,normal,2026-02-03T10:48:13.289Z,
course,1493,1,course#1493 评论 1：讲师讲解很细，适合零基础。,1,normal,2026-01-29T10:48:13.289Z,
course,1493,2,course#1493 评论 2：如果能加配套资料就更好了。,7,normal,2026-01-31T10:48:13.289Z,
course,1493,3,course#1493 评论 3：内容有深度但不晦涩，体验很好。,6,normal,2026-02-04T10:48:13.289Z,
course,1493,4,course#1493 评论 4：实例讲解很实用，收藏了。,7,normal,2026-01-31T10:48:13.289Z,
course,1493,5,course#1493 评论 5：节奏刚好，建议再补充一点练习题。,7,normal,2026-01-25T10:48:13.289Z,
course,1493,6,course#1493 评论 6：节奏刚好，建议再补充一点练习题。,4,normal,2026-01-24T10:48:13.289Z,
course,1494,1,course#1494 评论 1：案例很贴近实际，学完能直接上手。,1,normal,2026-01-24T10:48:13.289Z,
course,1494,2,course#1494 评论 2：这节课讲得很清楚，重点很明确。,4,normal,2026-01-28T10:48:13.289Z,
course,1494,3,course#1494 评论 3：希望后续更新更多进阶内容。,2,normal,2026-01-26T10:48:13.289Z,
course,1494,4,course#1494 评论 4：节奏刚好，建议再补充一点练习题。,3,normal,2026-01-31T10:48:13.289Z,
course,1494,5,course#1494 评论 5：希望后续更新更多进阶内容。,4,normal,2026-01-26T10:48:13.289Z,
course,1494,6,course#1494 评论 6：案例很贴近实际，学完能直接上手。,3,normal,2026-01-28T10:48:13.289Z,
course,1495,1,course#1495 评论 1：节奏刚好，建议再补充一点练习题。,6,normal,2026-01-31T10:48:13.289Z,
course,1495,2,course#1495 评论 2：这节课讲得很清楚，重点很明确。,7,normal,2026-01-30T10:48:13.289Z,
course,1495,3,course#1495 评论 3：希望后续更新更多进阶内容。,1,normal,2026-01-25T10:48:13.289Z,
course,1495,4,course#1495 评论 4：如果能加配套资料就更好了。,0,normal,2026-01-30T10:48:13.289Z,
course,1495,5,course#1495 评论 5：讲师讲解很细，适合零基础。,4,normal,2026-01-29T10:48:13.289Z,
course,1495,6,course#1495 评论 6：节奏刚好，建议再补充一点练习题。,5,normal,2026-01-28T10:48:13.289Z,
course,1496,1,course#1496 评论 1：这节课讲得很清楚，重点很明确。,6,normal,2026-01-30T10:48:13.289Z,
course,1496,2,course#1496 评论 2：重点知识点总结得不错，复习方便。,6,normal,2026-02-03T10:48:13.289Z,
course,1496,3,course#1496 评论 3：实例讲解很实用，收藏了。,4,normal,2026-01-28T10:48:13.289Z,
course,1496,4,course#1496 评论 4：内容有深度但不晦涩，体验很好。,0,normal,2026-01-29T10:48:13.289Z,
course,1496,5,course#1496 评论 5：讲师讲解很细，适合零基础。,2,normal,2026-02-04T10:48:13.289Z,
course,1496,6,course#1496 评论 6：如果能加配套资料就更好了。,1,normal,2026-02-03T10:48:13.289Z,
course,1497,1,course#1497 评论 1：这节课讲得很清楚，重点很明确。,7,normal,2026-02-03T10:48:13.289Z,
course,1497,2,course#1497 评论 2：这节课讲得很清楚，重点很明确。,3,normal,2026-01-27T10:48:13.289Z,
course,1497,3,course#1497 评论 3：实例讲解很实用，收藏了。,2,normal,2026-01-30T10:48:13.289Z,
course,1497,4,course#1497 评论 4：案例很贴近实际，学完能直接上手。,6,normal,2026-01-23T10:48:13.289Z,
course,1497,5,course#1497 评论 5：实例讲解很实用，收藏了。,6,normal,2026-01-23T10:48:13.289Z,
course,1497,6,course#1497 评论 6：重点知识点总结得不错，复习方便。,1,normal,2026-01-24T10:48:13.289Z,
course,1498,1,course#1498 评论 1：这节课讲得很清楚，重点很明确。,5,normal,2026-02-02T10:48:13.289Z,
course,1498,2,course#1498 评论 2：如果能加配套资料就更好了。,4,normal,2026-02-01T10:48:13.289Z,
course,1498,3,course#1498 评论 3：节奏刚好，建议再补充一点练习题。,5,normal,2026-01-30T10:48:13.289Z,
course,1498,4,course#1498 评论 4：课程结构清晰，学习路线明了。,4,normal,2026-02-01T10:48:13.289Z,
course,1498,5,course#1498 评论 5：内容有深度但不晦涩，体验很好。,6,normal,2026-01-22T10:48:13.289Z,
course,1498,6,course#1498 评论 6：内容有深度但不晦涩，体验很好。,1,normal,2026-01-27T10:48:13.289Z,
course,1499,1,course#1499 评论 1：案例很贴近实际，学完能直接上手。,2,normal,2026-01-27T10:48:13.289Z,
course,1499,2,course#1499 评论 2：案例很贴近实际，学完能直接上手。,7,normal,2026-01-28T10:48:13.289Z,
course,1499,3,course#1499 评论 3：如果能加配套资料就更好了。,5,normal,2026-01-23T10:48:13.289Z,
course,1499,4,course#1499 评论 4：重点知识点总结得不错，复习方便。,1,normal,2026-01-22T10:48:13.289Z,
course,1499,5,course#1499 评论 5：节奏刚好，建议再补充一点练习题。,6,normal,2026-01-28T10:48:13.289Z,
course,1499,6,course#1499 评论 6：讲师讲解很细，适合零基础。,4,normal,2026-02-01T10:48:13.289Z,
video,1,1,video#1 评论 1：实例讲解很实用，收藏了。,0,normal,2026-02-04T10:48:13.289Z,
video,1,2,video#1 评论 2：内容有深度但不晦涩，体验很好。,3,normal,2026-02-04T10:48:13.289Z,
video,1,3,video#1 评论 3：这节课讲得很清楚，重点很明确。,6,normal,2026-01-28T10:48:13.289Z,
video,1,4,video#1 评论 4：课程结构清晰，学习路线明了。,1,normal,2026-01-29T10:48:13.289Z,
video,2,5,video#2 评论 1：案例很贴近实际，学完能直接上手。,7,normal,2026-01-27T10:48:13.289Z,
video,2,6,video#2 评论 2：如果能加配套资料就更好了。,2,normal,2026-01-29T10:48:13.289Z,
video,2,1,video#2 评论 3：希望后续更新更多进阶内容。,1,normal,2026-02-01T10:48:13.289Z,
video,2,2,video#2 评论 4：重点知识点总结得不错，复习方便。,4,normal,2026-02-04T10:48:13.289Z,
video,3,3,video#3 评论 1：讲师讲解很细，适合零基础。,2,normal,2026-01-23T10:48:13.289Z,
video,3,4,video#3 评论 2：这节课讲得很清楚，重点很明确。,3,normal,2026-01-22T10:48:13.289Z,
video,3,5,video#3 评论 3：实例讲解很实用，收藏了。,0,normal,2026-01-25T10:48:13.289Z,
video,3,6,video#3 评论 4：案例很贴近实际，学完能直接上手。,3,normal,2026-01-27T10:48:13.289Z,
video,4,1,video#4 评论 1：希望后续更新更多进阶内容。,0,normal,2026-01-28T10:48:13.289Z,
video,4,2,video#4 评论 2：希望后续更新更多进阶内容。,6,normal,2026-01-27T10:48:13.289Z,
video,4,3,video#4 评论 3：课程结构清晰，学习路线明了。,0,normal,2026-01-24T10:48:13.289Z,
video,4,4,video#4 评论 4：课程结构清晰，学习路线明了。,7,normal,2026-01-27T10:48:13.289Z,
video,10000,5,video#10000 评论 1：如果能加配套资料就更好了。,0,normal,2026-01-29T10:48:13.289Z,
video,10000,6,video#10000 评论 2：如果能加配套资料就更好了。,6,normal,2026-01-28T10:48:13.289Z,
video,10000,1,video#10000 评论 3：如果能加配套资料就更好了。,4,normal,2026-02-01T10:48:13.289Z,
video,10000,2,video#10000 评论 4：课程结构清晰，学习路线明了。,5,normal,2026-01-27T10:48:13.289Z,
video,10001,3,video#10001 评论 1：实例讲解很实用，收藏了。,4,normal,2026-01-27T10:48:13.289Z,
video,10001,4,video#10001 评论 2：重点知识点总结得不错，复习方便。,7,normal,2026-02-01T10:48:13.289Z,
video,10001,5,video#10001 评论 3：希望后续更新更多进阶内容。,1,normal,2026-01-24T10:48:13.289Z,
video,10001,6,video#10001 评论 4：实例讲解很实用，收藏了。,5,normal,2026-01-25T10:48:13.289Z,
video,10002,1,video#10002 评论 1：节奏刚好，建议再补充一点练习题。,1,normal,2026-01-22T10:48:13.289Z,
video,10002,2,video#10002 评论 2：这节课讲得很清楚，重点很明确。,0,normal,2026-01-24T10:48:13.289Z,
video,10002,3,video#10002 评论 3：讲师讲解很细，适合零基础。,0,normal,2026-01-29T10:48:13.289Z,
video,10002,4,video#10002 评论 4：这节课讲得很清楚，重点很明确。,5,normal,2026-01-24T10:48:13.289Z,
video,10003,5,video#10003 评论 1：这节课讲得很清楚，重点很明确。,6,normal,2026-01-23T10:48:13.289Z,
video,10003,6,video#10003 评论 2：重点知识点总结得不错，复习方便。,6,normal,2026-02-01T10:48:13.289Z,
video,10003,1,video#10003 评论 3：案例很贴近实际，学完能直接上手。,2,normal,2026-01-27T10:48:13.289Z,
video,10003,2,video#10003 评论 4：这节课讲得很清楚，重点很明确。,5,normal,2026-02-03T10:48:13.289Z,
video,10004,3,video#10004 评论 1：内容有深度但不晦涩，体验很好。,4,normal,2026-01-26T10:48:13.289Z,
video,10004,4,video#10004 评论 2：如果能加配套资料就更好了。,3,normal,2026-02-01T10:48:13.289Z,
video,10004,5,video#10004 评论 3：课程结构清晰，学习路线明了。,3,normal,2026-02-01T10:48:13.289Z,
video,10004,6,video#10004 评论 4：节奏刚好，建议再补充一点练习题。,3,normal,2026-02-02T10:48:13.289Z,
video,10005,1,video#10005 评论 1：重点知识点总结得不错，复习方便。,2,normal,2026-01-25T10:48:13.289Z,
video,10005,2,video#10005 评论 2：节奏刚好，建议再补充一点练习题。,7,normal,2026-02-02T10:48:13.289Z,
video,10005,3,video#10005 评论 3：内容有深度但不晦涩，体验很好。,7,normal,2026-01-26T10:48:13.289Z,
video,10005,4,video#10005 评论 4：内容有深度但不晦涩，体验很好。,4,normal,2026-01-22T10:48:13.289Z,
video,10006,5,video#10006 评论 1：课程结构清晰，学习路线明了。,3,normal,2026-01-25T10:48:13.289Z,
video,10006,6,video#10006 评论 2：课程结构清晰，学习路线明了。,2,normal,2026-02-02T10:48:13.289Z,
video,10006,1,video#10006 评论 3：希望后续更新更多进阶内容。,3,normal,2026-01-25T10:48:13.289Z,
video,10006,2,video#10006 评论 4：内容有深度但不晦涩，体验很好。,1,normal,2026-01-22T10:48:13.289Z,
video,10007,3,video#10007 评论 1：实例讲解很实用，收藏了。,0,normal,2026-01-29T10:48:13.289Z,
video,10007,4,video#10007 评论 2：案例很贴近实际，学完能直接上手。,6,normal,2026-01-28T10:48:13.289Z,
video,10007,5,video#10007 评论 3：希望后续更新更多进阶内容。,0,normal,2026-02-02T10:48:13.289Z,
video,10007,6,video#10007 评论 4：重点知识点总结得不错，复习方便。,7,normal,2026-01-31T10:48:13.289Z,
video,10008,1,video#10008 评论 1：内容有深度但不晦涩，体验很好。,5,normal,2026-02-01T10:48:13.289Z,
video,10008,2,video#10008 评论 2：课程结构清晰，学习路线明了。,6,normal,2026-01-31T10:48:13.289Z,
video,10008,3,video#10008 评论 3：重点知识点总结得不错，复习方便。,4,normal,2026-01-26T10:48:13.289Z,
video,10008,4,video#10008 评论 4：实例讲解很实用，收藏了。,6,normal,2026-02-02T10:48:13.289Z,
video,10009,5,video#10009 评论 1：课程结构清晰，学习路线明了。,7,normal,2026-01-29T10:48:13.289Z,
video,10009,6,video#10009 评论 2：重点知识点总结得不错，复习方便。,0,normal,2026-01-26T10:48:13.289Z,
video,10009,1,video#10009 评论 3：希望后续更新更多进阶内容。,5,normal,2026-01-29T10:48:13.289Z,
video,10009,2,video#10009 评论 4：希望后续更新更多进阶内容。,0,normal,2026-01-22T10:48:13.289Z,
video,10010,3,video#10010 评论 1：内容有深度但不晦涩，体验很好。,0,normal,2026-01-28T10:48:13.289Z,
video,10010,4,video#10010 评论 2：节奏刚好，建议再补充一点练习题。,0,normal,2026-02-02T10:48:13.289Z,
video,10010,5,video#10010 评论 3：如果能加配套资料就更好了。,3,normal,2026-02-02T10:48:13.289Z,
video,10010,6,video#10010 评论 4：讲师讲解很细，适合零基础。,6,normal,2026-01-23T10:48:13.289Z,
video,10011,1,video#10011 评论 1：案例很贴近实际，学完能直接上手。,6,normal,2026-01-26T10:48:13.289Z,
video,10011,2,video#10011 评论 2：节奏刚好，建议再补充一点练习题。,3,normal,2026-02-04T10:48:13.289Z,
video,10011,3,video#10011 评论 3：重点知识点总结得不错，复习方便。,7,normal,2026-01-25T10:48:13.289Z,
video,10011,4,video#10011 评论 4：实例讲解很实用，收藏了。,6,normal,2026-01-28T10:48:13.289Z,
video,10012,5,video#10012 评论 1：如果能加配套资料就更好了。,5,normal,2026-01-23T10:48:13.289Z,
video,10012,6,video#10012 评论 2：内容有深度但不晦涩，体验很好。,3,normal,2026-01-31T10:48:13.289Z,
video,10012,1,video#10012 评论 3：重点知识点总结得不错，复习方便。,2,normal,2026-02-03T10:48:13.289Z,
video,10012,2,video#10012 评论 4：重点知识点总结得不错，复习方便。,0,normal,2026-02-03T10:48:13.289Z,
video,10013,3,video#10013 评论 1：内容有深度但不晦涩，体验很好。,0,normal,2026-02-01T10:48:13.289Z,
video,10013,4,video#10013 评论 2：如果能加配套资料就更好了。,7,normal,2026-01-27T10:48:13.289Z,
video,10013,5,video#10013 评论 3：重点知识点总结得不错，复习方便。,4,normal,2026-02-02T10:48:13.289Z,
video,10013,6,video#10013 评论 4：课程结构清晰，学习路线明了。,5,normal,2026-01-29T10:48:13.289Z,
video,10014,1,video#10014 评论 1：实例讲解很实用，收藏了。,0,normal,2026-01-24T10:48:13.289Z,
video,10014,2,video#10014 评论 2：实例讲解很实用，收藏了。,2,normal,2026-01-22T10:48:13.289Z,
video,10014,3,video#10014 评论 3：希望后续更新更多进阶内容。,4,normal,2026-02-02T10:48:13.289Z,
video,10014,4,video#10014 评论 4：内容有深度但不晦涩，体验很好。,5,normal,2026-01-26T10:48:13.289Z,
video,10015,5,video#10015 评论 1：内容有深度但不晦涩，体验很好。,2,normal,2026-02-01T10:48:13.289Z,
video,10015,6,video#10015 评论 2：重点知识点总结得不错，复习方便。,6,normal,2026-01-28T10:48:13.289Z,
video,10015,1,video#10015 评论 3：重点知识点总结得不错，复习方便。,5,normal,2026-02-02T10:48:13.289Z,
video,10015,2,video#10015 评论 4：如果能加配套资料就更好了。,6,normal,2026-02-02T10:48:13.289Z,
video,10016,3,video#10016 评论 1：课程结构清晰，学习路线明了。,2,normal,2026-01-23T10:48:13.289Z,
video,10016,4,video#10016 评论 2：这节课讲得很清楚，重点很明确。,0,normal,2026-02-03T10:48:13.289Z,
video,10016,5,video#10016 评论 3：希望后续更新更多进阶内容。,7,normal,2026-01-29T10:48:13.289Z,
video,10016,6,video#10016 评论 4：实例讲解很实用，收藏了。,1,normal,2026-01-25T10:48:13.289Z,
video,10017,1,video#10017 评论 1：内容有深度但不晦涩，体验很好。,5,normal,2026-01-24T10:48:13.289Z,
video,10017,2,video#10017 评论 2：希望后续更新更多进阶内容。,6,normal,2026-01-22T10:48:13.289Z,
video,10017,3,video#10017 评论 3：讲师讲解很细，适合零基础。,7,normal,2026-01-30T10:48:13.289Z,
video,10017,4,video#10017 评论 4：重点知识点总结得不错，复习方便。,6,normal,2026-01-28T10:48:13.289Z,
video,10018,5,video#10018 评论 1：这节课讲得很清楚，重点很明确。,6,normal,2026-01-23T10:48:13.289Z,
video,10018,6,video#10018 评论 2：希望后续更新更多进阶内容。,1,normal,2026-02-04T10:48:13.289Z,
video,10018,1,video#10018 评论 3：希望后续更新更多进阶内容。,3,normal,2026-01-28T10:48:13.289Z,
video,10018,2,video#10018 评论 4：节奏刚好，建议再补充一点练习题。,3,normal,2026-02-03T10:48:13.289Z,
video,10019,3,video#10019 评论 1：这节课讲得很清楚，重点很明确。,0,normal,2026-01-26T10:48:13.289Z,
video,10019,4,video#10019 评论 2：内容有深度但不晦涩，体验很好。,4,normal,2026-01-31T10:48:13.289Z,
video,10019,5,video#10019 评论 3：内容有深度但不晦涩，体验很好。,5,normal,2026-02-04T10:48:13.289Z,
video,10019,6,video#10019 评论 4：希望后续更新更多进阶内容。,2,normal,2026-02-01T10:48:13.289Z,
video,10020,1,video#10020 评论 1：这节课讲得很清楚，重点很明确。,2,normal,2026-02-04T10:48:13.289Z,
video,10020,2,video#10020 评论 2：这节课讲得很清楚，重点很明确。,2,normal,2026-01-31T10:48:13.289Z,
video,10020,3,video#10020 评论 3：课程结构清晰，学习路线明了。,6,normal,2026-02-04T10:48:13.289Z,
video,10020,4,video#10020 评论 4：这节课讲得很清楚，重点很明确。,6,normal,2026-01-30T10:48:13.289Z,
video,10021,5,video#10021 评论 1：课程结构清晰，学习路线明了。,1,normal,2026-01-31T10:48:13.289Z,
video,10021,6,video#10021 评论 2：节奏刚好，建议再补充一点练习题。,7,normal,2026-01-23T10:48:13.289Z,
video,10021,1,video#10021 评论 3：内容有深度但不晦涩，体验很好。,7,normal,2026-01-26T10:48:13.289Z,
video,10021,2,video#10021 评论 4：案例很贴近实际，学完能直接上手。,0,normal,2026-01-28T10:48:13.289Z,
video,10022,3,video#10022 评论 1：案例很贴近实际，学完能直接上手。,3,normal,2026-01-26T10:48:13.289Z,
video,10022,4,video#10022 评论 2：这节课讲得很清楚，重点很明确。,6,normal,2026-01-29T10:48:13.289Z,
video,10022,5,video#10022 评论 3：重点知识点总结得不错，复习方便。,1,normal,2026-01-22T10:48:13.289Z,
video,10022,6,video#10022 评论 4：节奏刚好，建议再补充一点练习题。,1,normal,2026-01-27T10:48:13.289Z,
video,10023,1,video#10023 评论 1：重点知识点总结得不错，复习方便。,6,normal,2026-02-03T10:48:13.289Z,
video,10023,2,video#10023 评论 2：讲师讲解很细，适合零基础。,3,normal,2026-01-25T10:48:13.289Z,
video,10023,3,video#10023 评论 3：如果能加配套资料就更好了。,5,normal,2026-01-27T10:48:13.289Z,
video,10023,4,video#10023 评论 4：这节课讲得很清楚，重点很明确。,3,normal,2026-01-24T10:48:13.289Z,
video,10024,5,video#10024 评论 1：内容有深度但不晦涩，体验很好。,1,normal,2026-01-24T10:48:13.289Z,
video,10024,6,video#10024 评论 2：实例讲解很实用，收藏了。,2,normal,2026-01-29T10:48:13.289Z,
video,10024,1,video#10024 评论 3：实例讲解很实用，收藏了。,7,normal,2026-01-25T10:48:13.289Z,
video,10024,2,video#10024 评论 4：讲师讲解很细，适合零基础。,7,normal,2026-02-02T10:48:13.289Z,
video,10025,3,video#10025 评论 1：这节课讲得很清楚，重点很明确。,5,normal,2026-02-02T10:48:13.289Z,
video,10025,4,video#10025 评论 2：这节课讲得很清楚，重点很明确。,0,normal,2026-01-25T10:48:13.289Z,
video,10025,5,video#10025 评论 3：节奏刚好，建议再补充一点练习题。,1,normal,2026-02-04T10:48:13.289Z,
video,10025,6,video#10025 评论 4：希望后续更新更多进阶内容。,3,normal,2026-01-31T10:48:13.289Z,
video,10026,1,video#10026 评论 1：重点知识点总结得不错，复习方便。,7,normal,2026-01-22T10:48:13.289Z,
video,10026,2,video#10026 评论 2：课程结构清晰，学习路线明了。,5,normal,2026-01-22T10:48:13.289Z,
video,10026,3,video#10026 评论 3：如果能加配套资料就更好了。,4,normal,2026-01-26T10:48:13.289Z,
video,10026,4,video#10026 评论 4：如果能加配套资料就更好了。,2,normal,2026-01-28T10:48:13.289Z,
video,10027,5,video#10027 评论 1：课程结构清晰，学习路线明了。,6,normal,2026-01-27T10:48:13.289Z,
video,10027,6,video#10027 评论 2：课程结构清晰，学习路线明了。,1,normal,2026-02-01T10:48:13.289Z,
video,10027,1,video#10027 评论 3：节奏刚好，建议再补充一点练习题。,3,normal,2026-01-22T10:48:13.289Z,
video,10027,2,video#10027 评论 4：实例讲解很实用，收藏了。,4,normal,2026-01-29T10:48:13.289Z,
video,10028,3,video#10028 评论 1：讲师讲解很细，适合零基础。,2,normal,2026-02-02T10:48:13.289Z,
video,10028,4,video#10028 评论 2：如果能加配套资料就更好了。,0,normal,2026-01-24T10:48:13.289Z,
video,10028,5,video#10028 评论 3：节奏刚好，建议再补充一点练习题。,6,normal,2026-01-26T10:48:13.289Z,
video,10028,6,video#10028 评论 4：希望后续更新更多进阶内容。,0,normal,2026-01-25T10:48:13.289Z,
video,10029,1,video#10029 评论 1：内容有深度但不晦涩，体验很好。,3,normal,2026-01-26T10:48:13.289Z,
video,10029,2,video#10029 评论 2：内容有深度但不晦涩，体验很好。,6,normal,2026-01-31T10:48:13.289Z,
video,10029,3,video#10029 评论 3：这节课讲得很清楚，重点很明确。,5,normal,2026-01-26T10:48:13.289Z,
video,10029,4,video#10029 评论 4：希望后续更新更多进阶内容。,1,normal,2026-01-25T10:48:13.289Z,
video,10030,5,video#10030 评论 1：重点知识点总结得不错，复习方便。,6,normal,2026-01-22T10:48:13.289Z,
video,10030,6,video#10030 评论 2：这节课讲得很清楚，重点很明确。,6,normal,2026-01-22T10:48:13.289Z,
video,10030,1,video#10030 评论 3：重点知识点总结得不错，复习方便。,5,normal,2026-01-23T10:48:13.289Z,
video,10030,2,video#10030 评论 4：案例很贴近实际，学完能直接上手。,1,normal,2026-01-22T10:48:13.289Z,
video,10031,3,video#10031 评论 1：这节课讲得很清楚，重点很明确。,2,normal,2026-01-26T10:48:13.289Z,
video,10031,4,video#10031 评论 2：内容有深度但不晦涩，体验很好。,6,normal,2026-01-26T10:48:13.289Z,
video,10031,5,video#10031 评论 3：实例讲解很实用，收藏了。,1,normal,2026-01-30T10:48:13.289Z,
video,10031,6,video#10031 评论 4：这节课讲得很清楚，重点很明确。,1,normal,2026-01-29T10:48:13.289Z,
video,10032,1,video#10032 评论 1：内容有深度但不晦涩，体验很好。,6,normal,2026-02-04T10:48:13.289Z,
video,10032,2,video#10032 评论 2：实例讲解很实用，收藏了。,5,normal,2026-01-30T10:48:13.289Z,
video,10032,3,video#10032 评论 3：希望后续更新更多进阶内容。,5,normal,2026-01-31T10:48:13.289Z,
video,10032,4,video#10032 评论 4：节奏刚好，建议再补充一点练习题。,0,normal,2026-01-31T10:48:13.289Z,
video,10033,5,video#10033 评论 1：重点知识点总结得不错，复习方便。,6,normal,2026-01-23T10:48:13.289Z,
video,10033,6,video#10033 评论 2：案例很贴近实际，学完能直接上手。,1,normal,2026-02-04T10:48:13.289Z,
video,10033,1,video#10033 评论 3：希望后续更新更多进阶内容。,5,normal,2026-01-22T10:48:13.289Z,
video,10033,2,video#10033 评论 4：如果能加配套资料就更好了。,1,normal,2026-01-23T10:48:13.289Z,
video,10034,3,video#10034 评论 1：节奏刚好，建议再补充一点练习题。,3,normal,2026-02-02T10:48:13.289Z,
video,10034,4,video#10034 评论 2：案例很贴近实际，学完能直接上手。,3,normal,2026-02-02T10:48:13.289Z,
video,10034,5,video#10034 评论 3：希望后续更新更多进阶内容。,0,normal,2026-01-26T10:48:13.289Z,
video,10034,6,video#10034 评论 4：如果能加配套资料就更好了。,6,normal,2026-02-01T10:48:13.289Z,
video,10035,1,video#10035 评论 1：重点知识点总结得不错，复习方便。,5,normal,2026-02-04T10:48:13.289Z,
video,10035,2,video#10035 评论 2：实例讲解很实用，收藏了。,2,normal,2026-01-24T10:48:13.289Z,
video,10035,3,video#10035 评论 3：课程结构清晰，学习路线明了。,5,normal,2026-01-22T10:48:13.289Z,
video,10035,4,video#10035 评论 4：实例讲解很实用，收藏了。,3,normal,2026-02-01T10:48:13.289Z,
video,10036,5,video#10036 评论 1：课程结构清晰，学习路线明了。,0,normal,2026-02-02T10:48:13.289Z,
video,10036,6,video#10036 评论 2：节奏刚好，建议再补充一点练习题。,1,normal,2026-02-02T10:48:13.289Z,
video,10036,1,video#10036 评论 3：这节课讲得很清楚，重点很明确。,5,normal,2026-01-29T10:48:13.289Z,
video,10036,2,video#10036 评论 4：内容有深度但不晦涩，体验很好。,1,normal,2026-02-04T10:48:13.289Z,
video,10037,3,video#10037 评论 1：内容有深度但不晦涩，体验很好。,7,normal,2026-02-03T10:48:13.289Z,
video,10037,4,video#10037 评论 2：讲师讲解很细，适合零基础。,6,normal,2026-01-30T10:48:13.289Z,
video,10037,5,video#10037 评论 3：内容有深度但不晦涩，体验很好。,5,normal,2026-02-02T10:48:13.289Z,
video,10037,6,video#10037 评论 4：课程结构清晰，学习路线明了。,0,normal,2026-01-30T10:48:13.289Z,
video,10038,1,video#10038 评论 1：希望后续更新更多进阶内容。,7,normal,2026-01-31T10:48:13.289Z,
video,10038,2,video#10038 评论 2：希望后续更新更多进阶内容。,1,normal,2026-01-26T10:48:13.289Z,
video,10038,3,video#10038 评论 3：实例讲解很实用，收藏了。,2,normal,2026-01-27T10:48:13.289Z,
video,10038,4,video#10038 评论 4：实例讲解很实用，收藏了。,4,normal,2026-02-04T10:48:13.289Z,
video,10039,5,video#10039 评论 1：节奏刚好，建议再补充一点练习题。,7,normal,2026-01-30T10:48:13.289Z,
video,10039,6,video#10039 评论 2：课程结构清晰，学习路线明了。,0,normal,2026-02-01T10:48:13.289Z,
video,10039,1,video#10039 评论 3：内容有深度但不晦涩，体验很好。,1,normal,2026-01-28T10:48:13.289Z,
video,10039,2,video#10039 评论 4：这节课讲得很清楚，重点很明确。,6,normal,2026-02-02T10:48:13.289Z,
video,10040,3,video#10040 评论 1：节奏刚好，建议再补充一点练习题。,6,normal,2026-01-23T10:48:13.289Z,
video,10040,4,video#10040 评论 2：内容有深度但不晦涩，体验很好。,5,normal,2026-01-22T10:48:13.289Z,
video,10040,5,video#10040 评论 3：课程结构清晰，学习路线明了。,5,normal,2026-02-03T10:48:13.289Z,
video,10040,6,video#10040 评论 4：重点知识点总结得不错，复习方便。,7,normal,2026-01-28T10:48:13.289Z,
video,10041,1,video#10041 评论 1：课程结构清晰，学习路线明了。,6,normal,2026-01-28T10:48:13.289Z,
video,10041,2,video#10041 评论 2：重点知识点总结得不错，复习方便。,6,normal,2026-01-30T10:48:13.289Z,
video,10041,3,video#10041 评论 3：重点知识点总结得不错，复习方便。,4,normal,2026-01-29T10:48:13.289Z,
video,10041,4,video#10041 评论 4：重点知识点总结得不错，复习方便。,6,normal,2026-01-22T10:48:13.289Z,
video,10042,5,video#10042 评论 1：课程结构清晰，学习路线明了。,7,normal,2026-01-24T10:48:13.289Z,
video,10042,6,video#10042 评论 2：重点知识点总结得不错，复习方便。,0,normal,2026-01-28T10:48:13.289Z,
video,10042,1,video#10042 评论 3：这节课讲得很清楚，重点很明确。,3,normal,2026-01-23T10:48:13.289Z,
video,10042,2,video#10042 评论 4：实例讲解很实用，收藏了。,7,normal,2026-01-25T10:48:13.289Z,
video,10043,3,video#10043 评论 1：内容有深度但不晦涩，体验很好。,0,normal,2026-01-29T10:48:13.289Z,
video,10043,4,video#10043 评论 2：希望后续更新更多进阶内容。,5,normal,2026-01-26T10:48:13.289Z,
video,10043,5,video#10043 评论 3：讲师讲解很细，适合零基础。,0,normal,2026-01-24T10:48:13.289Z,
video,10043,6,video#10043 评论 4：如果能加配套资料就更好了。,6,normal,2026-02-04T10:48:13.289Z,
video,10044,1,video#10044 评论 1：这节课讲得很清楚，重点很明确。,3,normal,2026-02-01T10:48:13.289Z,
video,10044,2,video#10044 评论 2：希望后续更新更多进阶内容。,2,normal,2026-01-24T10:48:13.289Z,
video,10044,3,video#10044 评论 3：内容有深度但不晦涩，体验很好。,3,normal,2026-01-29T10:48:13.289Z,
video,10044,4,video#10044 评论 4：希望后续更新更多进阶内容。,4,normal,2026-01-29T10:48:13.289Z,
video,10045,5,video#10045 评论 1：讲师讲解很细，适合零基础。,6,normal,2026-01-25T10:48:13.289Z,
video,10045,6,video#10045 评论 2：内容有深度但不晦涩，体验很好。,0,normal,2026-01-29T10:48:13.289Z,
video,10045,1,video#10045 评论 3：节奏刚好，建议再补充一点练习题。,5,normal,2026-01-23T10:48:13.289Z,
video,10045,2,video#10045 评论 4：课程结构清晰，学习路线明了。,0,normal,2026-01-25T10:48:13.289Z,
video,10046,3,video#10046 评论 1：内容有深度但不晦涩，体验很好。,3,normal,2026-01-31T10:48:13.289Z,
video,10046,4,video#10046 评论 2：重点知识点总结得不错，复习方便。,7,normal,2026-01-31T10:48:13.289Z,
video,10046,5,video#10046 评论 3：节奏刚好，建议再补充一点练习题。,2,normal,2026-02-02T10:48:13.289Z,
video,10046,6,video#10046 评论 4：重点知识点总结得不错，复习方便。,2,normal,2026-01-29T10:48:13.289Z,
video,10047,1,video#10047 评论 1：讲师讲解很细，适合零基础。,5,normal,2026-01-30T10:48:13.289Z,
video,10047,2,video#10047 评论 2：重点知识点总结得不错，复习方便。,3,normal,2026-01-26T10:48:13.289Z,
video,10047,3,video#10047 评论 3：课程结构清晰，学习路线明了。,1,normal,2026-01-24T10:48:13.289Z,
video,10047,4,video#10047 评论 4：希望后续更新更多进阶内容。,4,normal,2026-01-28T10:48:13.289Z,
video,10048,5,video#10048 评论 1：重点知识点总结得不错，复习方便。,0,normal,2026-02-01T10:48:13.289Z,
video,10048,6,video#10048 评论 2：实例讲解很实用，收藏了。,1,normal,2026-01-26T10:48:13.289Z,
video,10048,1,video#10048 评论 3：案例很贴近实际，学完能直接上手。,1,normal,2026-01-26T10:48:13.289Z,
video,10048,2,video#10048 评论 4：这节课讲得很清楚，重点很明确。,6,normal,2026-01-22T10:48:13.289Z,
video,10049,3,video#10049 评论 1：课程结构清晰，学习路线明了。,0,normal,2026-01-26T10:48:13.289Z,
video,10049,4,video#10049 评论 2：希望后续更新更多进阶内容。,4,normal,2026-01-22T10:48:13.289Z,
video,10049,5,video#10049 评论 3：这节课讲得很清楚，重点很明确。,0,normal,2026-02-02T10:48:13.289Z,
video,10049,6,video#10049 评论 4：内容有深度但不晦涩，体验很好。,1,normal,2026-02-02T10:48:13.289Z,
video,10050,1,video#10050 评论 1：如果能加配套资料就更好了。,7,normal,2026-02-01T10:48:13.289Z,
video,10050,2,video#10050 评论 2：这节课讲得很清楚，重点很明确。,5,normal,2026-01-30T10:48:13.289Z,
video,10050,3,video#10050 评论 3：希望后续更新更多进阶内容。,4,normal,2026-02-03T10:48:13.289Z,
video,10050,4,video#10050 评论 4：这节课讲得很清楚，重点很明确。,1,normal,2026-02-04T10:48:13.289Z,
video,10051,5,video#10051 评论 1：这节课讲得很清楚，重点很明确。,2,normal,2026-01-28T10:48:13.289Z,
video,10051,6,video#10051 评论 2：实例讲解很实用，收藏了。,0,normal,2026-01-25T10:48:13.289Z,
video,10051,1,video#10051 评论 3：这节课讲得很清楚，重点很明确。,0,normal,2026-01-29T10:48:13.289Z,
video,10051,2,video#10051 评论 4：希望后续更新更多进阶内容。,1,normal,2026-01-24T10:48:13.289Z,
video,10052,3,video#10052 评论 1：重点知识点总结得不错，复习方便。,6,normal,2026-01-23T10:48:13.289Z,
video,10052,4,video#10052 评论 2：重点知识点总结得不错，复习方便。,4,normal,2026-01-22T10:48:13.289Z,
video,10052,5,video#10052 评论 3：内容有深度但不晦涩，体验很好。,5,normal,2026-01-22T10:48:13.289Z,
video,10052,6,video#10052 评论 4：重点知识点总结得不错，复习方便。,3,normal,2026-02-03T10:48:13.289Z,
video,10053,1,video#10053 评论 1：内容有深度但不晦涩，体验很好。,3,normal,2026-02-02T10:48:13.289Z,
video,10053,2,video#10053 评论 2：重点知识点总结得不错，复习方便。,4,normal,2026-01-29T10:48:13.289Z,
video,10053,3,video#10053 评论 3：内容有深度但不晦涩，体验很好。,1,normal,2026-01-23T10:48:13.289Z,
video,10053,4,video#10053 评论 4：如果能加配套资料就更好了。,2,normal,2026-01-22T10:48:13.289Z,
video,10054,5,video#10054 评论 1：希望后续更新更多进阶内容。,2,normal,2026-01-24T10:48:13.289Z,
video,10054,6,video#10054 评论 2：这节课讲得很清楚，重点很明确。,0,normal,2026-01-24T10:48:13.289Z,
video,10054,1,video#10054 评论 3：案例很贴近实际，学完能直接上手。,0,normal,2026-01-23T10:48:13.289Z,
video,10054,2,video#10054 评论 4：如果能加配套资料就更好了。,5,normal,2026-01-26T10:48:13.289Z,
video,10055,3,video#10055 评论 1：这节课讲得很清楚，重点很明确。,3,normal,2026-02-04T10:48:13.289Z,
video,10055,4,video#10055 评论 2：希望后续更新更多进阶内容。,3,normal,2026-01-26T10:48:13.289Z,
video,10055,5,video#10055 评论 3：课程结构清晰，学习路线明了。,3,normal,2026-01-26T10:48:13.289Z,
video,10055,6,video#10055 评论 4：案例很贴近实际，学完能直接上手。,6,normal,2026-01-27T10:48:13.289Z,
video,10056,1,video#10056 评论 1：课程结构清晰，学习路线明了。,5,normal,2026-01-22T10:48:13.289Z,
video,10056,2,video#10056 评论 2：内容有深度但不晦涩，体验很好。,4,normal,2026-02-04T10:48:13.289Z,
video,10056,3,video#10056 评论 3：节奏刚好，建议再补充一点练习题。,6,normal,2026-01-29T10:48:13.289Z,
video,10056,4,video#10056 评论 4：实例讲解很实用，收藏了。,2,normal,2026-01-22T10:48:13.289Z,
video,10057,5,video#10057 评论 1：这节课讲得很清楚，重点很明确。,3,normal,2026-02-04T10:48:13.289Z,
video,10057,6,video#10057 评论 2：重点知识点总结得不错，复习方便。,3,normal,2026-01-27T10:48:13.289Z,
video,10057,1,video#10057 评论 3：讲师讲解很细，适合零基础。,0,normal,2026-01-25T10:48:13.289Z,
video,10057,2,video#10057 评论 4：如果能加配套资料就更好了。,4,normal,2026-01-24T10:48:13.289Z,
video,10058,3,video#10058 评论 1：如果能加配套资料就更好了。,6,normal,2026-01-27T10:48:13.289Z,
video,10058,4,video#10058 评论 2：课程结构清晰，学习路线明了。,4,normal,2026-01-30T10:48:13.289Z,
video,10058,5,video#10058 评论 3：课程结构清晰，学习路线明了。,1,normal,2026-01-29T10:48:13.289Z,
video,10058,6,video#10058 评论 4：实例讲解很实用，收藏了。,3,normal,2026-02-04T10:48:13.289Z,
video,10059,1,video#10059 评论 1：如果能加配套资料就更好了。,2,normal,2026-02-01T10:48:13.289Z,
video,10059,2,video#10059 评论 2：希望后续更新更多进阶内容。,0,normal,2026-01-26T10:48:13.289Z,
video,10059,3,video#10059 评论 3：内容有深度但不晦涩，体验很好。,7,normal,2026-01-30T10:48:13.289Z,
video,10059,4,video#10059 评论 4：希望后续更新更多进阶内容。,4,normal,2026-01-29T10:48:13.289Z,
video,10060,5,video#10060 评论 1：节奏刚好，建议再补充一点练习题。,5,normal,2026-02-04T10:48:13.289Z,
video,10060,6,video#10060 评论 2：如果能加配套资料就更好了。,3,normal,2026-02-04T10:48:13.289Z,
video,10060,1,video#10060 评论 3：希望后续更新更多进阶内容。,3,normal,2026-01-27T10:48:13.289Z,
video,10060,2,video#10060 评论 4：课程结构清晰，学习路线明了。,3,normal,2026-01-23T10:48:13.289Z,
video,10061,3,video#10061 评论 1：如果能加配套资料就更好了。,2,normal,2026-01-28T10:48:13.289Z,
video,10061,4,video#10061 评论 2：希望后续更新更多进阶内容。,7,normal,2026-01-23T10:48:13.289Z,
video,10061,5,video#10061 评论 3：节奏刚好，建议再补充一点练习题。,7,normal,2026-01-25T10:48:13.289Z,
video,10061,6,video#10061 评论 4：讲师讲解很细，适合零基础。,5,normal,2026-01-22T10:48:13.289Z,
video,10062,1,video#10062 评论 1：这节课讲得很清楚，重点很明确。,3,normal,2026-02-02T10:48:13.289Z,
video,10062,2,video#10062 评论 2：节奏刚好，建议再补充一点练习题。,4,normal,2026-01-24T10:48:13.289Z,
video,10062,3,video#10062 评论 3：希望后续更新更多进阶内容。,4,normal,2026-01-22T10:48:13.289Z,
video,10062,4,video#10062 评论 4：如果能加配套资料就更好了。,4,normal,2026-01-29T10:48:13.289Z,
video,10063,5,video#10063 评论 1：课程结构清晰，学习路线明了。,7,normal,2026-01-24T10:48:13.289Z,
video,10063,6,video#10063 评论 2：实例讲解很实用，收藏了。,5,normal,2026-01-27T10:48:13.289Z,
video,10063,1,video#10063 评论 3：课程结构清晰，学习路线明了。,6,normal,2026-01-24T10:48:13.289Z,
video,10063,2,video#10063 评论 4：如果能加配套资料就更好了。,6,normal,2026-01-26T10:48:13.289Z,
video,10064,3,video#10064 评论 1：案例很贴近实际，学完能直接上手。,6,normal,2026-01-23T10:48:13.289Z,
video,10064,4,video#10064 评论 2：节奏刚好，建议再补充一点练习题。,5,normal,2026-01-28T10:48:13.289Z,
video,10064,5,video#10064 评论 3：讲师讲解很细，适合零基础。,5,normal,2026-01-31T10:48:13.289Z,
video,10064,6,video#10064 评论 4：节奏刚好，建议再补充一点练习题。,5,normal,2026-01-23T10:48:13.289Z,
video,10065,1,video#10065 评论 1：实例讲解很实用，收藏了。,3,normal,2026-01-22T10:48:13.289Z,
video,10065,2,video#10065 评论 2：如果能加配套资料就更好了。,2,normal,2026-01-30T10:48:13.289Z,
video,10065,3,video#10065 评论 3：这节课讲得很清楚，重点很明确。,5,normal,2026-01-25T10:48:13.289Z,
video,10065,4,video#10065 评论 4：节奏刚好，建议再补充一点练习题。,1,normal,2026-01-27T10:48:13.289Z,
video,10066,5,video#10066 评论 1：如果能加配套资料就更好了。,2,normal,2026-01-31T10:48:13.289Z,
video,10066,6,video#10066 评论 2：节奏刚好，建议再补充一点练习题。,4,normal,2026-02-01T10:48:13.289Z,
video,10066,1,video#10066 评论 3：内容有深度但不晦涩，体验很好。,4,normal,2026-01-28T10:48:13.289Z,
video,10066,2,video#10066 评论 4：案例很贴近实际，学完能直接上手。,2,normal,2026-01-30T10:48:13.289Z,
video,10067,3,video#10067 评论 1：如果能加配套资料就更好了。,2,normal,2026-01-30T10:48:13.289Z,
video,10067,4,video#10067 评论 2：节奏刚好，建议再补充一点练习题。,6,normal,2026-01-28T10:48:13.289Z,
video,10067,5,video#10067 评论 3：案例很贴近实际，学完能直接上手。,1,normal,2026-02-01T10:48:13.289Z,
video,10067,6,video#10067 评论 4：希望后续更新更多进阶内容。,2,normal,2026-01-23T10:48:13.289Z,
video,10068,1,video#10068 评论 1：这节课讲得很清楚，重点很明确。,0,normal,2026-02-04T10:48:13.289Z,
video,10068,2,video#10068 评论 2：节奏刚好，建议再补充一点练习题。,5,normal,2026-01-28T10:48:13.289Z,
video,10068,3,video#10068 评论 3：节奏刚好，建议再补充一点练习题。,5,normal,2026-01-30T10:48:13.289Z,
video,10068,4,video#10068 评论 4：案例很贴近实际，学完能直接上手。,2,normal,2026-02-04T10:48:13.289Z,
video,10069,5,video#10069 评论 1：如果能加配套资料就更好了。,0,normal,2026-02-02T10:48:13.289Z,
video,10069,6,video#10069 评论 2：实例讲解很实用，收藏了。,0,normal,2026-01-28T10:48:13.289Z,
video,10069,1,video#10069 评论 3：如果能加配套资料就更好了。,4,normal,2026-01-22T10:48:13.289Z,
video,10069,2,video#10069 评论 4：希望后续更新更多进阶内容。,1,normal,2026-01-24T10:48:13.289Z,
video,10070,3,video#10070 评论 1：课程结构清晰，学习路线明了。,1,normal,2026-01-29T10:48:13.289Z,
video,10070,4,video#10070 评论 2：希望后续更新更多进阶内容。,4,normal,2026-01-25T10:48:13.289Z,
video,10070,5,video#10070 评论 3：讲师讲解很细，适合零基础。,2,normal,2026-02-03T10:48:13.289Z,
video,10070,6,video#10070 评论 4：如果能加配套资料就更好了。,5,normal,2026-02-02T10:48:13.289Z,
video,10071,1,video#10071 评论 1：课程结构清晰，学习路线明了。,1,normal,2026-01-30T10:48:13.289Z,
video,10071,2,video#10071 评论 2：案例很贴近实际，学完能直接上手。,3,normal,2026-01-23T10:48:13.289Z,
video,10071,3,video#10071 评论 3：内容有深度但不晦涩，体验很好。,5,normal,2026-01-28T10:48:13.289Z,
video,10071,4,video#10071 评论 4：讲师讲解很细，适合零基础。,4,normal,2026-01-26T10:48:13.289Z,
video,10072,5,video#10072 评论 1：案例很贴近实际，学完能直接上手。,2,normal,2026-01-30T10:48:13.289Z,
video,10072,6,video#10072 评论 2：案例很贴近实际，学完能直接上手。,5,normal,2026-01-25T10:48:13.289Z,
video,10072,1,video#10072 评论 3：实例讲解很实用，收藏了。,1,normal,2026-02-04T10:48:13.289Z,
video,10072,2,video#10072 评论 4：节奏刚好，建议再补充一点练习题。,2,normal,2026-01-31T10:48:13.289Z,
video,10073,3,video#10073 评论 1：这节课讲得很清楚，重点很明确。,0,normal,2026-01-26T10:48:13.289Z,
video,10073,4,video#10073 评论 2：案例很贴近实际，学完能直接上手。,4,normal,2026-02-03T10:48:13.289Z,
video,10073,5,video#10073 评论 3：课程结构清晰，学习路线明了。,2,normal,2026-01-28T10:48:13.289Z,
video,10073,6,video#10073 评论 4：这节课讲得很清楚，重点很明确。,3,normal,2026-01-22T10:48:13.289Z,
video,10074,1,video#10074 评论 1：重点知识点总结得不错，复习方便。,1,normal,2026-02-03T10:48:13.289Z,
video,10074,2,video#10074 评论 2：内容有深度但不晦涩，体验很好。,6,normal,2026-01-22T10:48:13.289Z,
video,10074,3,video#10074 评论 3：实例讲解很实用，收藏了。,1,normal,2026-01-28T10:48:13.289Z,
video,10074,4,video#10074 评论 4：希望后续更新更多进阶内容。,6,normal,2026-01-22T10:48:13.289Z,
video,10075,5,video#10075 评论 1：如果能加配套资料就更好了。,6,normal,2026-01-22T10:48:13.289Z,
video,10075,6,video#10075 评论 2：案例很贴近实际，学完能直接上手。,3,normal,2026-01-31T10:48:13.289Z,
video,10075,1,video#10075 评论 3：实例讲解很实用，收藏了。,4,normal,2026-01-29T10:48:13.289Z,
video,10075,2,video#10075 评论 4：讲师讲解很细，适合零基础。,1,normal,2026-01-28T10:48:13.289Z,
video,10076,3,video#10076 评论 1：如果能加配套资料就更好了。,3,normal,2026-02-01T10:48:13.289Z,
video,10076,4,video#10076 评论 2：实例讲解很实用，收藏了。,7,normal,2026-01-29T10:48:13.289Z,
video,10076,5,video#10076 评论 3：如果能加配套资料就更好了。,7,normal,2026-01-28T10:48:13.289Z,
video,10076,6,video#10076 评论 4：这节课讲得很清楚，重点很明确。,6,normal,2026-01-29T10:48:13.289Z,
video,10077,1,video#10077 评论 1：这节课讲得很清楚，重点很明确。,2,normal,2026-01-31T10:48:13.289Z,
video,10077,2,video#10077 评论 2：希望后续更新更多进阶内容。,1,normal,2026-01-22T10:48:13.289Z,
video,10077,3,video#10077 评论 3：节奏刚好，建议再补充一点练习题。,6,normal,2026-01-27T10:48:13.289Z,
video,10077,4,video#10077 评论 4：希望后续更新更多进阶内容。,4,normal,2026-01-27T10:48:13.289Z,
video,10078,5,video#10078 评论 1：内容有深度但不晦涩，体验很好。,4,normal,2026-01-31T10:48:13.289Z,
video,10078,6,video#10078 评论 2：重点知识点总结得不错，复习方便。,0,normal,2026-02-03T10:48:13.289Z,
video,10078,1,video#10078 评论 3：这节课讲得很清楚，重点很明确。,7,normal,2026-01-31T10:48:13.289Z,
video,10078,2,video#10078 评论 4：实例讲解很实用，收藏了。,6,normal,2026-01-26T10:48:13.289Z,
video,10079,3,video#10079 评论 1：案例很贴近实际，学完能直接上手。,2,normal,2026-01-30T10:48:13.289Z,
video,10079,4,video#10079 评论 2：如果能加配套资料就更好了。,0,normal,2026-01-22T10:48:13.289Z,
video,10079,5,video#10079 评论 3：案例很贴近实际，学完能直接上手。,3,normal,2026-01-28T10:48:13.289Z,
video,10079,6,video#10079 评论 4：内容有深度但不晦涩，体验很好。,3,normal,2026-01-26T10:48:13.289Z,
video,10080,1,video#10080 评论 1：课程结构清晰，学习路线明了。,7,normal,2026-01-25T10:48:13.289Z,
video,10080,2,video#10080 评论 2：案例很贴近实际，学完能直接上手。,4,normal,2026-01-23T10:48:13.289Z,
video,10080,3,video#10080 评论 3：节奏刚好，建议再补充一点练习题。,5,normal,2026-01-28T10:48:13.289Z,
video,10080,4,video#10080 评论 4：实例讲解很实用，收藏了。,1,normal,2026-01-25T10:48:13.289Z,
video,10081,5,video#10081 评论 1：这节课讲得很清楚，重点很明确。,3,normal,2026-01-27T10:48:13.289Z,
video,10081,6,video#10081 评论 2：这节课讲得很清楚，重点很明确。,1,normal,2026-01-24T10:48:13.289Z,
video,10081,1,video#10081 评论 3：重点知识点总结得不错，复习方便。,7,normal,2026-02-04T10:48:13.289Z,
video,10081,2,video#10081 评论 4：这节课讲得很清楚，重点很明确。,6,normal,2026-01-22T10:48:13.289Z,
video,10082,3,video#10082 评论 1：如果能加配套资料就更好了。,0,normal,2026-01-28T10:48:13.289Z,
video,10082,4,video#10082 评论 2：课程结构清晰，学习路线明了。,6,normal,2026-01-23T10:48:13.289Z,
video,10082,5,video#10082 评论 3：节奏刚好，建议再补充一点练习题。,3,normal,2026-01-27T10:48:13.289Z,
video,10082,6,video#10082 评论 4：这节课讲得很清楚，重点很明确。,5,normal,2026-01-29T10:48:13.289Z,
video,10083,1,video#10083 评论 1：课程结构清晰，学习路线明了。,6,normal,2026-01-22T10:48:13.289Z,
video,10083,2,video#10083 评论 2：讲师讲解很细，适合零基础。,7,normal,2026-01-31T10:48:13.289Z,
video,10083,3,video#10083 评论 3：内容有深度但不晦涩，体验很好。,5,normal,2026-02-03T10:48:13.289Z,
video,10083,4,video#10083 评论 4：希望后续更新更多进阶内容。,1,normal,2026-02-03T10:48:13.289Z,
video,10084,5,video#10084 评论 1：重点知识点总结得不错，复习方便。,3,normal,2026-01-31T10:48:13.289Z,
video,10084,6,video#10084 评论 2：希望后续更新更多进阶内容。,2,normal,2026-01-22T10:48:13.289Z,
video,10084,1,video#10084 评论 3：课程结构清晰，学习路线明了。,1,normal,2026-01-23T10:48:13.289Z,
video,10084,2,video#10084 评论 4：节奏刚好，建议再补充一点练习题。,6,normal,2026-01-26T10:48:13.289Z,
video,10085,3,video#10085 评论 1：节奏刚好，建议再补充一点练习题。,6,normal,2026-01-29T10:48:13.289Z,
video,10085,4,video#10085 评论 2：节奏刚好，建议再补充一点练习题。,6,normal,2026-01-24T10:48:13.289Z,
video,10085,5,video#10085 评论 3：这节课讲得很清楚，重点很明确。,6,normal,2026-01-26T10:48:13.289Z,
video,10085,6,video#10085 评论 4：课程结构清晰，学习路线明了。,5,normal,2026-01-25T10:48:13.289Z,
video,10086,1,video#10086 评论 1：希望后续更新更多进阶内容。,5,normal,2026-02-03T10:48:13.289Z,
video,10086,2,video#10086 评论 2：课程结构清晰，学习路线明了。,2,normal,2026-01-23T10:48:13.289Z,
video,10086,3,video#10086 评论 3：这节课讲得很清楚，重点很明确。,4,normal,2026-01-31T10:48:13.289Z,
video,10086,4,video#10086 评论 4：节奏刚好，建议再补充一点练习题。,7,normal,2026-02-03T10:48:13.289Z,
video,10087,5,video#10087 评论 1：实例讲解很实用，收藏了。,6,normal,2026-02-02T10:48:13.289Z,
video,10087,6,video#10087 评论 2：希望后续更新更多进阶内容。,0,normal,2026-01-24T10:48:13.289Z,
video,10087,1,video#10087 评论 3：讲师讲解很细，适合零基础。,6,normal,2026-01-31T10:48:13.289Z,
video,10087,2,video#10087 评论 4：课程结构清晰，学习路线明了。,5,normal,2026-01-22T10:48:13.289Z,
video,10088,3,video#10088 评论 1：希望后续更新更多进阶内容。,5,normal,2026-01-24T10:48:13.289Z,
video,10088,4,video#10088 评论 2：案例很贴近实际，学完能直接上手。,4,normal,2026-01-27T10:48:13.290Z,
video,10088,5,video#10088 评论 3：课程结构清晰，学习路线明了。,6,normal,2026-01-24T10:48:13.290Z,
video,10088,6,video#10088 评论 4：讲师讲解很细，适合零基础。,7,normal,2026-01-28T10:48:13.290Z,
video,10089,1,video#10089 评论 1：节奏刚好，建议再补充一点练习题。,5,normal,2026-01-29T10:48:13.290Z,
video,10089,2,video#10089 评论 2：节奏刚好，建议再补充一点练习题。,5,normal,2026-02-02T10:48:13.290Z,
video,10089,3,video#10089 评论 3：节奏刚好，建议再补充一点练习题。,1,normal,2026-01-30T10:48:13.290Z,
video,10089,4,video#10089 评论 4：课程结构清晰，学习路线明了。,4,normal,2026-02-01T10:48:13.290Z,
video,10090,5,video#10090 评论 1：这节课讲得很清楚，重点很明确。,5,normal,2026-01-27T10:48:13.290Z,
video,10090,6,video#10090 评论 2：实例讲解很实用，收藏了。,5,normal,2026-02-02T10:48:13.290Z,
video,10090,1,video#10090 评论 3：这节课讲得很清楚，重点很明确。,5,normal,2026-02-04T10:48:13.290Z,
video,10090,2,video#10090 评论 4：重点知识点总结得不错，复习方便。,0,normal,2026-02-03T10:48:13.290Z,
video,10091,3,video#10091 评论 1：这节课讲得很清楚，重点很明确。,4,normal,2026-01-27T10:48:13.290Z,
video,10091,4,video#10091 评论 2：希望后续更新更多进阶内容。,4,normal,2026-01-22T10:48:13.290Z,
video,10091,5,video#10091 评论 3：课程结构清晰，学习路线明了。,5,normal,2026-02-03T10:48:13.290Z,
video,10091,6,video#10091 评论 4：课程结构清晰，学习路线明了。,3,normal,2026-01-23T10:48:13.290Z,
video,10092,1,video#10092 评论 1：实例讲解很实用，收藏了。,6,normal,2026-02-04T10:48:13.290Z,
video,10092,2,video#10092 评论 2：如果能加配套资料就更好了。,3,normal,2026-01-26T10:48:13.290Z,
video,10092,3,video#10092 评论 3：内容有深度但不晦涩，体验很好。,3,normal,2026-02-02T10:48:13.290Z,
video,10092,4,video#10092 评论 4：课程结构清晰，学习路线明了。,5,normal,2026-02-01T10:48:13.290Z,
video,10093,5,video#10093 评论 1：如果能加配套资料就更好了。,7,normal,2026-02-03T10:48:13.290Z,
video,10093,6,video#10093 评论 2：重点知识点总结得不错，复习方便。,4,normal,2026-01-26T10:48:13.290Z,
video,10093,1,video#10093 评论 3：节奏刚好，建议再补充一点练习题。,7,normal,2026-01-31T10:48:13.290Z,
video,10093,2,video#10093 评论 4：讲师讲解很细，适合零基础。,5,normal,2026-01-24T10:48:13.290Z,
video,10094,3,video#10094 评论 1：重点知识点总结得不错，复习方便。,3,normal,2026-01-25T10:48:13.290Z,
video,10094,4,video#10094 评论 2：课程结构清晰，学习路线明了。,3,normal,2026-01-23T10:48:13.290Z,
video,10094,5,video#10094 评论 3：案例很贴近实际，学完能直接上手。,2,normal,2026-01-23T10:48:13.290Z,
video,10094,6,video#10094 评论 4：讲师讲解很细，适合零基础。,4,normal,2026-01-26T10:48:13.290Z,
video,10095,1,video#10095 评论 1：如果能加配套资料就更好了。,4,normal,2026-01-29T10:48:13.290Z,
video,10095,2,video#10095 评论 2：如果能加配套资料就更好了。,4,normal,2026-01-25T10:48:13.290Z,
video,10095,3,video#10095 评论 3：如果能加配套资料就更好了。,6,normal,2026-01-23T10:48:13.290Z,
video,10095,4,video#10095 评论 4：内容有深度但不晦涩，体验很好。,6,normal,2026-02-04T10:48:13.290Z,
video,10096,5,video#10096 评论 1：课程结构清晰，学习路线明了。,7,normal,2026-01-26T10:48:13.290Z,
video,10096,6,video#10096 评论 2：内容有深度但不晦涩，体验很好。,6,normal,2026-01-30T10:48:13.290Z,
video,10096,1,video#10096 评论 3：案例很贴近实际，学完能直接上手。,3,normal,2026-01-25T10:48:13.290Z,
video,10096,2,video#10096 评论 4：案例很贴近实际，学完能直接上手。,3,normal,2026-01-22T10:48:13.290Z,
video,10097,3,video#10097 评论 1：内容有深度但不晦涩，体验很好。,3,normal,2026-01-24T10:48:13.290Z,
video,10097,4,video#10097 评论 2：希望后续更新更多进阶内容。,7,normal,2026-01-29T10:48:13.290Z,
video,10097,5,video#10097 评论 3：内容有深度但不晦涩，体验很好。,6,normal,2026-01-26T10:48:13.290Z,
video,10097,6,video#10097 评论 4：讲师讲解很细，适合零基础。,0,normal,2026-01-26T10:48:13.290Z,
video,10098,1,video#10098 评论 1：节奏刚好，建议再补充一点练习题。,6,normal,2026-02-04T10:48:13.290Z,
video,10098,2,video#10098 评论 2：课程结构清晰，学习路线明了。,6,normal,2026-01-22T10:48:13.290Z,
video,10098,3,video#10098 评论 3：案例很贴近实际，学完能直接上手。,2,normal,2026-01-27T10:48:13.290Z,
video,10098,4,video#10098 评论 4：内容有深度但不晦涩，体验很好。,0,normal,2026-02-04T10:48:13.290Z,
video,10099,5,video#10099 评论 1：如果能加配套资料就更好了。,3,normal,2026-01-29T10:48:13.290Z,
video,10099,6,video#10099 评论 2：实例讲解很实用，收藏了。,3,normal,2026-01-25T10:48:13.290Z,
video,10099,1,video#10099 评论 3：实例讲解很实用，收藏了。,2,normal,2026-01-30T10:48:13.290Z,
video,10099,2,video#10099 评论 4：重点知识点总结得不错，复习方便。,2,normal,2026-01-22T10:48:13.290Z,
video,10100,3,video#10100 评论 1：课程结构清晰，学习路线明了。,4,normal,2026-02-04T10:48:13.290Z,
video,10100,4,video#10100 评论 2：重点知识点总结得不错，复习方便。,0,normal,2026-01-28T10:48:13.290Z,
video,10100,5,video#10100 评论 3：希望后续更新更多进阶内容。,3,normal,2026-02-03T10:48:13.290Z,
video,10100,6,video#10100 评论 4：希望后续更新更多进阶内容。,6,normal,2026-01-29T10:48:13.290Z,
video,10101,1,video#10101 评论 1：内容有深度但不晦涩，体验很好。,0,normal,2026-01-24T10:48:13.290Z,
video,10101,2,video#10101 评论 2：希望后续更新更多进阶内容。,3,normal,2026-01-25T10:48:13.290Z,
video,10101,3,video#10101 评论 3：节奏刚好，建议再补充一点练习题。,0,normal,2026-01-31T10:48:13.290Z,
video,10101,4,video#10101 评论 4：这节课讲得很清楚，重点很明确。,2,normal,2026-02-01T10:48:13.290Z,
video,10102,5,video#10102 评论 1：希望后续更新更多进阶内容。,3,normal,2026-01-24T10:48:13.290Z,
video,10102,6,video#10102 评论 2：希望后续更新更多进阶内容。,2,normal,2026-01-30T10:48:13.290Z,
video,10102,1,video#10102 评论 3：实例讲解很实用，收藏了。,1,normal,2026-01-22T10:48:13.290Z,
video,10102,2,video#10102 评论 4：这节课讲得很清楚，重点很明确。,5,normal,2026-01-23T10:48:13.290Z,
video,10103,3,video#10103 评论 1：节奏刚好，建议再补充一点练习题。,7,normal,2026-02-01T10:48:13.290Z,
video,10103,4,video#10103 评论 2：这节课讲得很清楚，重点很明确。,3,normal,2026-01-31T10:48:13.290Z,
video,10103,5,video#10103 评论 3：如果能加配套资料就更好了。,3,normal,2026-01-30T10:48:13.290Z,
video,10103,6,video#10103 评论 4：实例讲解很实用，收藏了。,0,normal,2026-01-28T10:48:13.290Z,
video,10104,1,video#10104 评论 1：内容有深度但不晦涩，体验很好。,0,normal,2026-02-01T10:48:13.290Z,
video,10104,2,video#10104 评论 2：实例讲解很实用，收藏了。,3,normal,2026-01-27T10:48:13.290Z,
video,10104,3,video#10104 评论 3：希望后续更新更多进阶内容。,4,normal,2026-02-03T10:48:13.290Z,
video,10104,4,video#10104 评论 4：这节课讲得很清楚，重点很明确。,2,normal,2026-01-22T10:48:13.290Z,
video,10105,5,video#10105 评论 1：课程结构清晰，学习路线明了。,4,normal,2026-02-04T10:48:13.290Z,
video,10105,6,video#10105 评论 2：这节课讲得很清楚，重点很明确。,1,normal,2026-02-02T10:48:13.290Z,
video,10105,1,video#10105 评论 3：讲师讲解很细，适合零基础。,3,normal,2026-02-04T10:48:13.290Z,
video,10105,2,video#10105 评论 4：希望后续更新更多进阶内容。,7,normal,2026-01-23T10:48:13.290Z,
video,10106,3,video#10106 评论 1：案例很贴近实际，学完能直接上手。,5,normal,2026-01-23T10:48:13.290Z,
video,10106,4,video#10106 评论 2：实例讲解很实用，收藏了。,3,normal,2026-01-26T10:48:13.290Z,
video,10106,5,video#10106 评论 3：案例很贴近实际，学完能直接上手。,6,normal,2026-01-24T10:48:13.290Z,
video,10106,6,video#10106 评论 4：案例很贴近实际，学完能直接上手。,6,normal,2026-02-02T10:48:13.290Z,
video,10107,1,video#10107 评论 1：案例很贴近实际，学完能直接上手。,3,normal,2026-01-25T10:48:13.290Z,
video,10107,2,video#10107 评论 2：课程结构清晰，学习路线明了。,5,normal,2026-01-31T10:48:13.290Z,
video,10107,3,video#10107 评论 3：实例讲解很实用，收藏了。,0,normal,2026-01-22T10:48:13.290Z,
video,10107,4,video#10107 评论 4：案例很贴近实际，学完能直接上手。,1,normal,2026-01-22T10:48:13.290Z,
video,10108,5,video#10108 评论 1：实例讲解很实用，收藏了。,4,normal,2026-01-23T10:48:13.290Z,
video,10108,6,video#10108 评论 2：这节课讲得很清楚，重点很明确。,4,normal,2026-02-03T10:48:13.290Z,
video,10108,1,video#10108 评论 3：如果能加配套资料就更好了。,6,normal,2026-01-24T10:48:13.290Z,
video,10108,2,video#10108 评论 4：实例讲解很实用，收藏了。,2,normal,2026-01-29T10:48:13.290Z,
video,10109,3,video#10109 评论 1：实例讲解很实用，收藏了。,0,normal,2026-01-29T10:48:13.290Z,
video,10109,4,video#10109 评论 2：案例很贴近实际，学完能直接上手。,1,normal,2026-01-27T10:48:13.290Z,
video,10109,5,video#10109 评论 3：重点知识点总结得不错，复习方便。,1,normal,2026-01-26T10:48:13.290Z,
video,10109,6,video#10109 评论 4：重点知识点总结得不错，复习方便。,0,normal,2026-01-30T10:48:13.290Z,
video,10110,1,video#10110 评论 1：讲师讲解很细，适合零基础。,0,normal,2026-01-26T10:48:13.290Z,
video,10110,2,video#10110 评论 2：重点知识点总结得不错，复习方便。,7,normal,2026-02-04T10:48:13.290Z,
video,10110,3,video#10110 评论 3：讲师讲解很细，适合零基础。,3,normal,2026-02-03T10:48:13.290Z,
video,10110,4,video#10110 评论 4：内容有深度但不晦涩，体验很好。,6,normal,2026-01-23T10:48:13.290Z,
video,10111,5,video#10111 评论 1：节奏刚好，建议再补充一点练习题。,0,normal,2026-01-31T10:48:13.290Z,
video,10111,6,video#10111 评论 2：案例很贴近实际，学完能直接上手。,2,normal,2026-01-22T10:48:13.290Z,
video,10111,1,video#10111 评论 3：如果能加配套资料就更好了。,0,normal,2026-01-29T10:48:13.290Z,
video,10111,2,video#10111 评论 4：讲师讲解很细，适合零基础。,0,normal,2026-01-28T10:48:13.290Z,
video,10112,3,video#10112 评论 1：重点知识点总结得不错，复习方便。,1,normal,2026-02-04T10:48:13.290Z,
video,10112,4,video#10112 评论 2：节奏刚好，建议再补充一点练习题。,3,normal,2026-02-03T10:48:13.290Z,
video,10112,5,video#10112 评论 3：内容有深度但不晦涩，体验很好。,6,normal,2026-02-04T10:48:13.290Z,
video,10112,6,video#10112 评论 4：讲师讲解很细，适合零基础。,0,normal,2026-01-31T10:48:13.290Z,
video,10113,1,video#10113 评论 1：节奏刚好，建议再补充一点练习题。,1,normal,2026-01-25T10:48:13.290Z,
video,10113,2,video#10113 评论 2：节奏刚好，建议再补充一点练习题。,4,normal,2026-01-23T10:48:13.290Z,
video,10113,3,video#10113 评论 3：讲师讲解很细，适合零基础。,7,normal,2026-02-04T10:48:13.290Z,
video,10113,4,video#10113 评论 4：如果能加配套资料就更好了。,4,normal,2026-02-04T10:48:13.290Z,
video,10114,5,video#10114 评论 1：内容有深度但不晦涩，体验很好。,2,normal,2026-01-22T10:48:13.290Z,
video,10114,6,video#10114 评论 2：讲师讲解很细，适合零基础。,5,normal,2026-02-04T10:48:13.290Z,
video,10114,1,video#10114 评论 3：节奏刚好，建议再补充一点练习题。,7,normal,2026-01-26T10:48:13.290Z,
video,10114,2,video#10114 评论 4：如果能加配套资料就更好了。,3,normal,2026-02-02T10:48:13.290Z,
video,10115,3,video#10115 评论 1：这节课讲得很清楚，重点很明确。,7,normal,2026-01-25T10:48:13.290Z,
video,10115,4,video#10115 评论 2：如果能加配套资料就更好了。,5,normal,2026-02-01T10:48:13.290Z,
video,10115,5,video#10115 评论 3：希望后续更新更多进阶内容。,4,normal,2026-01-23T10:48:13.290Z,
video,10115,6,video#10115 评论 4：这节课讲得很清楚，重点很明确。,5,normal,2026-01-30T10:48:13.290Z,
video,10116,1,video#10116 评论 1：讲师讲解很细，适合零基础。,0,normal,2026-02-02T10:48:13.290Z,
video,10116,2,video#10116 评论 2：这节课讲得很清楚，重点很明确。,2,normal,2026-01-22T10:48:13.290Z,
video,10116,3,video#10116 评论 3：这节课讲得很清楚，重点很明确。,0,normal,2026-02-02T10:48:13.290Z,
video,10116,4,video#10116 评论 4：重点知识点总结得不错，复习方便。,1,normal,2026-02-02T10:48:13.290Z,
video,10117,5,video#10117 评论 1：重点知识点总结得不错，复习方便。,2,normal,2026-01-27T10:48:13.290Z,
video,10117,6,video#10117 评论 2：重点知识点总结得不错，复习方便。,0,normal,2026-01-25T10:48:13.290Z,
video,10117,1,video#10117 评论 3：课程结构清晰，学习路线明了。,5,normal,2026-01-26T10:48:13.290Z,
video,10117,2,video#10117 评论 4：这节课讲得很清楚，重点很明确。,7,normal,2026-01-31T10:48:13.290Z,
video,10118,3,video#10118 评论 1：重点知识点总结得不错，复习方便。,3,normal,2026-01-27T10:48:13.290Z,
video,10118,4,video#10118 评论 2：讲师讲解很细，适合零基础。,1,normal,2026-02-04T10:48:13.290Z,
video,10118,5,video#10118 评论 3：案例很贴近实际，学完能直接上手。,0,normal,2026-02-01T10:48:13.290Z,
video,10118,6,video#10118 评论 4：讲师讲解很细，适合零基础。,5,normal,2026-01-23T10:48:13.290Z,
video,10119,1,video#10119 评论 1：节奏刚好，建议再补充一点练习题。,4,normal,2026-01-22T10:48:13.290Z,
video,10119,2,video#10119 评论 2：讲师讲解很细，适合零基础。,4,normal,2026-01-26T10:48:13.290Z,
video,10119,3,video#10119 评论 3：课程结构清晰，学习路线明了。,3,normal,2026-02-03T10:48:13.290Z,
video,10119,4,video#10119 评论 4：课程结构清晰，学习路线明了。,7,normal,2026-01-31T10:48:13.290Z,
video,10120,5,video#10120 评论 1：讲师讲解很细，适合零基础。,2,normal,2026-01-22T10:48:13.290Z,
video,10120,6,video#10120 评论 2：内容有深度但不晦涩，体验很好。,5,normal,2026-02-04T10:48:13.290Z,
video,10120,1,video#10120 评论 3：节奏刚好，建议再补充一点练习题。,7,normal,2026-02-04T10:48:13.290Z,
video,10120,2,video#10120 评论 4：这节课讲得很清楚，重点很明确。,7,normal,2026-02-04T10:48:13.290Z,
video,10121,3,video#10121 评论 1：希望后续更新更多进阶内容。,5,normal,2026-01-26T10:48:13.290Z,
video,10121,4,video#10121 评论 2：如果能加配套资料就更好了。,2,normal,2026-02-01T10:48:13.290Z,
video,10121,5,video#10121 评论 3：实例讲解很实用，收藏了。,7,normal,2026-01-25T10:48:13.290Z,
video,10121,6,video#10121 评论 4：如果能加配套资料就更好了。,1,normal,2026-02-02T10:48:13.290Z,
video,10122,1,video#10122 评论 1：节奏刚好，建议再补充一点练习题。,5,normal,2026-01-26T10:48:13.290Z,
video,10122,2,video#10122 评论 2：课程结构清晰，学习路线明了。,3,normal,2026-01-26T10:48:13.290Z,
video,10122,3,video#10122 评论 3：案例很贴近实际，学完能直接上手。,6,normal,2026-02-02T10:48:13.290Z,
video,10122,4,video#10122 评论 4：内容有深度但不晦涩，体验很好。,7,normal,2026-01-31T10:48:13.290Z,
video,10123,5,video#10123 评论 1：节奏刚好，建议再补充一点练习题。,3,normal,2026-01-25T10:48:13.290Z,
video,10123,6,video#10123 评论 2：这节课讲得很清楚，重点很明确。,6,normal,2026-01-29T10:48:13.290Z,
video,10123,1,video#10123 评论 3：如果能加配套资料就更好了。,1,normal,2026-01-24T10:48:13.290Z,
video,10123,2,video#10123 评论 4：希望后续更新更多进阶内容。,1,normal,2026-02-02T10:48:13.290Z,
video,10124,3,video#10124 评论 1：案例很贴近实际，学完能直接上手。,0,normal,2026-01-22T10:48:13.290Z,
video,10124,4,video#10124 评论 2：讲师讲解很细，适合零基础。,2,normal,2026-02-03T10:48:13.290Z,
video,10124,5,video#10124 评论 3：重点知识点总结得不错，复习方便。,3,normal,2026-01-29T10:48:13.290Z,
video,10124,6,video#10124 评论 4：课程结构清晰，学习路线明了。,4,normal,2026-02-03T10:48:13.290Z,
video,10125,1,video#10125 评论 1：如果能加配套资料就更好了。,2,normal,2026-01-27T10:48:13.290Z,
video,10125,2,video#10125 评论 2：讲师讲解很细，适合零基础。,7,normal,2026-02-04T10:48:13.290Z,
video,10125,3,video#10125 评论 3：节奏刚好，建议再补充一点练习题。,7,normal,2026-01-22T10:48:13.290Z,
video,10125,4,video#10125 评论 4：希望后续更新更多进阶内容。,3,normal,2026-01-22T10:48:13.290Z,
video,10126,5,video#10126 评论 1：讲师讲解很细，适合零基础。,5,normal,2026-01-25T10:48:13.290Z,
video,10126,6,video#10126 评论 2：这节课讲得很清楚，重点很明确。,2,normal,2026-01-26T10:48:13.290Z,
video,10126,1,video#10126 评论 3：节奏刚好，建议再补充一点练习题。,0,normal,2026-01-26T10:48:13.290Z,
video,10126,2,video#10126 评论 4：案例很贴近实际，学完能直接上手。,7,normal,2026-01-25T10:48:13.290Z,
video,10127,3,video#10127 评论 1：重点知识点总结得不错，复习方便。,6,normal,2026-01-25T10:48:13.290Z,
video,10127,4,video#10127 评论 2：节奏刚好，建议再补充一点练习题。,7,normal,2026-01-26T10:48:13.290Z,
video,10127,5,video#10127 评论 3：这节课讲得很清楚，重点很明确。,7,normal,2026-02-04T10:48:13.290Z,
video,10127,6,video#10127 评论 4：节奏刚好，建议再补充一点练习题。,1,normal,2026-01-24T10:48:13.290Z,
video,10128,1,video#10128 评论 1：实例讲解很实用，收藏了。,7,normal,2026-01-23T10:48:13.290Z,
video,10128,2,video#10128 评论 2：这节课讲得很清楚，重点很明确。,1,normal,2026-01-31T10:48:13.290Z,
video,10128,3,video#10128 评论 3：重点知识点总结得不错，复习方便。,4,normal,2026-01-31T10:48:13.290Z,
video,10128,4,video#10128 评论 4：讲师讲解很细，适合零基础。,5,normal,2026-01-23T10:48:13.290Z,
video,10129,5,video#10129 评论 1：希望后续更新更多进阶内容。,6,normal,2026-01-26T10:48:13.290Z,
video,10129,6,video#10129 评论 2：希望后续更新更多进阶内容。,6,normal,2026-01-31T10:48:13.290Z,
video,10129,1,video#10129 评论 3：讲师讲解很细，适合零基础。,6,normal,2026-02-04T10:48:13.290Z,
video,10129,2,video#10129 评论 4：案例很贴近实际，学完能直接上手。,1,normal,2026-01-31T10:48:13.290Z,
video,10130,3,video#10130 评论 1：重点知识点总结得不错，复习方便。,0,normal,2026-01-22T10:48:13.290Z,
video,10130,4,video#10130 评论 2：这节课讲得很清楚，重点很明确。,3,normal,2026-01-22T10:48:13.290Z,
video,10130,5,video#10130 评论 3：内容有深度但不晦涩，体验很好。,3,normal,2026-01-23T10:48:13.290Z,
video,10130,6,video#10130 评论 4：节奏刚好，建议再补充一点练习题。,1,normal,2026-02-04T10:48:13.290Z,
video,10131,1,video#10131 评论 1：这节课讲得很清楚，重点很明确。,2,normal,2026-01-22T10:48:13.290Z,
video,10131,2,video#10131 评论 2：希望后续更新更多进阶内容。,6,normal,2026-02-01T10:48:13.290Z,
video,10131,3,video#10131 评论 3：如果能加配套资料就更好了。,3,normal,2026-02-01T10:48:13.290Z,
video,10131,4,video#10131 评论 4：课程结构清晰，学习路线明了。,4,normal,2026-01-28T10:48:13.290Z,
video,10132,5,video#10132 评论 1：案例很贴近实际，学完能直接上手。,0,normal,2026-01-28T10:48:13.290Z,
video,10132,6,video#10132 评论 2：如果能加配套资料就更好了。,5,normal,2026-01-28T10:48:13.290Z,
video,10132,1,video#10132 评论 3：讲师讲解很细，适合零基础。,3,normal,2026-01-26T10:48:13.290Z,
video,10132,2,video#10132 评论 4：重点知识点总结得不错，复习方便。,7,normal,2026-01-27T10:48:13.290Z,
video,10133,3,video#10133 评论 1：这节课讲得很清楚，重点很明确。,7,normal,2026-01-26T10:48:13.290Z,
video,10133,4,video#10133 评论 2：讲师讲解很细，适合零基础。,4,normal,2026-01-26T10:48:13.290Z,
video,10133,5,video#10133 评论 3：重点知识点总结得不错，复习方便。,0,normal,2026-02-02T10:48:13.290Z,
video,10133,6,video#10133 评论 4：内容有深度但不晦涩，体验很好。,2,normal,2026-01-29T10:48:13.290Z,
video,10134,1,video#10134 评论 1：如果能加配套资料就更好了。,0,normal,2026-01-24T10:48:13.290Z,
video,10134,2,video#10134 评论 2：这节课讲得很清楚，重点很明确。,4,normal,2026-01-28T10:48:13.290Z,
video,10134,3,video#10134 评论 3：这节课讲得很清楚，重点很明确。,6,normal,2026-01-25T10:48:13.290Z,
video,10134,4,video#10134 评论 4：课程结构清晰，学习路线明了。,1,normal,2026-01-25T10:48:13.290Z,
video,10135,5,video#10135 评论 1：节奏刚好，建议再补充一点练习题。,6,normal,2026-02-02T10:48:13.290Z,
video,10135,6,video#10135 评论 2：重点知识点总结得不错，复习方便。,3,normal,2026-02-01T10:48:13.290Z,
video,10135,1,video#10135 评论 3：这节课讲得很清楚，重点很明确。,3,normal,2026-02-03T10:48:13.290Z,
video,10135,2,video#10135 评论 4：希望后续更新更多进阶内容。,5,normal,2026-02-02T10:48:13.290Z,
video,10136,3,video#10136 评论 1：内容有深度但不晦涩，体验很好。,2,normal,2026-01-30T10:48:13.290Z,
video,10136,4,video#10136 评论 2：这节课讲得很清楚，重点很明确。,5,normal,2026-01-23T10:48:13.290Z,
video,10136,5,video#10136 评论 3：案例很贴近实际，学完能直接上手。,5,normal,2026-01-25T10:48:13.290Z,
video,10136,6,video#10136 评论 4：这节课讲得很清楚，重点很明确。,7,normal,2026-01-28T10:48:13.290Z,
video,10137,1,video#10137 评论 1：这节课讲得很清楚，重点很明确。,7,normal,2026-02-01T10:48:13.290Z,
video,10137,2,video#10137 评论 2：实例讲解很实用，收藏了。,6,normal,2026-01-25T10:48:13.290Z,
video,10137,3,video#10137 评论 3：实例讲解很实用，收藏了。,5,normal,2026-01-29T10:48:13.290Z,
video,10137,4,video#10137 评论 4：案例很贴近实际，学完能直接上手。,5,normal,2026-02-03T10:48:13.290Z,
video,10138,5,video#10138 评论 1：希望后续更新更多进阶内容。,4,normal,2026-01-31T10:48:13.290Z,
video,10138,6,video#10138 评论 2：讲师讲解很细，适合零基础。,7,normal,2026-02-02T10:48:13.290Z,
video,10138,1,video#10138 评论 3：重点知识点总结得不错，复习方便。,1,normal,2026-01-27T10:48:13.290Z,
video,10138,2,video#10138 评论 4：如果能加配套资料就更好了。,0,normal,2026-01-29T10:48:13.290Z,
video,10139,3,video#10139 评论 1：案例很贴近实际，学完能直接上手。,1,normal,2026-01-24T10:48:13.290Z,
video,10139,4,video#10139 评论 2：这节课讲得很清楚，重点很明确。,5,normal,2026-01-26T10:48:13.290Z,
video,10139,5,video#10139 评论 3：内容有深度但不晦涩，体验很好。,0,normal,2026-02-04T10:48:13.290Z,
video,10139,6,video#10139 评论 4：内容有深度但不晦涩，体验很好。,5,normal,2026-02-03T10:48:13.290Z,
video,10140,1,video#10140 评论 1：如果能加配套资料就更好了。,1,normal,2026-02-01T10:48:13.290Z,
video,10140,2,video#10140 评论 2：实例讲解很实用，收藏了。,3,normal,2026-01-29T10:48:13.290Z,
video,10140,3,video#10140 评论 3：希望后续更新更多进阶内容。,6,normal,2026-01-25T10:48:13.290Z,
video,10140,4,video#10140 评论 4：讲师讲解很细，适合零基础。,1,normal,2026-02-02T10:48:13.290Z,
video,10141,5,video#10141 评论 1：这节课讲得很清楚，重点很明确。,2,normal,2026-01-29T10:48:13.290Z,
video,10141,6,video#10141 评论 2：内容有深度但不晦涩，体验很好。,3,normal,2026-01-27T10:48:13.290Z,
video,10141,1,video#10141 评论 3：希望后续更新更多进阶内容。,3,normal,2026-02-04T10:48:13.290Z,
video,10141,2,video#10141 评论 4：节奏刚好，建议再补充一点练习题。,5,normal,2026-01-25T10:48:13.290Z,
video,10142,3,video#10142 评论 1：节奏刚好，建议再补充一点练习题。,0,normal,2026-01-28T10:48:13.290Z,
video,10142,4,video#10142 评论 2：实例讲解很实用，收藏了。,6,normal,2026-01-25T10:48:13.290Z,
video,10142,5,video#10142 评论 3：案例很贴近实际，学完能直接上手。,0,normal,2026-01-27T10:48:13.290Z,
video,10142,6,video#10142 评论 4：案例很贴近实际，学完能直接上手。,7,normal,2026-01-24T10:48:13.290Z,
video,10143,1,video#10143 评论 1：节奏刚好，建议再补充一点练习题。,5,normal,2026-02-04T10:48:13.290Z,
video,10143,2,video#10143 评论 2：节奏刚好，建议再补充一点练习题。,4,normal,2026-02-04T10:48:13.290Z,
video,10143,3,video#10143 评论 3：如果能加配套资料就更好了。,0,normal,2026-02-01T10:48:13.290Z,
video,10143,4,video#10143 评论 4：重点知识点总结得不错，复习方便。,1,normal,2026-01-25T10:48:13.290Z,
video,10144,5,video#10144 评论 1：案例很贴近实际，学完能直接上手。,4,normal,2026-01-26T10:48:13.290Z,
video,10144,6,video#10144 评论 2：实例讲解很实用，收藏了。,6,normal,2026-01-31T10:48:13.290Z,
video,10144,1,video#10144 评论 3：内容有深度但不晦涩，体验很好。,1,normal,2026-01-31T10:48:13.290Z,
video,10144,2,video#10144 评论 4：实例讲解很实用，收藏了。,4,normal,2026-01-27T10:48:13.290Z,
video,10145,3,video#10145 评论 1：讲师讲解很细，适合零基础。,1,normal,2026-01-22T10:48:13.290Z,
video,10145,4,video#10145 评论 2：课程结构清晰，学习路线明了。,7,normal,2026-01-22T10:48:13.290Z,
video,10145,5,video#10145 评论 3：讲师讲解很细，适合零基础。,6,normal,2026-01-23T10:48:13.290Z,
video,10145,6,video#10145 评论 4：课程结构清晰，学习路线明了。,2,normal,2026-01-22T10:48:13.290Z,
video,10146,1,video#10146 评论 1：讲师讲解很细，适合零基础。,0,normal,2026-01-27T10:48:13.290Z,
video,10146,2,video#10146 评论 2：如果能加配套资料就更好了。,7,normal,2026-02-04T10:48:13.290Z,
video,10146,3,video#10146 评论 3：希望后续更新更多进阶内容。,2,normal,2026-02-04T10:48:13.290Z,
video,10146,4,video#10146 评论 4：讲师讲解很细，适合零基础。,0,normal,2026-01-24T10:48:13.290Z,
video,10147,5,video#10147 评论 1：节奏刚好，建议再补充一点练习题。,7,normal,2026-01-29T10:48:13.290Z,
video,10147,6,video#10147 评论 2：讲师讲解很细，适合零基础。,6,normal,2026-01-27T10:48:13.290Z,
video,10147,1,video#10147 评论 3：这节课讲得很清楚，重点很明确。,2,normal,2026-01-25T10:48:13.290Z,
video,10147,2,video#10147 评论 4：案例很贴近实际，学完能直接上手。,5,normal,2026-02-01T10:48:13.290Z,
video,10148,3,video#10148 评论 1：重点知识点总结得不错，复习方便。,4,normal,2026-01-23T10:48:13.290Z,
video,10148,4,video#10148 评论 2：案例很贴近实际，学完能直接上手。,3,normal,2026-01-24T10:48:13.290Z,
video,10148,5,video#10148 评论 3：如果能加配套资料就更好了。,4,normal,2026-02-02T10:48:13.290Z,
video,10148,6,video#10148 评论 4：这节课讲得很清楚，重点很明确。,3,normal,2026-01-22T10:48:13.290Z,
video,10149,1,video#10149 评论 1：希望后续更新更多进阶内容。,4,normal,2026-01-28T10:48:13.290Z,
video,10149,2,video#10149 评论 2：如果能加配套资料就更好了。,2,normal,2026-01-29T10:48:13.290Z,
video,10149,3,video#10149 评论 3：如果能加配套资料就更好了。,0,normal,2026-01-22T10:48:13.290Z,
video,10149,4,video#10149 评论 4：这节课讲得很清楚，重点很明确。,1,normal,2026-01-25T10:48:13.290Z,
video,10150,5,video#10150 评论 1：节奏刚好，建议再补充一点练习题。,7,normal,2026-01-31T10:48:13.290Z,
video,10150,6,video#10150 评论 2：实例讲解很实用，收藏了。,2,normal,2026-01-29T10:48:13.290Z,
video,10150,1,video#10150 评论 3：如果能加配套资料就更好了。,1,normal,2026-01-29T10:48:13.290Z,
video,10150,2,video#10150 评论 4：讲师讲解很细，适合零基础。,4,normal,2026-01-30T10:48:13.290Z,
video,10151,3,video#10151 评论 1：重点知识点总结得不错，复习方便。,0,normal,2026-01-28T10:48:13.290Z,
video,10151,4,video#10151 评论 2：重点知识点总结得不错，复习方便。,2,normal,2026-01-30T10:48:13.290Z,
video,10151,5,video#10151 评论 3：内容有深度但不晦涩，体验很好。,5,normal,2026-01-27T10:48:13.291Z,
video,10151,6,video#10151 评论 4：讲师讲解很细，适合零基础。,3,normal,2026-01-25T10:48:13.291Z,
video,10152,1,video#10152 评论 1：实例讲解很实用，收藏了。,2,normal,2026-01-30T10:48:13.291Z,
video,10152,2,video#10152 评论 2：如果能加配套资料就更好了。,4,normal,2026-02-01T10:48:13.291Z,
video,10152,3,video#10152 评论 3：讲师讲解很细，适合零基础。,1,normal,2026-01-26T10:48:13.291Z,
video,10152,4,video#10152 评论 4：希望后续更新更多进阶内容。,4,normal,2026-02-04T10:48:13.291Z,
video,10153,5,video#10153 评论 1：节奏刚好，建议再补充一点练习题。,6,normal,2026-01-30T10:48:13.291Z,
video,10153,6,video#10153 评论 2：重点知识点总结得不错，复习方便。,2,normal,2026-01-28T10:48:13.291Z,
video,10153,1,video#10153 评论 3：节奏刚好，建议再补充一点练习题。,1,normal,2026-02-01T10:48:13.291Z,
video,10153,2,video#10153 评论 4：内容有深度但不晦涩，体验很好。,3,normal,2026-01-28T10:48:13.291Z,
video,10154,3,video#10154 评论 1：节奏刚好，建议再补充一点练习题。,6,normal,2026-02-04T10:48:13.291Z,
video,10154,4,video#10154 评论 2：课程结构清晰，学习路线明了。,5,normal,2026-01-29T10:48:13.291Z,
video,10154,5,video#10154 评论 3：希望后续更新更多进阶内容。,6,normal,2026-02-02T10:48:13.291Z,
video,10154,6,video#10154 评论 4：内容有深度但不晦涩，体验很好。,1,normal,2026-02-04T10:48:13.291Z,
video,10155,1,video#10155 评论 1：案例很贴近实际，学完能直接上手。,4,normal,2026-01-24T10:48:13.291Z,
video,10155,2,video#10155 评论 2：讲师讲解很细，适合零基础。,5,normal,2026-01-31T10:48:13.291Z,
video,10155,3,video#10155 评论 3：希望后续更新更多进阶内容。,6,normal,2026-01-23T10:48:13.291Z,
video,10155,4,video#10155 评论 4：希望后续更新更多进阶内容。,3,normal,2026-01-28T10:48:13.291Z,
video,10156,5,video#10156 评论 1：实例讲解很实用，收藏了。,4,normal,2026-01-22T10:48:13.291Z,
video,10156,6,video#10156 评论 2：重点知识点总结得不错，复习方便。,7,normal,2026-02-02T10:48:13.291Z,
video,10156,1,video#10156 评论 3：课程结构清晰，学习路线明了。,4,normal,2026-02-04T10:48:13.291Z,
video,10156,2,video#10156 评论 4：如果能加配套资料就更好了。,6,normal,2026-01-28T10:48:13.291Z,
video,10157,3,video#10157 评论 1：如果能加配套资料就更好了。,4,normal,2026-01-27T10:48:13.291Z,
video,10157,4,video#10157 评论 2：重点知识点总结得不错，复习方便。,7,normal,2026-02-03T10:48:13.291Z,
video,10157,5,video#10157 评论 3：节奏刚好，建议再补充一点练习题。,2,normal,2026-01-31T10:48:13.291Z,
video,10157,6,video#10157 评论 4：内容有深度但不晦涩，体验很好。,1,normal,2026-01-26T10:48:13.291Z,
video,10158,1,video#10158 评论 1：重点知识点总结得不错，复习方便。,7,normal,2026-01-24T10:48:13.291Z,
video,10158,2,video#10158 评论 2：讲师讲解很细，适合零基础。,0,normal,2026-01-27T10:48:13.291Z,
video,10158,3,video#10158 评论 3：课程结构清晰，学习路线明了。,5,normal,2026-02-01T10:48:13.291Z,
video,10158,4,video#10158 评论 4：如果能加配套资料就更好了。,0,normal,2026-01-22T10:48:13.291Z,
video,10159,5,video#10159 评论 1：希望后续更新更多进阶内容。,7,normal,2026-01-23T10:48:13.291Z,
video,10159,6,video#10159 评论 2：课程结构清晰，学习路线明了。,0,normal,2026-01-31T10:48:13.291Z,
video,10159,1,video#10159 评论 3：重点知识点总结得不错，复习方便。,6,normal,2026-01-25T10:48:13.291Z,
video,10159,2,video#10159 评论 4：如果能加配套资料就更好了。,6,normal,2026-02-02T10:48:13.291Z,
video,10160,3,video#10160 评论 1：内容有深度但不晦涩，体验很好。,7,normal,2026-01-24T10:48:13.291Z,
video,10160,4,video#10160 评论 2：希望后续更新更多进阶内容。,6,normal,2026-01-24T10:48:13.291Z,
video,10160,5,video#10160 评论 3：课程结构清晰，学习路线明了。,0,normal,2026-01-29T10:48:13.291Z,
video,10160,6,video#10160 评论 4：希望后续更新更多进阶内容。,6,normal,2026-01-25T10:48:13.291Z,
video,10161,1,video#10161 评论 1：案例很贴近实际，学完能直接上手。,1,normal,2026-01-27T10:48:13.291Z,
video,10161,2,video#10161 评论 2：实例讲解很实用，收藏了。,0,normal,2026-01-31T10:48:13.291Z,
video,10161,3,video#10161 评论 3：重点知识点总结得不错，复习方便。,3,normal,2026-02-04T10:48:13.291Z,
video,10161,4,video#10161 评论 4：希望后续更新更多进阶内容。,5,normal,2026-01-25T10:48:13.291Z,
video,10162,5,video#10162 评论 1：讲师讲解很细，适合零基础。,1,normal,2026-01-22T10:48:13.291Z,
video,10162,6,video#10162 评论 2：讲师讲解很细，适合零基础。,5,normal,2026-01-23T10:48:13.291Z,
video,10162,1,video#10162 评论 3：课程结构清晰，学习路线明了。,3,normal,2026-01-29T10:48:13.291Z,
video,10162,2,video#10162 评论 4：课程结构清晰，学习路线明了。,4,normal,2026-01-29T10:48:13.291Z,
video,10163,3,video#10163 评论 1：这节课讲得很清楚，重点很明确。,2,normal,2026-01-30T10:48:13.291Z,
video,10163,4,video#10163 评论 2：课程结构清晰，学习路线明了。,4,normal,2026-02-04T10:48:13.291Z,
video,10163,5,video#10163 评论 3：重点知识点总结得不错，复习方便。,5,normal,2026-01-27T10:48:13.291Z,
video,10163,6,video#10163 评论 4：内容有深度但不晦涩，体验很好。,7,normal,2026-01-28T10:48:13.291Z,
video,10164,1,video#10164 评论 1：课程结构清晰，学习路线明了。,3,normal,2026-02-01T10:48:13.291Z,
video,10164,2,video#10164 评论 2：如果能加配套资料就更好了。,5,normal,2026-02-02T10:48:13.291Z,
video,10164,3,video#10164 评论 3：课程结构清晰，学习路线明了。,3,normal,2026-01-28T10:48:13.291Z,
video,10164,4,video#10164 评论 4：讲师讲解很细，适合零基础。,7,normal,2026-01-28T10:48:13.291Z,
video,10165,5,video#10165 评论 1：这节课讲得很清楚，重点很明确。,6,normal,2026-02-03T10:48:13.291Z,
video,10165,6,video#10165 评论 2：希望后续更新更多进阶内容。,2,normal,2026-01-27T10:48:13.291Z,
video,10165,1,video#10165 评论 3：案例很贴近实际，学完能直接上手。,2,normal,2026-01-22T10:48:13.291Z,
video,10165,2,video#10165 评论 4：课程结构清晰，学习路线明了。,6,normal,2026-01-26T10:48:13.291Z,
video,10166,3,video#10166 评论 1：这节课讲得很清楚，重点很明确。,0,normal,2026-02-02T10:48:13.291Z,
video,10166,4,video#10166 评论 2：如果能加配套资料就更好了。,4,normal,2026-01-25T10:48:13.291Z,
video,10166,5,video#10166 评论 3：这节课讲得很清楚，重点很明确。,0,normal,2026-02-04T10:48:13.291Z,
video,10166,6,video#10166 评论 4：希望后续更新更多进阶内容。,1,normal,2026-01-30T10:48:13.291Z,
video,10167,1,video#10167 评论 1：讲师讲解很细，适合零基础。,6,normal,2026-01-30T10:48:13.291Z,
video,10167,2,video#10167 评论 2：希望后续更新更多进阶内容。,3,normal,2026-01-22T10:48:13.291Z,
video,10167,3,video#10167 评论 3：重点知识点总结得不错，复习方便。,4,normal,2026-02-02T10:48:13.291Z,
video,10167,4,video#10167 评论 4：节奏刚好，建议再补充一点练习题。,6,normal,2026-01-22T10:48:13.291Z,
video,10168,5,video#10168 评论 1：希望后续更新更多进阶内容。,0,normal,2026-01-27T10:48:13.291Z,
video,10168,6,video#10168 评论 2：重点知识点总结得不错，复习方便。,4,normal,2026-01-29T10:48:13.291Z,
video,10168,1,video#10168 评论 3：课程结构清晰，学习路线明了。,0,normal,2026-01-28T10:48:13.291Z,
video,10168,2,video#10168 评论 4：重点知识点总结得不错，复习方便。,5,normal,2026-02-04T10:48:13.291Z,
video,10169,3,video#10169 评论 1：案例很贴近实际，学完能直接上手。,2,normal,2026-02-04T10:48:13.291Z,
video,10169,4,video#10169 评论 2：实例讲解很实用，收藏了。,6,normal,2026-01-24T10:48:13.291Z,
video,10169,5,video#10169 评论 3：讲师讲解很细，适合零基础。,4,normal,2026-01-31T10:48:13.291Z,
video,10169,6,video#10169 评论 4：这节课讲得很清楚，重点很明确。,0,normal,2026-01-24T10:48:13.291Z,
video,10170,1,video#10170 评论 1：如果能加配套资料就更好了。,1,normal,2026-01-23T10:48:13.291Z,
video,10170,2,video#10170 评论 2：节奏刚好，建议再补充一点练习题。,1,normal,2026-02-02T10:48:13.291Z,
video,10170,3,video#10170 评论 3：重点知识点总结得不错，复习方便。,6,normal,2026-01-29T10:48:13.291Z,
video,10170,4,video#10170 评论 4：节奏刚好，建议再补充一点练习题。,0,normal,2026-01-22T10:48:13.291Z,
video,10171,5,video#10171 评论 1：如果能加配套资料就更好了。,5,normal,2026-01-28T10:48:13.291Z,
video,10171,6,video#10171 评论 2：如果能加配套资料就更好了。,6,normal,2026-01-25T10:48:13.291Z,
video,10171,1,video#10171 评论 3：这节课讲得很清楚，重点很明确。,5,normal,2026-01-26T10:48:13.291Z,
video,10171,2,video#10171 评论 4：案例很贴近实际，学完能直接上手。,7,normal,2026-01-27T10:48:13.291Z,
video,10172,3,video#10172 评论 1：重点知识点总结得不错，复习方便。,2,normal,2026-01-30T10:48:13.291Z,
video,10172,4,video#10172 评论 2：希望后续更新更多进阶内容。,5,normal,2026-02-04T10:48:13.291Z,
video,10172,5,video#10172 评论 3：节奏刚好，建议再补充一点练习题。,6,normal,2026-01-25T10:48:13.291Z,
video,10172,6,video#10172 评论 4：节奏刚好，建议再补充一点练习题。,3,normal,2026-01-26T10:48:13.291Z,
video,10173,1,video#10173 评论 1：实例讲解很实用，收藏了。,2,normal,2026-02-03T10:48:13.291Z,
video,10173,2,video#10173 评论 2：这节课讲得很清楚，重点很明确。,2,normal,2026-01-27T10:48:13.291Z,
video,10173,3,video#10173 评论 3：讲师讲解很细，适合零基础。,0,normal,2026-02-02T10:48:13.291Z,
video,10173,4,video#10173 评论 4：节奏刚好，建议再补充一点练习题。,2,normal,2026-02-01T10:48:13.291Z,
video,10174,5,video#10174 评论 1：内容有深度但不晦涩，体验很好。,2,normal,2026-01-31T10:48:13.291Z,
video,10174,6,video#10174 评论 2：实例讲解很实用，收藏了。,3,normal,2026-01-28T10:48:13.291Z,
video,10174,1,video#10174 评论 3：节奏刚好，建议再补充一点练习题。,0,normal,2026-01-31T10:48:13.291Z,
video,10174,2,video#10174 评论 4：内容有深度但不晦涩，体验很好。,2,normal,2026-01-26T10:48:13.291Z,
video,10175,3,video#10175 评论 1：重点知识点总结得不错，复习方便。,3,normal,2026-01-28T10:48:13.291Z,
video,10175,4,video#10175 评论 2：重点知识点总结得不错，复习方便。,4,normal,2026-01-31T10:48:13.291Z,
video,10175,5,video#10175 评论 3：实例讲解很实用，收藏了。,6,normal,2026-02-02T10:48:13.291Z,
video,10175,6,video#10175 评论 4：内容有深度但不晦涩，体验很好。,6,normal,2026-02-02T10:48:13.291Z,
video,10176,1,video#10176 评论 1：如果能加配套资料就更好了。,2,normal,2026-01-27T10:48:13.291Z,
video,10176,2,video#10176 评论 2：重点知识点总结得不错，复习方便。,1,normal,2026-01-31T10:48:13.291Z,
video,10176,3,video#10176 评论 3：这节课讲得很清楚，重点很明确。,0,normal,2026-01-25T10:48:13.291Z,
video,10176,4,video#10176 评论 4：这节课讲得很清楚，重点很明确。,3,normal,2026-01-23T10:48:13.291Z,
video,10177,5,video#10177 评论 1：讲师讲解很细，适合零基础。,1,normal,2026-01-24T10:48:13.291Z,
video,10177,6,video#10177 评论 2：内容有深度但不晦涩，体验很好。,0,normal,2026-01-23T10:48:13.291Z,
video,10177,1,video#10177 评论 3：如果能加配套资料就更好了。,4,normal,2026-01-24T10:48:13.291Z,
video,10177,2,video#10177 评论 4：讲师讲解很细，适合零基础。,0,normal,2026-01-28T10:48:13.291Z,
video,10178,3,video#10178 评论 1：实例讲解很实用，收藏了。,1,normal,2026-02-02T10:48:13.291Z,
video,10178,4,video#10178 评论 2：重点知识点总结得不错，复习方便。,4,normal,2026-01-30T10:48:13.291Z,
video,10178,5,video#10178 评论 3：重点知识点总结得不错，复习方便。,7,normal,2026-02-02T10:48:13.291Z,
video,10178,6,video#10178 评论 4：课程结构清晰，学习路线明了。,2,normal,2026-02-04T10:48:13.291Z,
video,10179,1,video#10179 评论 1：希望后续更新更多进阶内容。,7,normal,2026-02-03T10:48:13.291Z,
video,10179,2,video#10179 评论 2：重点知识点总结得不错，复习方便。,4,normal,2026-01-25T10:48:13.291Z,
video,10179,3,video#10179 评论 3：节奏刚好，建议再补充一点练习题。,2,normal,2026-02-01T10:48:13.291Z,
video,10179,4,video#10179 评论 4：讲师讲解很细，适合零基础。,3,normal,2026-01-24T10:48:13.291Z,
video,10180,5,video#10180 评论 1：实例讲解很实用，收藏了。,4,normal,2026-01-28T10:48:13.291Z,
video,10180,6,video#10180 评论 2：如果能加配套资料就更好了。,0,normal,2026-01-23T10:48:13.291Z,
video,10180,1,video#10180 评论 3：实例讲解很实用，收藏了。,4,normal,2026-01-22T10:48:13.291Z,
video,10180,2,video#10180 评论 4：这节课讲得很清楚，重点很明确。,5,normal,2026-02-02T10:48:13.291Z,
video,10181,3,video#10181 评论 1：实例讲解很实用，收藏了。,6,normal,2026-01-28T10:48:13.291Z,
video,10181,4,video#10181 评论 2：重点知识点总结得不错，复习方便。,3,normal,2026-01-30T10:48:13.291Z,
video,10181,5,video#10181 评论 3：内容有深度但不晦涩，体验很好。,0,normal,2026-02-04T10:48:13.291Z,
video,10181,6,video#10181 评论 4：希望后续更新更多进阶内容。,7,normal,2026-01-29T10:48:13.291Z,
video,10182,1,video#10182 评论 1：如果能加配套资料就更好了。,3,normal,2026-02-03T10:48:13.291Z,
video,10182,2,video#10182 评论 2：希望后续更新更多进阶内容。,3,normal,2026-01-31T10:48:13.291Z,
video,10182,3,video#10182 评论 3：希望后续更新更多进阶内容。,6,normal,2026-01-25T10:48:13.291Z,
video,10182,4,video#10182 评论 4：节奏刚好，建议再补充一点练习题。,2,normal,2026-01-29T10:48:13.291Z,
video,10183,5,video#10183 评论 1：讲师讲解很细，适合零基础。,7,normal,2026-02-01T10:48:13.291Z,
video,10183,6,video#10183 评论 2：节奏刚好，建议再补充一点练习题。,3,normal,2026-01-31T10:48:13.291Z,
video,10183,1,video#10183 评论 3：节奏刚好，建议再补充一点练习题。,3,normal,2026-01-28T10:48:13.291Z,
video,10183,2,video#10183 评论 4：内容有深度但不晦涩，体验很好。,7,normal,2026-01-26T10:48:13.291Z,
video,10184,3,video#10184 评论 1：实例讲解很实用，收藏了。,7,normal,2026-01-27T10:48:13.291Z,
video,10184,4,video#10184 评论 2：课程结构清晰，学习路线明了。,1,normal,2026-01-24T10:48:13.291Z,
video,10184,5,video#10184 评论 3：这节课讲得很清楚，重点很明确。,3,normal,2026-01-23T10:48:13.291Z,
video,10184,6,video#10184 评论 4：案例很贴近实际，学完能直接上手。,4,normal,2026-01-24T10:48:13.291Z,
video,10185,1,video#10185 评论 1：这节课讲得很清楚，重点很明确。,6,normal,2026-01-31T10:48:13.291Z,
video,10185,2,video#10185 评论 2：节奏刚好，建议再补充一点练习题。,6,normal,2026-01-30T10:48:13.291Z,
video,10185,3,video#10185 评论 3：课程结构清晰，学习路线明了。,4,normal,2026-01-27T10:48:13.291Z,
video,10185,4,video#10185 评论 4：重点知识点总结得不错，复习方便。,3,normal,2026-01-24T10:48:13.291Z,
video,10186,5,video#10186 评论 1：实例讲解很实用，收藏了。,3,normal,2026-01-27T10:48:13.291Z,
video,10186,6,video#10186 评论 2：案例很贴近实际，学完能直接上手。,5,normal,2026-02-01T10:48:13.291Z,
video,10186,1,video#10186 评论 3：重点知识点总结得不错，复习方便。,5,normal,2026-01-26T10:48:13.291Z,
video,10186,2,video#10186 评论 4：案例很贴近实际，学完能直接上手。,4,normal,2026-01-23T10:48:13.291Z,
video,10187,3,video#10187 评论 1：实例讲解很实用，收藏了。,7,normal,2026-01-30T10:48:13.291Z,
video,10187,4,video#10187 评论 2：重点知识点总结得不错，复习方便。,5,normal,2026-01-24T10:48:13.291Z,
video,10187,5,video#10187 评论 3：这节课讲得很清楚，重点很明确。,7,normal,2026-02-03T10:48:13.291Z,
video,10187,6,video#10187 评论 4：实例讲解很实用，收藏了。,1,normal,2026-01-27T10:48:13.291Z,
video,10188,1,video#10188 评论 1：课程结构清晰，学习路线明了。,0,normal,2026-02-02T10:48:13.291Z,
video,10188,2,video#10188 评论 2：案例很贴近实际，学完能直接上手。,4,normal,2026-02-03T10:48:13.291Z,
video,10188,3,video#10188 评论 3：重点知识点总结得不错，复习方便。,4,normal,2026-01-28T10:48:13.291Z,
video,10188,4,video#10188 评论 4：讲师讲解很细，适合零基础。,3,normal,2026-01-24T10:48:13.291Z,
video,10189,5,video#10189 评论 1：希望后续更新更多进阶内容。,7,normal,2026-01-24T10:48:13.291Z,
video,10189,6,video#10189 评论 2：讲师讲解很细，适合零基础。,3,normal,2026-01-30T10:48:13.291Z,
video,10189,1,video#10189 评论 3：希望后续更新更多进阶内容。,4,normal,2026-02-04T10:48:13.291Z,
video,10189,2,video#10189 评论 4：如果能加配套资料就更好了。,7,normal,2026-01-24T10:48:13.291Z,
video,10190,3,video#10190 评论 1：实例讲解很实用，收藏了。,6,normal,2026-01-30T10:48:13.291Z,
video,10190,4,video#10190 评论 2：重点知识点总结得不错，复习方便。,0,normal,2026-02-01T10:48:13.291Z,
video,10190,5,video#10190 评论 3：希望后续更新更多进阶内容。,2,normal,2026-01-30T10:48:13.291Z,
video,10190,6,video#10190 评论 4：讲师讲解很细，适合零基础。,3,normal,2026-01-29T10:48:13.291Z,
video,10191,1,video#10191 评论 1：希望后续更新更多进阶内容。,5,normal,2026-02-04T10:48:13.291Z,
video,10191,2,video#10191 评论 2：内容有深度但不晦涩，体验很好。,7,normal,2026-01-23T10:48:13.291Z,
video,10191,3,video#10191 评论 3：课程结构清晰，学习路线明了。,3,normal,2026-02-02T10:48:13.291Z,
video,10191,4,video#10191 评论 4：重点知识点总结得不错，复习方便。,7,normal,2026-01-22T10:48:13.291Z,
video,10192,5,video#10192 评论 1：希望后续更新更多进阶内容。,0,normal,2026-01-27T10:48:13.291Z,
video,10192,6,video#10192 评论 2：这节课讲得很清楚，重点很明确。,6,normal,2026-01-30T10:48:13.291Z,
video,10192,1,video#10192 评论 3：重点知识点总结得不错，复习方便。,0,normal,2026-01-22T10:48:13.291Z,
video,10192,2,video#10192 评论 4：实例讲解很实用，收藏了。,7,normal,2026-01-22T10:48:13.291Z,
video,10193,3,video#10193 评论 1：讲师讲解很细，适合零基础。,3,normal,2026-01-29T10:48:13.291Z,
video,10193,4,video#10193 评论 2：实例讲解很实用，收藏了。,6,normal,2026-02-01T10:48:13.291Z,
video,10193,5,video#10193 评论 3：重点知识点总结得不错，复习方便。,0,normal,2026-02-04T10:48:13.291Z,
video,10193,6,video#10193 评论 4：希望后续更新更多进阶内容。,1,normal,2026-01-30T10:48:13.291Z,
video,10194,1,video#10194 评论 1：讲师讲解很细，适合零基础。,3,normal,2026-01-26T10:48:13.291Z,
video,10194,2,video#10194 评论 2：如果能加配套资料就更好了。,1,normal,2026-01-25T10:48:13.291Z,
video,10194,3,video#10194 评论 3：课程结构清晰，学习路线明了。,3,normal,2026-01-27T10:48:13.291Z,
video,10194,4,video#10194 评论 4：案例很贴近实际，学完能直接上手。,1,normal,2026-01-24T10:48:13.291Z,
video,10195,5,video#10195 评论 1：课程结构清晰，学习路线明了。,6,normal,2026-02-02T10:48:13.291Z,
video,10195,6,video#10195 评论 2：这节课讲得很清楚，重点很明确。,2,normal,2026-01-27T10:48:13.291Z,
video,10195,1,video#10195 评论 3：重点知识点总结得不错，复习方便。,4,normal,2026-01-23T10:48:13.291Z,
video,10195,2,video#10195 评论 4：讲师讲解很细，适合零基础。,5,normal,2026-02-02T10:48:13.291Z,
video,10196,3,video#10196 评论 1：课程结构清晰，学习路线明了。,0,normal,2026-01-25T10:48:13.291Z,
video,10196,4,video#10196 评论 2：讲师讲解很细，适合零基础。,0,normal,2026-02-03T10:48:13.291Z,
video,10196,5,video#10196 评论 3：实例讲解很实用，收藏了。,7,normal,2026-01-31T10:48:13.291Z,
video,10196,6,video#10196 评论 4：希望后续更新更多进阶内容。,1,normal,2026-02-01T10:48:13.291Z,
video,10197,1,video#10197 评论 1：讲师讲解很细，适合零基础。,1,normal,2026-02-02T10:48:13.291Z,
video,10197,2,video#10197 评论 2：内容有深度但不晦涩，体验很好。,5,normal,2026-02-03T10:48:13.291Z,
video,10197,3,video#10197 评论 3：如果能加配套资料就更好了。,1,normal,2026-02-04T10:48:13.291Z,
video,10197,4,video#10197 评论 4：节奏刚好，建议再补充一点练习题。,5,normal,2026-01-30T10:48:13.291Z,
video,10198,5,video#10198 评论 1：案例很贴近实际，学完能直接上手。,0,normal,2026-01-30T10:48:13.291Z,
video,10198,6,video#10198 评论 2：这节课讲得很清楚，重点很明确。,0,normal,2026-01-26T10:48:13.291Z,
video,10198,1,video#10198 评论 3：这节课讲得很清楚，重点很明确。,4,normal,2026-02-02T10:48:13.291Z,
video,10198,2,video#10198 评论 4：内容有深度但不晦涩，体验很好。,7,normal,2026-02-04T10:48:13.291Z,
video,10199,3,video#10199 评论 1：内容有深度但不晦涩，体验很好。,4,normal,2026-01-24T10:48:13.291Z,
video,10199,4,video#10199 评论 2：如果能加配套资料就更好了。,0,normal,2026-01-31T10:48:13.291Z,
video,10199,5,video#10199 评论 3：这节课讲得很清楚，重点很明确。,0,normal,2026-01-24T10:48:13.291Z,
video,10199,6,video#10199 评论 4：案例很贴近实际，学完能直接上手。,7,normal,2026-01-24T10:48:13.291Z,
video,10200,1,video#10200 评论 1：重点知识点总结得不错，复习方便。,7,normal,2026-01-26T10:48:13.291Z,
video,10200,2,video#10200 评论 2：希望后续更新更多进阶内容。,4,normal,2026-01-25T10:48:13.291Z,
video,10200,3,video#10200 评论 3：节奏刚好，建议再补充一点练习题。,2,normal,2026-02-02T10:48:13.291Z,
video,10200,4,video#10200 评论 4：课程结构清晰，学习路线明了。,3,normal,2026-02-04T10:48:13.291Z,
video,10201,5,video#10201 评论 1：案例很贴近实际，学完能直接上手。,3,normal,2026-01-25T10:48:13.291Z,
video,10201,6,video#10201 评论 2：实例讲解很实用，收藏了。,5,normal,2026-01-27T10:48:13.291Z,
video,10201,1,video#10201 评论 3：节奏刚好，建议再补充一点练习题。,1,normal,2026-01-28T10:48:13.291Z,
video,10201,2,video#10201 评论 4：案例很贴近实际，学完能直接上手。,3,normal,2026-01-28T10:48:13.291Z,
video,10202,3,video#10202 评论 1：这节课讲得很清楚，重点很明确。,1,normal,2026-01-23T10:48:13.291Z,
video,10202,4,video#10202 评论 2：希望后续更新更多进阶内容。,0,normal,2026-01-22T10:48:13.291Z,
video,10202,5,video#10202 评论 3：课程结构清晰，学习路线明了。,0,normal,2026-02-02T10:48:13.291Z,
video,10202,6,video#10202 评论 4：讲师讲解很细，适合零基础。,1,normal,2026-01-23T10:48:13.291Z,
video,10203,1,video#10203 评论 1：案例很贴近实际，学完能直接上手。,4,normal,2026-01-25T10:48:13.291Z,
video,10203,2,video#10203 评论 2：希望后续更新更多进阶内容。,0,normal,2026-01-29T10:48:13.291Z,
video,10203,3,video#10203 评论 3：希望后续更新更多进阶内容。,7,normal,2026-01-31T10:48:13.291Z,
video,10203,4,video#10203 评论 4：课程结构清晰，学习路线明了。,4,normal,2026-02-03T10:48:13.291Z,
video,10204,5,video#10204 评论 1：课程结构清晰，学习路线明了。,6,normal,2026-01-22T10:48:13.291Z,
video,10204,6,video#10204 评论 2：希望后续更新更多进阶内容。,4,normal,2026-02-04T10:48:13.291Z,
video,10204,1,video#10204 评论 3：案例很贴近实际，学完能直接上手。,5,normal,2026-01-22T10:48:13.291Z,
video,10204,2,video#10204 评论 4：如果能加配套资料就更好了。,6,normal,2026-01-26T10:48:13.291Z,
video,10205,3,video#10205 评论 1：这节课讲得很清楚，重点很明确。,3,normal,2026-01-24T10:48:13.291Z,
video,10205,4,video#10205 评论 2：希望后续更新更多进阶内容。,6,normal,2026-02-01T10:48:13.291Z,
video,10205,5,video#10205 评论 3：实例讲解很实用，收藏了。,7,normal,2026-02-02T10:48:13.291Z,
video,10205,6,video#10205 评论 4：这节课讲得很清楚，重点很明确。,7,normal,2026-01-26T10:48:13.291Z,
video,10206,1,video#10206 评论 1：内容有深度但不晦涩，体验很好。,7,normal,2026-02-01T10:48:13.291Z,
video,10206,2,video#10206 评论 2：这节课讲得很清楚，重点很明确。,1,normal,2026-02-03T10:48:13.291Z,
video,10206,3,video#10206 评论 3：重点知识点总结得不错，复习方便。,5,normal,2026-02-04T10:48:13.291Z,
video,10206,4,video#10206 评论 4：内容有深度但不晦涩，体验很好。,5,normal,2026-02-03T10:48:13.291Z,
video,10207,5,video#10207 评论 1：这节课讲得很清楚，重点很明确。,5,normal,2026-01-28T10:48:13.291Z,
video,10207,6,video#10207 评论 2：讲师讲解很细，适合零基础。,2,normal,2026-01-22T10:48:13.291Z,
video,10207,1,video#10207 评论 3：内容有深度但不晦涩，体验很好。,4,normal,2026-01-29T10:48:13.291Z,
video,10207,2,video#10207 评论 4：案例很贴近实际，学完能直接上手。,7,normal,2026-02-02T10:48:13.291Z,
video,10208,3,video#10208 评论 1：重点知识点总结得不错，复习方便。,2,normal,2026-02-04T10:48:13.291Z,
video,10208,4,video#10208 评论 2：重点知识点总结得不错，复习方便。,5,normal,2026-01-26T10:48:13.291Z,
video,10208,5,video#10208 评论 3：节奏刚好，建议再补充一点练习题。,2,normal,2026-01-31T10:48:13.291Z,
video,10208,6,video#10208 评论 4：讲师讲解很细，适合零基础。,5,normal,2026-01-27T10:48:13.291Z,
video,10209,1,video#10209 评论 1：案例很贴近实际，学完能直接上手。,6,normal,2026-01-22T10:48:13.291Z,
video,10209,2,video#10209 评论 2：如果能加配套资料就更好了。,5,normal,2026-01-29T10:48:13.291Z,
video,10209,3,video#10209 评论 3：节奏刚好，建议再补充一点练习题。,7,normal,2026-01-29T10:48:13.291Z,
video,10209,4,video#10209 评论 4：节奏刚好，建议再补充一点练习题。,3,normal,2026-01-29T10:48:13.291Z,
video,10210,5,video#10210 评论 1：重点知识点总结得不错，复习方便。,0,normal,2026-01-24T10:48:13.291Z,
video,10210,6,video#10210 评论 2：重点知识点总结得不错，复习方便。,3,normal,2026-01-23T10:48:13.291Z,
video,10210,1,video#10210 评论 3：这节课讲得很清楚，重点很明确。,0,normal,2026-01-29T10:48:13.291Z,
video,10210,2,video#10210 评论 4：节奏刚好，建议再补充一点练习题。,5,normal,2026-01-23T10:48:13.291Z,
video,10211,3,video#10211 评论 1：实例讲解很实用，收藏了。,3,normal,2026-02-01T10:48:13.291Z,
video,10211,4,video#10211 评论 2：讲师讲解很细，适合零基础。,2,normal,2026-01-27T10:48:13.291Z,
video,10211,5,video#10211 评论 3：讲师讲解很细，适合零基础。,2,normal,2026-01-24T10:48:13.291Z,
video,10211,6,video#10211 评论 4：讲师讲解很细，适合零基础。,3,normal,2026-01-28T10:48:13.291Z,
video,10212,1,video#10212 评论 1：重点知识点总结得不错，复习方便。,4,normal,2026-02-03T10:48:13.291Z,
video,10212,2,video#10212 评论 2：这节课讲得很清楚，重点很明确。,1,normal,2026-01-30T10:48:13.291Z,
video,10212,3,video#10212 评论 3：案例很贴近实际，学完能直接上手。,4,normal,2026-02-01T10:48:13.291Z,
video,10212,4,video#10212 评论 4：重点知识点总结得不错，复习方便。,5,normal,2026-01-29T10:48:13.291Z,
video,10213,5,video#10213 评论 1：实例讲解很实用，收藏了。,3,normal,2026-01-24T10:48:13.291Z,
video,10213,6,video#10213 评论 2：讲师讲解很细，适合零基础。,7,normal,2026-01-26T10:48:13.291Z,
video,10213,1,video#10213 评论 3：这节课讲得很清楚，重点很明确。,0,normal,2026-01-27T10:48:13.291Z,
video,10213,2,video#10213 评论 4：这节课讲得很清楚，重点很明确。,7,normal,2026-02-04T10:48:13.291Z,
video,10214,3,video#10214 评论 1：课程结构清晰，学习路线明了。,4,normal,2026-01-23T10:48:13.291Z,
video,10214,4,video#10214 评论 2：节奏刚好，建议再补充一点练习题。,0,normal,2026-01-31T10:48:13.291Z,
video,10214,5,video#10214 评论 3：讲师讲解很细，适合零基础。,6,normal,2026-01-23T10:48:13.291Z,
video,10214,6,video#10214 评论 4：内容有深度但不晦涩，体验很好。,5,normal,2026-01-24T10:48:13.291Z,
video,10215,1,video#10215 评论 1：案例很贴近实际，学完能直接上手。,4,normal,2026-01-29T10:48:13.291Z,
video,10215,2,video#10215 评论 2：这节课讲得很清楚，重点很明确。,6,normal,2026-02-03T10:48:13.291Z,
video,10215,3,video#10215 评论 3：这节课讲得很清楚，重点很明确。,0,normal,2026-01-23T10:48:13.291Z,
video,10215,4,video#10215 评论 4：如果能加配套资料就更好了。,4,normal,2026-01-23T10:48:13.291Z,
video,10216,5,video#10216 评论 1：重点知识点总结得不错，复习方便。,0,normal,2026-01-29T10:48:13.291Z,
video,10216,6,video#10216 评论 2：希望后续更新更多进阶内容。,4,normal,2026-01-23T10:48:13.291Z,
video,10216,1,video#10216 评论 3：节奏刚好，建议再补充一点练习题。,4,normal,2026-01-26T10:48:13.291Z,
video,10216,2,video#10216 评论 4：如果能加配套资料就更好了。,4,normal,2026-01-27T10:48:13.291Z,
video,10217,3,video#10217 评论 1：实例讲解很实用，收藏了。,3,normal,2026-02-04T10:48:13.291Z,
video,10217,4,video#10217 评论 2：这节课讲得很清楚，重点很明确。,5,normal,2026-02-03T10:48:13.291Z,
video,10217,5,video#10217 评论 3：节奏刚好，建议再补充一点练习题。,0,normal,2026-01-31T10:48:13.291Z,
video,10217,6,video#10217 评论 4：节奏刚好，建议再补充一点练习题。,2,normal,2026-02-04T10:48:13.291Z,
video,10218,1,video#10218 评论 1：重点知识点总结得不错，复习方便。,5,normal,2026-01-24T10:48:13.291Z,
video,10218,2,video#10218 评论 2：内容有深度但不晦涩，体验很好。,0,normal,2026-01-25T10:48:13.291Z,
video,10218,3,video#10218 评论 3：这节课讲得很清楚，重点很明确。,1,normal,2026-02-04T10:48:13.291Z,
video,10218,4,video#10218 评论 4：如果能加配套资料就更好了。,2,normal,2026-01-27T10:48:13.291Z,
video,10219,5,video#10219 评论 1：重点知识点总结得不错，复习方便。,1,normal,2026-01-31T10:48:13.291Z,
video,10219,6,video#10219 评论 2：内容有深度但不晦涩，体验很好。,7,normal,2026-01-30T10:48:13.291Z,
video,10219,1,video#10219 评论 3：这节课讲得很清楚，重点很明确。,6,normal,2026-01-22T10:48:13.291Z,
video,10219,2,video#10219 评论 4：课程结构清晰，学习路线明了。,5,normal,2026-02-04T10:48:13.291Z,
video,10220,3,video#10220 评论 1：内容有深度但不晦涩，体验很好。,0,normal,2026-01-22T10:48:13.291Z,
video,10220,4,video#10220 评论 2：如果能加配套资料就更好了。,5,normal,2026-01-23T10:48:13.291Z,
video,10220,5,video#10220 评论 3：课程结构清晰，学习路线明了。,1,normal,2026-02-02T10:48:13.291Z,
video,10220,6,video#10220 评论 4：这节课讲得很清楚，重点很明确。,5,normal,2026-02-02T10:48:13.291Z,
video,10221,1,video#10221 评论 1：实例讲解很实用，收藏了。,5,normal,2026-01-25T10:48:13.291Z,
video,10221,2,video#10221 评论 2：课程结构清晰，学习路线明了。,3,normal,2026-02-04T10:48:13.291Z,
video,10221,3,video#10221 评论 3：如果能加配套资料就更好了。,1,normal,2026-01-30T10:48:13.291Z,
video,10221,4,video#10221 评论 4：课程结构清晰，学习路线明了。,0,normal,2026-02-04T10:48:13.291Z,
video,10222,5,video#10222 评论 1：这节课讲得很清楚，重点很明确。,0,normal,2026-01-26T10:48:13.291Z,
video,10222,6,video#10222 评论 2：希望后续更新更多进阶内容。,4,normal,2026-01-26T10:48:13.291Z,
video,10222,1,video#10222 评论 3：这节课讲得很清楚，重点很明确。,4,normal,2026-01-27T10:48:13.291Z,
video,10222,2,video#10222 评论 4：如果能加配套资料就更好了。,5,normal,2026-01-23T10:48:13.291Z,
video,10223,3,video#10223 评论 1：这节课讲得很清楚，重点很明确。,3,normal,2026-02-02T10:48:13.291Z,
video,10223,4,video#10223 评论 2：案例很贴近实际，学完能直接上手。,5,normal,2026-01-29T10:48:13.291Z,
video,10223,5,video#10223 评论 3：实例讲解很实用，收藏了。,0,normal,2026-01-25T10:48:13.291Z,
video,10223,6,video#10223 评论 4：课程结构清晰，学习路线明了。,6,normal,2026-01-28T10:48:13.291Z,
video,10224,1,video#10224 评论 1：希望后续更新更多进阶内容。,0,normal,2026-01-24T10:48:13.291Z,
video,10224,2,video#10224 评论 2：这节课讲得很清楚，重点很明确。,2,normal,2026-02-02T10:48:13.291Z,
video,10224,3,video#10224 评论 3：内容有深度但不晦涩，体验很好。,3,normal,2026-02-03T10:48:13.291Z,
video,10224,4,video#10224 评论 4：课程结构清晰，学习路线明了。,3,normal,2026-01-24T10:48:13.291Z,
video,10225,5,video#10225 评论 1：节奏刚好，建议再补充一点练习题。,3,normal,2026-01-28T10:48:13.291Z,
video,10225,6,video#10225 评论 2：如果能加配套资料就更好了。,0,normal,2026-01-31T10:48:13.291Z,
video,10225,1,video#10225 评论 3：节奏刚好，建议再补充一点练习题。,5,normal,2026-01-28T10:48:13.291Z,
video,10225,2,video#10225 评论 4：内容有深度但不晦涩，体验很好。,2,normal,2026-02-02T10:48:13.291Z,
video,10226,3,video#10226 评论 1：实例讲解很实用，收藏了。,1,normal,2026-01-30T10:48:13.291Z,
video,10226,4,video#10226 评论 2：重点知识点总结得不错，复习方便。,2,normal,2026-01-24T10:48:13.291Z,
video,10226,5,video#10226 评论 3：内容有深度但不晦涩，体验很好。,2,normal,2026-01-29T10:48:13.291Z,
video,10226,6,video#10226 评论 4：讲师讲解很细，适合零基础。,5,normal,2026-02-03T10:48:13.291Z,
video,10227,1,video#10227 评论 1：节奏刚好，建议再补充一点练习题。,5,normal,2026-02-01T10:48:13.291Z,
video,10227,2,video#10227 评论 2：如果能加配套资料就更好了。,6,normal,2026-02-02T10:48:13.291Z,
video,10227,3,video#10227 评论 3：实例讲解很实用，收藏了。,1,normal,2026-02-04T10:48:13.291Z,
video,10227,4,video#10227 评论 4：希望后续更新更多进阶内容。,5,normal,2026-01-31T10:48:13.291Z,
video,10228,5,video#10228 评论 1：节奏刚好，建议再补充一点练习题。,2,normal,2026-01-25T10:48:13.291Z,
video,10228,6,video#10228 评论 2：希望后续更新更多进阶内容。,2,normal,2026-01-24T10:48:13.291Z,
video,10228,1,video#10228 评论 3：希望后续更新更多进阶内容。,7,normal,2026-02-02T10:48:13.291Z,
video,10228,2,video#10228 评论 4：案例很贴近实际，学完能直接上手。,0,normal,2026-01-29T10:48:13.291Z,
video,10229,3,video#10229 评论 1：希望后续更新更多进阶内容。,1,normal,2026-01-29T10:48:13.291Z,
video,10229,4,video#10229 评论 2：课程结构清晰，学习路线明了。,4,normal,2026-01-24T10:48:13.291Z,
video,10229,5,video#10229 评论 3：节奏刚好，建议再补充一点练习题。,2,normal,2026-02-03T10:48:13.291Z,
video,10229,6,video#10229 评论 4：课程结构清晰，学习路线明了。,4,normal,2026-02-01T10:48:13.291Z,
video,10230,1,video#10230 评论 1：讲师讲解很细，适合零基础。,4,normal,2026-02-02T10:48:13.291Z,
video,10230,2,video#10230 评论 2：案例很贴近实际，学完能直接上手。,2,normal,2026-01-26T10:48:13.291Z,
video,10230,3,video#10230 评论 3：重点知识点总结得不错，复习方便。,6,normal,2026-01-27T10:48:13.291Z,
video,10230,4,video#10230 评论 4：这节课讲得很清楚，重点很明确。,4,normal,2026-01-25T10:48:13.291Z,
video,10231,5,video#10231 评论 1：案例很贴近实际，学完能直接上手。,2,normal,2026-01-31T10:48:13.291Z,
video,10231,6,video#10231 评论 2：讲师讲解很细，适合零基础。,7,normal,2026-01-29T10:48:13.291Z,
video,10231,1,video#10231 评论 3：课程结构清晰，学习路线明了。,1,normal,2026-01-22T10:48:13.291Z,
video,10231,2,video#10231 评论 4：内容有深度但不晦涩，体验很好。,6,normal,2026-02-02T10:48:13.291Z,
video,10232,3,video#10232 评论 1：重点知识点总结得不错，复习方便。,6,normal,2026-01-25T10:48:13.291Z,
video,10232,4,video#10232 评论 2：节奏刚好，建议再补充一点练习题。,6,normal,2026-01-27T10:48:13.291Z,
video,10232,5,video#10232 评论 3：讲师讲解很细，适合零基础。,2,normal,2026-01-23T10:48:13.291Z,
video,10232,6,video#10232 评论 4：课程结构清晰，学习路线明了。,0,normal,2026-01-29T10:48:13.291Z,
video,10233,1,video#10233 评论 1：讲师讲解很细，适合零基础。,5,normal,2026-02-02T10:48:13.291Z,
video,10233,2,video#10233 评论 2：案例很贴近实际，学完能直接上手。,7,normal,2026-02-02T10:48:13.291Z,
video,10233,3,video#10233 评论 3：讲师讲解很细，适合零基础。,2,normal,2026-01-28T10:48:13.291Z,
video,10233,4,video#10233 评论 4：讲师讲解很细，适合零基础。,6,normal,2026-01-28T10:48:13.291Z,
video,10234,5,video#10234 评论 1：内容有深度但不晦涩，体验很好。,6,normal,2026-02-02T10:48:13.291Z,
video,10234,6,video#10234 评论 2：内容有深度但不晦涩，体验很好。,2,normal,2026-01-23T10:48:13.291Z,
video,10234,1,video#10234 评论 3：重点知识点总结得不错，复习方便。,7,normal,2026-02-01T10:48:13.291Z,
video,10234,2,video#10234 评论 4：节奏刚好，建议再补充一点练习题。,0,normal,2026-01-27T10:48:13.291Z,
video,10235,3,video#10235 评论 1：重点知识点总结得不错，复习方便。,3,normal,2026-02-02T10:48:13.291Z,
video,10235,4,video#10235 评论 2：实例讲解很实用，收藏了。,1,normal,2026-02-02T10:48:13.291Z,
video,10235,5,video#10235 评论 3：如果能加配套资料就更好了。,7,normal,2026-02-02T10:48:13.291Z,
video,10235,6,video#10235 评论 4：课程结构清晰，学习路线明了。,7,normal,2026-02-01T10:48:13.291Z,
video,10236,1,video#10236 评论 1：内容有深度但不晦涩，体验很好。,3,normal,2026-01-29T10:48:13.291Z,
video,10236,2,video#10236 评论 2：案例很贴近实际，学完能直接上手。,6,normal,2026-01-28T10:48:13.291Z,
video,10236,3,video#10236 评论 3：实例讲解很实用，收藏了。,1,normal,2026-01-29T10:48:13.291Z,
video,10236,4,video#10236 评论 4：如果能加配套资料就更好了。,5,normal,2026-02-04T10:48:13.291Z,
video,10237,5,video#10237 评论 1：案例很贴近实际，学完能直接上手。,4,normal,2026-01-31T10:48:13.291Z,
video,10237,6,video#10237 评论 2：如果能加配套资料就更好了。,2,normal,2026-01-27T10:48:13.291Z,
video,10237,1,video#10237 评论 3：讲师讲解很细，适合零基础。,6,normal,2026-01-26T10:48:13.291Z,
video,10237,2,video#10237 评论 4：内容有深度但不晦涩，体验很好。,4,normal,2026-01-27T10:48:13.291Z,
video,10238,3,video#10238 评论 1：案例很贴近实际，学完能直接上手。,0,normal,2026-01-22T10:48:13.291Z,
video,10238,4,video#10238 评论 2：重点知识点总结得不错，复习方便。,4,normal,2026-01-24T10:48:13.291Z,
video,10238,5,video#10238 评论 3：如果能加配套资料就更好了。,2,normal,2026-01-23T10:48:13.291Z,
video,10238,6,video#10238 评论 4：讲师讲解很细，适合零基础。,5,normal,2026-01-25T10:48:13.291Z,
video,10239,1,video#10239 评论 1：重点知识点总结得不错，复习方便。,7,normal,2026-02-02T10:48:13.291Z,
video,10239,2,video#10239 评论 2：课程结构清晰，学习路线明了。,6,normal,2026-02-03T10:48:13.291Z,
video,10239,3,video#10239 评论 3：如果能加配套资料就更好了。,0,normal,2026-01-27T10:48:13.291Z,
video,10239,4,video#10239 评论 4：内容有深度但不晦涩，体验很好。,3,normal,2026-02-02T10:48:13.291Z,
video,10240,5,video#10240 评论 1：课程结构清晰，学习路线明了。,4,normal,2026-01-26T10:48:13.291Z,
video,10240,6,video#10240 评论 2：实例讲解很实用，收藏了。,0,normal,2026-02-02T10:48:13.291Z,
video,10240,1,video#10240 评论 3：实例讲解很实用，收藏了。,3,normal,2026-01-25T10:48:13.291Z,
video,10240,2,video#10240 评论 4：如果能加配套资料就更好了。,5,normal,2026-01-29T10:48:13.291Z,
video,10241,3,video#10241 评论 1：讲师讲解很细，适合零基础。,3,normal,2026-01-28T10:48:13.291Z,
video,10241,4,video#10241 评论 2：内容有深度但不晦涩，体验很好。,0,normal,2026-01-24T10:48:13.291Z,
video,10241,5,video#10241 评论 3：实例讲解很实用，收藏了。,5,normal,2026-01-30T10:48:13.291Z,
video,10241,6,video#10241 评论 4：案例很贴近实际，学完能直接上手。,1,normal,2026-01-26T10:48:13.291Z,
video,10242,1,video#10242 评论 1：课程结构清晰，学习路线明了。,6,normal,2026-01-22T10:48:13.291Z,
video,10242,2,video#10242 评论 2：实例讲解很实用，收藏了。,2,normal,2026-01-30T10:48:13.291Z,
video,10242,3,video#10242 评论 3：实例讲解很实用，收藏了。,1,normal,2026-01-24T10:48:13.291Z,
video,10242,4,video#10242 评论 4：这节课讲得很清楚，重点很明确。,5,normal,2026-01-24T10:48:13.291Z,
video,10243,5,video#10243 评论 1：节奏刚好，建议再补充一点练习题。,3,normal,2026-01-27T10:48:13.291Z,
video,10243,6,video#10243 评论 2：如果能加配套资料就更好了。,1,normal,2026-01-26T10:48:13.291Z,
video,10243,1,video#10243 评论 3：节奏刚好，建议再补充一点练习题。,6,normal,2026-02-02T10:48:13.291Z,
video,10243,2,video#10243 评论 4：希望后续更新更多进阶内容。,2,normal,2026-02-04T10:48:13.291Z,
video,10244,3,video#10244 评论 1：这节课讲得很清楚，重点很明确。,4,normal,2026-01-22T10:48:13.291Z,
video,10244,4,video#10244 评论 2：案例很贴近实际，学完能直接上手。,6,normal,2026-01-25T10:48:13.291Z,
video,10244,5,video#10244 评论 3：如果能加配套资料就更好了。,1,normal,2026-01-29T10:48:13.291Z,
video,10244,6,video#10244 评论 4：内容有深度但不晦涩，体验很好。,7,normal,2026-02-02T10:48:13.291Z,
video,10245,1,video#10245 评论 1：实例讲解很实用，收藏了。,4,normal,2026-01-31T10:48:13.291Z,
video,10245,2,video#10245 评论 2：案例很贴近实际，学完能直接上手。,3,normal,2026-01-26T10:48:13.291Z,
video,10245,3,video#10245 评论 3：重点知识点总结得不错，复习方便。,6,normal,2026-02-02T10:48:13.291Z,
video,10245,4,video#10245 评论 4：这节课讲得很清楚，重点很明确。,4,normal,2026-01-27T10:48:13.291Z,
video,10246,5,video#10246 评论 1：重点知识点总结得不错，复习方便。,5,normal,2026-01-22T10:48:13.291Z,
video,10246,6,video#10246 评论 2：如果能加配套资料就更好了。,6,normal,2026-02-04T10:48:13.291Z,
video,10246,1,video#10246 评论 3：案例很贴近实际，学完能直接上手。,7,normal,2026-01-27T10:48:13.291Z,
video,10246,2,video#10246 评论 4：希望后续更新更多进阶内容。,5,normal,2026-01-29T10:48:13.291Z,
video,10247,3,video#10247 评论 1：这节课讲得很清楚，重点很明确。,7,normal,2026-02-04T10:48:13.291Z,
video,10247,4,video#10247 评论 2：如果能加配套资料就更好了。,2,normal,2026-02-01T10:48:13.291Z,
video,10247,5,video#10247 评论 3：讲师讲解很细，适合零基础。,6,normal,2026-01-23T10:48:13.291Z,
video,10247,6,video#10247 评论 4：如果能加配套资料就更好了。,7,normal,2026-01-26T10:48:13.291Z,
video,10248,1,video#10248 评论 1：案例很贴近实际，学完能直接上手。,0,normal,2026-01-28T10:48:13.291Z,
video,10248,2,video#10248 评论 2：重点知识点总结得不错，复习方便。,6,normal,2026-01-24T10:48:13.291Z,
video,10248,3,video#10248 评论 3：课程结构清晰，学习路线明了。,1,normal,2026-01-23T10:48:13.291Z,
video,10248,4,video#10248 评论 4：案例很贴近实际，学完能直接上手。,1,normal,2026-01-28T10:48:13.291Z,
video,10249,5,video#10249 评论 1：课程结构清晰，学习路线明了。,3,normal,2026-02-04T10:48:13.291Z,
video,10249,6,video#10249 评论 2：内容有深度但不晦涩，体验很好。,7,normal,2026-02-01T10:48:13.291Z,
video,10249,1,video#10249 评论 3：课程结构清晰，学习路线明了。,7,normal,2026-01-26T10:48:13.291Z,
video,10249,2,video#10249 评论 4：希望后续更新更多进阶内容。,7,normal,2026-01-28T10:48:13.291Z,
video,10250,3,video#10250 评论 1：这节课讲得很清楚，重点很明确。,6,normal,2026-01-31T10:48:13.291Z,
video,10250,4,video#10250 评论 2：希望后续更新更多进阶内容。,6,normal,2026-02-02T10:48:13.292Z,
video,10250,5,video#10250 评论 3：案例很贴近实际，学完能直接上手。,4,normal,2026-01-25T10:48:13.292Z,
video,10250,6,video#10250 评论 4：如果能加配套资料就更好了。,7,normal,2026-01-29T10:48:13.292Z,
video,10251,1,video#10251 评论 1：节奏刚好，建议再补充一点练习题。,0,normal,2026-01-30T10:48:13.292Z,
video,10251,2,video#10251 评论 2：实例讲解很实用，收藏了。,2,normal,2026-02-02T10:48:13.292Z,
video,10251,3,video#10251 评论 3：讲师讲解很细，适合零基础。,1,normal,2026-01-27T10:48:13.292Z,
video,10251,4,video#10251 评论 4：内容有深度但不晦涩，体验很好。,6,normal,2026-02-03T10:48:13.292Z,
video,10252,5,video#10252 评论 1：讲师讲解很细，适合零基础。,6,normal,2026-02-04T10:48:13.292Z,
video,10252,6,video#10252 评论 2：讲师讲解很细，适合零基础。,3,normal,2026-01-29T10:48:13.292Z,
video,10252,1,video#10252 评论 3：课程结构清晰，学习路线明了。,6,normal,2026-01-24T10:48:13.292Z,
video,10252,2,video#10252 评论 4：节奏刚好，建议再补充一点练习题。,5,normal,2026-01-23T10:48:13.292Z,
video,10253,3,video#10253 评论 1：重点知识点总结得不错，复习方便。,0,normal,2026-01-23T10:48:13.292Z,
video,10253,4,video#10253 评论 2：实例讲解很实用，收藏了。,1,normal,2026-01-30T10:48:13.292Z,
video,10253,5,video#10253 评论 3：如果能加配套资料就更好了。,0,normal,2026-01-29T10:48:13.292Z,
video,10253,6,video#10253 评论 4：重点知识点总结得不错，复习方便。,3,normal,2026-01-31T10:48:13.292Z,
video,10254,1,video#10254 评论 1：希望后续更新更多进阶内容。,1,normal,2026-02-01T10:48:13.292Z,
video,10254,2,video#10254 评论 2：这节课讲得很清楚，重点很明确。,5,normal,2026-01-29T10:48:13.292Z,
video,10254,3,video#10254 评论 3：案例很贴近实际，学完能直接上手。,5,normal,2026-01-25T10:48:13.292Z,
video,10254,4,video#10254 评论 4：案例很贴近实际，学完能直接上手。,7,normal,2026-02-01T10:48:13.292Z,
video,10255,5,video#10255 评论 1：希望后续更新更多进阶内容。,4,normal,2026-01-24T10:48:13.292Z,
video,10255,6,video#10255 评论 2：这节课讲得很清楚，重点很明确。,0,normal,2026-01-31T10:48:13.292Z,
video,10255,1,video#10255 评论 3：重点知识点总结得不错，复习方便。,5,normal,2026-01-31T10:48:13.292Z,
video,10255,2,video#10255 评论 4：讲师讲解很细，适合零基础。,4,normal,2026-01-31T10:48:13.292Z,
video,10256,3,video#10256 评论 1：如果能加配套资料就更好了。,0,normal,2026-01-24T10:48:13.292Z,
video,10256,4,video#10256 评论 2：希望后续更新更多进阶内容。,3,normal,2026-01-30T10:48:13.292Z,
video,10256,5,video#10256 评论 3：如果能加配套资料就更好了。,2,normal,2026-02-03T10:48:13.292Z,
video,10256,6,video#10256 评论 4：内容有深度但不晦涩，体验很好。,6,normal,2026-01-26T10:48:13.292Z,
video,10257,1,video#10257 评论 1：课程结构清晰，学习路线明了。,0,normal,2026-01-24T10:48:13.292Z,
video,10257,2,video#10257 评论 2：实例讲解很实用，收藏了。,6,normal,2026-01-27T10:48:13.292Z,
video,10257,3,video#10257 评论 3：重点知识点总结得不错，复习方便。,3,normal,2026-01-24T10:48:13.292Z,
video,10257,4,video#10257 评论 4：案例很贴近实际，学完能直接上手。,1,normal,2026-01-29T10:48:13.292Z,
video,10258,5,video#10258 评论 1：重点知识点总结得不错，复习方便。,6,normal,2026-01-29T10:48:13.292Z,
video,10258,6,video#10258 评论 2：讲师讲解很细，适合零基础。,4,normal,2026-02-03T10:48:13.292Z,
video,10258,1,video#10258 评论 3：这节课讲得很清楚，重点很明确。,0,normal,2026-01-24T10:48:13.292Z,
video,10258,2,video#10258 评论 4：课程结构清晰，学习路线明了。,6,normal,2026-01-22T10:48:13.292Z,
video,10259,3,video#10259 评论 1：实例讲解很实用，收藏了。,0,normal,2026-02-03T10:48:13.292Z,
video,10259,4,video#10259 评论 2：这节课讲得很清楚，重点很明确。,2,normal,2026-02-01T10:48:13.292Z,
video,10259,5,video#10259 评论 3：课程结构清晰，学习路线明了。,2,normal,2026-01-23T10:48:13.292Z,
video,10259,6,video#10259 评论 4：这节课讲得很清楚，重点很明确。,0,normal,2026-01-23T10:48:13.292Z,
video,10260,1,video#10260 评论 1：节奏刚好，建议再补充一点练习题。,3,normal,2026-01-25T10:48:13.292Z,
video,10260,2,video#10260 评论 2：实例讲解很实用，收藏了。,1,normal,2026-02-03T10:48:13.292Z,
video,10260,3,video#10260 评论 3：节奏刚好，建议再补充一点练习题。,7,normal,2026-01-22T10:48:13.292Z,
video,10260,4,video#10260 评论 4：实例讲解很实用，收藏了。,3,normal,2026-01-25T10:48:13.292Z,
video,10261,5,video#10261 评论 1：节奏刚好，建议再补充一点练习题。,3,normal,2026-01-25T10:48:13.292Z,
video,10261,6,video#10261 评论 2：希望后续更新更多进阶内容。,0,normal,2026-02-04T10:48:13.292Z,
video,10261,1,video#10261 评论 3：节奏刚好，建议再补充一点练习题。,2,normal,2026-01-28T10:48:13.292Z,
video,10261,2,video#10261 评论 4：实例讲解很实用，收藏了。,6,normal,2026-01-22T10:48:13.292Z,
video,10262,3,video#10262 评论 1：案例很贴近实际，学完能直接上手。,3,normal,2026-02-03T10:48:13.292Z,
video,10262,4,video#10262 评论 2：希望后续更新更多进阶内容。,0,normal,2026-02-03T10:48:13.292Z,
video,10262,5,video#10262 评论 3：节奏刚好，建议再补充一点练习题。,0,normal,2026-01-26T10:48:13.292Z,
video,10262,6,video#10262 评论 4：希望后续更新更多进阶内容。,4,normal,2026-01-30T10:48:13.292Z,
video,10263,1,video#10263 评论 1：讲师讲解很细，适合零基础。,2,normal,2026-01-26T10:48:13.292Z,
video,10263,2,video#10263 评论 2：节奏刚好，建议再补充一点练习题。,6,normal,2026-02-03T10:48:13.292Z,
video,10263,3,video#10263 评论 3：内容有深度但不晦涩，体验很好。,5,normal,2026-02-04T10:48:13.292Z,
video,10263,4,video#10263 评论 4：这节课讲得很清楚，重点很明确。,1,normal,2026-02-03T10:48:13.292Z,
video,10264,5,video#10264 评论 1：课程结构清晰，学习路线明了。,5,normal,2026-01-27T10:48:13.292Z,
video,10264,6,video#10264 评论 2：节奏刚好，建议再补充一点练习题。,6,normal,2026-01-31T10:48:13.292Z,
video,10264,1,video#10264 评论 3：如果能加配套资料就更好了。,3,normal,2026-01-27T10:48:13.292Z,
video,10264,2,video#10264 评论 4：讲师讲解很细，适合零基础。,1,normal,2026-02-03T10:48:13.292Z,
video,10265,3,video#10265 评论 1：案例很贴近实际，学完能直接上手。,3,normal,2026-01-25T10:48:13.292Z,
video,10265,4,video#10265 评论 2：希望后续更新更多进阶内容。,2,normal,2026-01-24T10:48:13.292Z,
video,10265,5,video#10265 评论 3：希望后续更新更多进阶内容。,0,normal,2026-01-27T10:48:13.292Z,
video,10265,6,video#10265 评论 4：课程结构清晰，学习路线明了。,7,normal,2026-02-02T10:48:13.292Z,
video,10266,1,video#10266 评论 1：讲师讲解很细，适合零基础。,0,normal,2026-02-03T10:48:13.292Z,
video,10266,2,video#10266 评论 2：这节课讲得很清楚，重点很明确。,7,normal,2026-01-30T10:48:13.292Z,
video,10266,3,video#10266 评论 3：节奏刚好，建议再补充一点练习题。,0,normal,2026-02-03T10:48:13.292Z,
video,10266,4,video#10266 评论 4：这节课讲得很清楚，重点很明确。,0,normal,2026-01-25T10:48:13.292Z,
video,10267,5,video#10267 评论 1：重点知识点总结得不错，复习方便。,7,normal,2026-01-31T10:48:13.292Z,
video,10267,6,video#10267 评论 2：实例讲解很实用，收藏了。,6,normal,2026-01-30T10:48:13.292Z,
video,10267,1,video#10267 评论 3：讲师讲解很细，适合零基础。,4,normal,2026-01-25T10:48:13.292Z,
video,10267,2,video#10267 评论 4：希望后续更新更多进阶内容。,7,normal,2026-01-30T10:48:13.292Z,
video,10268,3,video#10268 评论 1：案例很贴近实际，学完能直接上手。,4,normal,2026-01-31T10:48:13.292Z,
video,10268,4,video#10268 评论 2：希望后续更新更多进阶内容。,6,normal,2026-01-22T10:48:13.292Z,
video,10268,5,video#10268 评论 3：课程结构清晰，学习路线明了。,4,normal,2026-01-31T10:48:13.292Z,
video,10268,6,video#10268 评论 4：这节课讲得很清楚，重点很明确。,5,normal,2026-01-22T10:48:13.292Z,
video,10269,1,video#10269 评论 1：如果能加配套资料就更好了。,5,normal,2026-01-22T10:48:13.292Z,
video,10269,2,video#10269 评论 2：课程结构清晰，学习路线明了。,7,normal,2026-01-24T10:48:13.292Z,
video,10269,3,video#10269 评论 3：这节课讲得很清楚，重点很明确。,5,normal,2026-02-02T10:48:13.292Z,
video,10269,4,video#10269 评论 4：课程结构清晰，学习路线明了。,0,normal,2026-02-03T10:48:13.292Z,
video,10270,5,video#10270 评论 1：这节课讲得很清楚，重点很明确。,1,normal,2026-01-29T10:48:13.292Z,
video,10270,6,video#10270 评论 2：希望后续更新更多进阶内容。,2,normal,2026-01-29T10:48:13.292Z,
video,10270,1,video#10270 评论 3：讲师讲解很细，适合零基础。,4,normal,2026-01-29T10:48:13.292Z,
video,10270,2,video#10270 评论 4：这节课讲得很清楚，重点很明确。,2,normal,2026-01-27T10:48:13.292Z,
video,10271,3,video#10271 评论 1：节奏刚好，建议再补充一点练习题。,6,normal,2026-01-27T10:48:13.292Z,
video,10271,4,video#10271 评论 2：如果能加配套资料就更好了。,5,normal,2026-01-31T10:48:13.292Z,
video,10271,5,video#10271 评论 3：讲师讲解很细，适合零基础。,7,normal,2026-02-04T10:48:13.292Z,
video,10271,6,video#10271 评论 4：案例很贴近实际，学完能直接上手。,3,normal,2026-02-01T10:48:13.292Z,
video,10272,1,video#10272 评论 1：节奏刚好，建议再补充一点练习题。,0,normal,2026-02-01T10:48:13.292Z,
video,10272,2,video#10272 评论 2：课程结构清晰，学习路线明了。,6,normal,2026-01-25T10:48:13.292Z,
video,10272,3,video#10272 评论 3：案例很贴近实际，学完能直接上手。,1,normal,2026-01-31T10:48:13.292Z,
video,10272,4,video#10272 评论 4：如果能加配套资料就更好了。,3,normal,2026-02-02T10:48:13.292Z,
video,10273,5,video#10273 评论 1：希望后续更新更多进阶内容。,6,normal,2026-01-22T10:48:13.292Z,
video,10273,6,video#10273 评论 2：讲师讲解很细，适合零基础。,4,normal,2026-01-27T10:48:13.292Z,
video,10273,1,video#10273 评论 3：这节课讲得很清楚，重点很明确。,7,normal,2026-01-26T10:48:13.292Z,
video,10273,2,video#10273 评论 4：如果能加配套资料就更好了。,4,normal,2026-01-23T10:48:13.292Z,
video,10274,3,video#10274 评论 1：这节课讲得很清楚，重点很明确。,7,normal,2026-02-03T10:48:13.292Z,
video,10274,4,video#10274 评论 2：节奏刚好，建议再补充一点练习题。,5,normal,2026-01-23T10:48:13.292Z,
video,10274,5,video#10274 评论 3：这节课讲得很清楚，重点很明确。,0,normal,2026-02-02T10:48:13.292Z,
video,10274,6,video#10274 评论 4：重点知识点总结得不错，复习方便。,4,normal,2026-01-29T10:48:13.292Z,
video,10275,1,video#10275 评论 1：课程结构清晰，学习路线明了。,5,normal,2026-01-29T10:48:13.292Z,
video,10275,2,video#10275 评论 2：节奏刚好，建议再补充一点练习题。,2,normal,2026-01-30T10:48:13.292Z,
video,10275,3,video#10275 评论 3：希望后续更新更多进阶内容。,7,normal,2026-01-28T10:48:13.292Z,
video,10275,4,video#10275 评论 4：实例讲解很实用，收藏了。,6,normal,2026-02-03T10:48:13.292Z,
video,10276,5,video#10276 评论 1：课程结构清晰，学习路线明了。,5,normal,2026-01-23T10:48:13.292Z,
video,10276,6,video#10276 评论 2：案例很贴近实际，学完能直接上手。,0,normal,2026-02-03T10:48:13.292Z,
video,10276,1,video#10276 评论 3：这节课讲得很清楚，重点很明确。,3,normal,2026-01-25T10:48:13.292Z,
video,10276,2,video#10276 评论 4：如果能加配套资料就更好了。,2,normal,2026-01-26T10:48:13.292Z,
video,10277,3,video#10277 评论 1：节奏刚好，建议再补充一点练习题。,4,normal,2026-01-22T10:48:13.292Z,
video,10277,4,video#10277 评论 2：希望后续更新更多进阶内容。,7,normal,2026-01-26T10:48:13.292Z,
video,10277,5,video#10277 评论 3：如果能加配套资料就更好了。,1,normal,2026-01-31T10:48:13.292Z,
video,10277,6,video#10277 评论 4：课程结构清晰，学习路线明了。,6,normal,2026-01-31T10:48:13.292Z,
video,10278,1,video#10278 评论 1：讲师讲解很细，适合零基础。,3,normal,2026-02-02T10:48:13.292Z,
video,10278,2,video#10278 评论 2：重点知识点总结得不错，复习方便。,7,normal,2026-01-29T10:48:13.292Z,
video,10278,3,video#10278 评论 3：希望后续更新更多进阶内容。,2,normal,2026-01-29T10:48:13.292Z,
video,10278,4,video#10278 评论 4：希望后续更新更多进阶内容。,7,normal,2026-01-29T10:48:13.292Z,
video,10279,5,video#10279 评论 1：这节课讲得很清楚，重点很明确。,4,normal,2026-01-31T10:48:13.292Z,
video,10279,6,video#10279 评论 2：课程结构清晰，学习路线明了。,1,normal,2026-01-24T10:48:13.292Z,
video,10279,1,video#10279 评论 3：案例很贴近实际，学完能直接上手。,2,normal,2026-02-02T10:48:13.292Z,
video,10279,2,video#10279 评论 4：讲师讲解很细，适合零基础。,2,normal,2026-01-25T10:48:13.292Z,
video,10280,3,video#10280 评论 1：讲师讲解很细，适合零基础。,3,normal,2026-01-27T10:48:13.292Z,
video,10280,4,video#10280 评论 2：希望后续更新更多进阶内容。,7,normal,2026-02-04T10:48:13.292Z,
video,10280,5,video#10280 评论 3：实例讲解很实用，收藏了。,5,normal,2026-01-23T10:48:13.292Z,
video,10280,6,video#10280 评论 4：重点知识点总结得不错，复习方便。,7,normal,2026-01-24T10:48:13.292Z,
video,10281,1,video#10281 评论 1：课程结构清晰，学习路线明了。,0,normal,2026-01-31T10:48:13.292Z,
video,10281,2,video#10281 评论 2：重点知识点总结得不错，复习方便。,2,normal,2026-02-02T10:48:13.292Z,
video,10281,3,video#10281 评论 3：案例很贴近实际，学完能直接上手。,3,normal,2026-01-26T10:48:13.292Z,
video,10281,4,video#10281 评论 4：案例很贴近实际，学完能直接上手。,4,normal,2026-02-03T10:48:13.292Z,
video,10282,5,video#10282 评论 1：希望后续更新更多进阶内容。,0,normal,2026-01-31T10:48:13.292Z,
video,10282,6,video#10282 评论 2：希望后续更新更多进阶内容。,5,normal,2026-01-26T10:48:13.292Z,
video,10282,1,video#10282 评论 3：案例很贴近实际，学完能直接上手。,0,normal,2026-01-29T10:48:13.292Z,
video,10282,2,video#10282 评论 4：希望后续更新更多进阶内容。,1,normal,2026-02-02T10:48:13.292Z,
video,10283,3,video#10283 评论 1：课程结构清晰，学习路线明了。,5,normal,2026-01-22T10:48:13.292Z,
video,10283,4,video#10283 评论 2：节奏刚好，建议再补充一点练习题。,6,normal,2026-01-28T10:48:13.292Z,
video,10283,5,video#10283 评论 3：这节课讲得很清楚，重点很明确。,3,normal,2026-02-03T10:48:13.292Z,
video,10283,6,video#10283 评论 4：内容有深度但不晦涩，体验很好。,5,normal,2026-01-28T10:48:13.292Z,
video,10284,1,video#10284 评论 1：节奏刚好，建议再补充一点练习题。,0,normal,2026-02-02T10:48:13.292Z,
video,10284,2,video#10284 评论 2：如果能加配套资料就更好了。,6,normal,2026-01-25T10:48:13.292Z,
video,10284,3,video#10284 评论 3：实例讲解很实用，收藏了。,1,normal,2026-01-22T10:48:13.292Z,
video,10284,4,video#10284 评论 4：如果能加配套资料就更好了。,4,normal,2026-02-04T10:48:13.292Z,
video,10285,5,video#10285 评论 1：课程结构清晰，学习路线明了。,4,normal,2026-02-02T10:48:13.292Z,
video,10285,6,video#10285 评论 2：内容有深度但不晦涩，体验很好。,3,normal,2026-01-30T10:48:13.292Z,
video,10285,1,video#10285 评论 3：案例很贴近实际，学完能直接上手。,6,normal,2026-02-03T10:48:13.292Z,
video,10285,2,video#10285 评论 4：如果能加配套资料就更好了。,5,normal,2026-01-28T10:48:13.292Z,
video,10286,3,video#10286 评论 1：重点知识点总结得不错，复习方便。,2,normal,2026-02-04T10:48:13.292Z,
video,10286,4,video#10286 评论 2：节奏刚好，建议再补充一点练习题。,0,normal,2026-01-29T10:48:13.292Z,
video,10286,5,video#10286 评论 3：案例很贴近实际，学完能直接上手。,4,normal,2026-01-25T10:48:13.292Z,
video,10286,6,video#10286 评论 4：讲师讲解很细，适合零基础。,3,normal,2026-01-25T10:48:13.292Z,
video,10287,1,video#10287 评论 1：如果能加配套资料就更好了。,4,normal,2026-01-28T10:48:13.292Z,
video,10287,2,video#10287 评论 2：希望后续更新更多进阶内容。,6,normal,2026-01-23T10:48:13.292Z,
video,10287,3,video#10287 评论 3：案例很贴近实际，学完能直接上手。,4,normal,2026-02-02T10:48:13.292Z,
video,10287,4,video#10287 评论 4：实例讲解很实用，收藏了。,6,normal,2026-01-25T10:48:13.292Z,
video,10288,5,video#10288 评论 1：课程结构清晰，学习路线明了。,0,normal,2026-01-30T10:48:13.292Z,
video,10288,6,video#10288 评论 2：实例讲解很实用，收藏了。,7,normal,2026-02-01T10:48:13.292Z,
video,10288,1,video#10288 评论 3：这节课讲得很清楚，重点很明确。,1,normal,2026-01-28T10:48:13.292Z,
video,10288,2,video#10288 评论 4：节奏刚好，建议再补充一点练习题。,5,normal,2026-02-01T10:48:13.292Z,
video,10289,3,video#10289 评论 1：案例很贴近实际，学完能直接上手。,0,normal,2026-01-30T10:48:13.292Z,
video,10289,4,video#10289 评论 2：实例讲解很实用，收藏了。,0,normal,2026-01-24T10:48:13.292Z,
video,10289,5,video#10289 评论 3：节奏刚好，建议再补充一点练习题。,6,normal,2026-01-30T10:48:13.292Z,
video,10289,6,video#10289 评论 4：希望后续更新更多进阶内容。,0,normal,2026-02-01T10:48:13.292Z,
video,10290,1,video#10290 评论 1：案例很贴近实际，学完能直接上手。,7,normal,2026-01-24T10:48:13.292Z,
video,10290,2,video#10290 评论 2：这节课讲得很清楚，重点很明确。,6,normal,2026-02-04T10:48:13.292Z,
video,10290,3,video#10290 评论 3：节奏刚好，建议再补充一点练习题。,1,normal,2026-01-31T10:48:13.292Z,
video,10290,4,video#10290 评论 4：这节课讲得很清楚，重点很明确。,6,normal,2026-01-27T10:48:13.292Z,
video,10291,5,video#10291 评论 1：希望后续更新更多进阶内容。,7,normal,2026-02-04T10:48:13.292Z,
video,10291,6,video#10291 评论 2：希望后续更新更多进阶内容。,6,normal,2026-01-22T10:48:13.292Z,
video,10291,1,video#10291 评论 3：讲师讲解很细，适合零基础。,3,normal,2026-02-04T10:48:13.292Z,
video,10291,2,video#10291 评论 4：案例很贴近实际，学完能直接上手。,2,normal,2026-01-27T10:48:13.292Z,
video,10292,3,video#10292 评论 1：课程结构清晰，学习路线明了。,2,normal,2026-02-04T10:48:13.292Z,
video,10292,4,video#10292 评论 2：重点知识点总结得不错，复习方便。,2,normal,2026-01-27T10:48:13.292Z,
video,10292,5,video#10292 评论 3：内容有深度但不晦涩，体验很好。,2,normal,2026-02-04T10:48:13.292Z,
video,10292,6,video#10292 评论 4：希望后续更新更多进阶内容。,4,normal,2026-01-28T10:48:13.292Z,
video,10293,1,video#10293 评论 1：这节课讲得很清楚，重点很明确。,1,normal,2026-01-30T10:48:13.292Z,
video,10293,2,video#10293 评论 2：内容有深度但不晦涩，体验很好。,3,normal,2026-01-31T10:48:13.292Z,
video,10293,3,video#10293 评论 3：讲师讲解很细，适合零基础。,3,normal,2026-01-27T10:48:13.292Z,
video,10293,4,video#10293 评论 4：案例很贴近实际，学完能直接上手。,3,normal,2026-01-24T10:48:13.292Z,
video,10294,5,video#10294 评论 1：节奏刚好，建议再补充一点练习题。,3,normal,2026-01-25T10:48:13.292Z,
video,10294,6,video#10294 评论 2：如果能加配套资料就更好了。,0,normal,2026-01-26T10:48:13.292Z,
video,10294,1,video#10294 评论 3：课程结构清晰，学习路线明了。,2,normal,2026-02-01T10:48:13.292Z,
video,10294,2,video#10294 评论 4：重点知识点总结得不错，复习方便。,7,normal,2026-02-03T10:48:13.292Z,
video,10295,3,video#10295 评论 1：这节课讲得很清楚，重点很明确。,5,normal,2026-01-30T10:48:13.292Z,
video,10295,4,video#10295 评论 2：内容有深度但不晦涩，体验很好。,2,normal,2026-01-25T10:48:13.292Z,
video,10295,5,video#10295 评论 3：如果能加配套资料就更好了。,1,normal,2026-01-25T10:48:13.292Z,
video,10295,6,video#10295 评论 4：希望后续更新更多进阶内容。,7,normal,2026-01-24T10:48:13.292Z,
video,10296,1,video#10296 评论 1：节奏刚好，建议再补充一点练习题。,0,normal,2026-01-26T10:48:13.292Z,
video,10296,2,video#10296 评论 2：案例很贴近实际，学完能直接上手。,7,normal,2026-01-27T10:48:13.292Z,
video,10296,3,video#10296 评论 3：实例讲解很实用，收藏了。,3,normal,2026-02-01T10:48:13.292Z,
video,10296,4,video#10296 评论 4：如果能加配套资料就更好了。,3,normal,2026-02-03T10:48:13.292Z,
video,10297,5,video#10297 评论 1：希望后续更新更多进阶内容。,5,normal,2026-01-31T10:48:13.292Z,
video,10297,6,video#10297 评论 2：实例讲解很实用，收藏了。,4,normal,2026-02-02T10:48:13.292Z,
video,10297,1,video#10297 评论 3：如果能加配套资料就更好了。,2,normal,2026-01-26T10:48:13.292Z,
video,10297,2,video#10297 评论 4：如果能加配套资料就更好了。,4,normal,2026-01-31T10:48:13.292Z,
video,10298,3,video#10298 评论 1：希望后续更新更多进阶内容。,6,normal,2026-01-25T10:48:13.292Z,
video,10298,4,video#10298 评论 2：讲师讲解很细，适合零基础。,4,normal,2026-02-02T10:48:13.292Z,
video,10298,5,video#10298 评论 3：课程结构清晰，学习路线明了。,5,normal,2026-01-30T10:48:13.292Z,
video,10298,6,video#10298 评论 4：课程结构清晰，学习路线明了。,6,normal,2026-01-22T10:48:13.292Z,
video,10299,1,video#10299 评论 1：如果能加配套资料就更好了。,6,normal,2026-01-29T10:48:13.292Z,
video,10299,2,video#10299 评论 2：这节课讲得很清楚，重点很明确。,2,normal,2026-01-27T10:48:13.292Z,
video,10299,3,video#10299 评论 3：重点知识点总结得不错，复习方便。,4,normal,2026-02-01T10:48:13.292Z,
video,10299,4,video#10299 评论 4：案例很贴近实际，学完能直接上手。,6,normal,2026-01-25T10:48:13.292Z,
video,10300,5,video#10300 评论 1：课程结构清晰，学习路线明了。,3,normal,2026-01-27T10:48:13.292Z,
video,10300,6,video#10300 评论 2：这节课讲得很清楚，重点很明确。,3,normal,2026-01-27T10:48:13.292Z,
video,10300,1,video#10300 评论 3：希望后续更新更多进阶内容。,0,normal,2026-01-23T10:48:13.292Z,
video,10300,2,video#10300 评论 4：希望后续更新更多进阶内容。,7,normal,2026-01-31T10:48:13.292Z,
video,10301,3,video#10301 评论 1：希望后续更新更多进阶内容。,7,normal,2026-02-02T10:48:13.292Z,
video,10301,4,video#10301 评论 2：重点知识点总结得不错，复习方便。,5,normal,2026-01-28T10:48:13.292Z,
video,10301,5,video#10301 评论 3：课程结构清晰，学习路线明了。,7,normal,2026-02-04T10:48:13.292Z,
video,10301,6,video#10301 评论 4：实例讲解很实用，收藏了。,2,normal,2026-02-01T10:48:13.292Z,
video,10302,1,video#10302 评论 1：重点知识点总结得不错，复习方便。,2,normal,2026-02-02T10:48:13.292Z,
video,10302,2,video#10302 评论 2：讲师讲解很细，适合零基础。,3,normal,2026-01-26T10:48:13.292Z,
video,10302,3,video#10302 评论 3：这节课讲得很清楚，重点很明确。,4,normal,2026-01-22T10:48:13.292Z,
video,10302,4,video#10302 评论 4：实例讲解很实用，收藏了。,2,normal,2026-02-02T10:48:13.292Z,
video,10303,5,video#10303 评论 1：课程结构清晰，学习路线明了。,6,normal,2026-01-31T10:48:13.292Z,
video,10303,6,video#10303 评论 2：讲师讲解很细，适合零基础。,6,normal,2026-01-27T10:48:13.292Z,
video,10303,1,video#10303 评论 3：实例讲解很实用，收藏了。,4,normal,2026-01-28T10:48:13.292Z,
video,10303,2,video#10303 评论 4：案例很贴近实际，学完能直接上手。,3,normal,2026-01-22T10:48:13.292Z,
video,10304,3,video#10304 评论 1：实例讲解很实用，收藏了。,5,normal,2026-01-28T10:48:13.292Z,
video,10304,4,video#10304 评论 2：案例很贴近实际，学完能直接上手。,5,normal,2026-01-25T10:48:13.292Z,
video,10304,5,video#10304 评论 3：节奏刚好，建议再补充一点练习题。,0,normal,2026-01-25T10:48:13.292Z,
video,10304,6,video#10304 评论 4：希望后续更新更多进阶内容。,6,normal,2026-02-02T10:48:13.292Z,
video,10305,1,video#10305 评论 1：案例很贴近实际，学完能直接上手。,4,normal,2026-02-03T10:48:13.292Z,
video,10305,2,video#10305 评论 2：希望后续更新更多进阶内容。,1,normal,2026-01-27T10:48:13.292Z,
video,10305,3,video#10305 评论 3：课程结构清晰，学习路线明了。,7,normal,2026-02-04T10:48:13.292Z,
video,10305,4,video#10305 评论 4：案例很贴近实际，学完能直接上手。,5,normal,2026-01-27T10:48:13.292Z,
video,10306,5,video#10306 评论 1：课程结构清晰，学习路线明了。,3,normal,2026-02-04T10:48:13.292Z,
video,10306,6,video#10306 评论 2：节奏刚好，建议再补充一点练习题。,6,normal,2026-02-03T10:48:13.292Z,
video,10306,1,video#10306 评论 3：重点知识点总结得不错，复习方便。,3,normal,2026-02-01T10:48:13.292Z,
video,10306,2,video#10306 评论 4：如果能加配套资料就更好了。,1,normal,2026-02-02T10:48:13.292Z,
video,10307,3,video#10307 评论 1：实例讲解很实用，收藏了。,5,normal,2026-01-22T10:48:13.292Z,
video,10307,4,video#10307 评论 2：重点知识点总结得不错，复习方便。,3,normal,2026-02-02T10:48:13.292Z,
video,10307,5,video#10307 评论 3：实例讲解很实用，收藏了。,6,normal,2026-02-03T10:48:13.292Z,
video,10307,6,video#10307 评论 4：如果能加配套资料就更好了。,0,normal,2026-01-27T10:48:13.292Z,
video,10308,1,video#10308 评论 1：讲师讲解很细，适合零基础。,4,normal,2026-01-25T10:48:13.292Z,
video,10308,2,video#10308 评论 2：讲师讲解很细，适合零基础。,1,normal,2026-01-25T10:48:13.292Z,
video,10308,3,video#10308 评论 3：实例讲解很实用，收藏了。,3,normal,2026-01-23T10:48:13.292Z,
video,10308,4,video#10308 评论 4：内容有深度但不晦涩，体验很好。,1,normal,2026-02-02T10:48:13.292Z,
video,10309,5,video#10309 评论 1：节奏刚好，建议再补充一点练习题。,3,normal,2026-01-28T10:48:13.292Z,
video,10309,6,video#10309 评论 2：案例很贴近实际，学完能直接上手。,3,normal,2026-02-04T10:48:13.292Z,
video,10309,1,video#10309 评论 3：课程结构清晰，学习路线明了。,7,normal,2026-02-02T10:48:13.292Z,
video,10309,2,video#10309 评论 4：希望后续更新更多进阶内容。,4,normal,2026-01-30T10:48:13.292Z,
video,10310,3,video#10310 评论 1：如果能加配套资料就更好了。,3,normal,2026-02-02T10:48:13.292Z,
video,10310,4,video#10310 评论 2：希望后续更新更多进阶内容。,3,normal,2026-01-25T10:48:13.292Z,
video,10310,5,video#10310 评论 3：实例讲解很实用，收藏了。,6,normal,2026-01-28T10:48:13.292Z,
video,10310,6,video#10310 评论 4：实例讲解很实用，收藏了。,3,normal,2026-02-04T10:48:13.292Z,
video,10311,1,video#10311 评论 1：讲师讲解很细，适合零基础。,7,normal,2026-02-04T10:48:13.292Z,
video,10311,2,video#10311 评论 2：内容有深度但不晦涩，体验很好。,3,normal,2026-01-25T10:48:13.292Z,
video,10311,3,video#10311 评论 3：希望后续更新更多进阶内容。,4,normal,2026-01-28T10:48:13.292Z,
video,10311,4,video#10311 评论 4：讲师讲解很细，适合零基础。,4,normal,2026-01-22T10:48:13.292Z,
video,10312,5,video#10312 评论 1：重点知识点总结得不错，复习方便。,4,normal,2026-01-23T10:48:13.292Z,
video,10312,6,video#10312 评论 2：如果能加配套资料就更好了。,3,normal,2026-01-28T10:48:13.292Z,
video,10312,1,video#10312 评论 3：课程结构清晰，学习路线明了。,3,normal,2026-02-01T10:48:13.292Z,
video,10312,2,video#10312 评论 4：如果能加配套资料就更好了。,0,normal,2026-01-31T10:48:13.292Z,
video,10313,3,video#10313 评论 1：重点知识点总结得不错，复习方便。,0,normal,2026-02-04T10:48:13.292Z,
video,10313,4,video#10313 评论 2：实例讲解很实用，收藏了。,3,normal,2026-01-29T10:48:13.292Z,
video,10313,5,video#10313 评论 3：案例很贴近实际，学完能直接上手。,7,normal,2026-02-04T10:48:13.292Z,
video,10313,6,video#10313 评论 4：如果能加配套资料就更好了。,3,normal,2026-01-27T10:48:13.292Z,
video,10314,1,video#10314 评论 1：案例很贴近实际，学完能直接上手。,4,normal,2026-01-26T10:48:13.292Z,
video,10314,2,video#10314 评论 2：课程结构清晰，学习路线明了。,7,normal,2026-01-22T10:48:13.292Z,
video,10314,3,video#10314 评论 3：讲师讲解很细，适合零基础。,3,normal,2026-01-25T10:48:13.292Z,
video,10314,4,video#10314 评论 4：讲师讲解很细，适合零基础。,3,normal,2026-01-23T10:48:13.292Z,
video,10315,5,video#10315 评论 1：内容有深度但不晦涩，体验很好。,2,normal,2026-01-27T10:48:13.292Z,
video,10315,6,video#10315 评论 2：讲师讲解很细，适合零基础。,2,normal,2026-01-22T10:48:13.292Z,
video,10315,1,video#10315 评论 3：实例讲解很实用，收藏了。,2,normal,2026-01-31T10:48:13.292Z,
video,10315,2,video#10315 评论 4：重点知识点总结得不错，复习方便。,2,normal,2026-01-25T10:48:13.292Z,
video,10316,3,video#10316 评论 1：这节课讲得很清楚，重点很明确。,7,normal,2026-01-25T10:48:13.292Z,
video,10316,4,video#10316 评论 2：如果能加配套资料就更好了。,1,normal,2026-01-22T10:48:13.292Z,
video,10316,5,video#10316 评论 3：重点知识点总结得不错，复习方便。,2,normal,2026-01-30T10:48:13.292Z,
video,10316,6,video#10316 评论 4：希望后续更新更多进阶内容。,5,normal,2026-01-30T10:48:13.292Z,
video,10317,1,video#10317 评论 1：节奏刚好，建议再补充一点练习题。,2,normal,2026-01-30T10:48:13.292Z,
video,10317,2,video#10317 评论 2：希望后续更新更多进阶内容。,5,normal,2026-01-24T10:48:13.292Z,
video,10317,3,video#10317 评论 3：讲师讲解很细，适合零基础。,3,normal,2026-01-24T10:48:13.292Z,
video,10317,4,video#10317 评论 4：内容有深度但不晦涩，体验很好。,5,normal,2026-01-27T10:48:13.292Z,
video,10318,5,video#10318 评论 1：内容有深度但不晦涩，体验很好。,6,normal,2026-01-30T10:48:13.292Z,
video,10318,6,video#10318 评论 2：案例很贴近实际，学完能直接上手。,7,normal,2026-01-29T10:48:13.292Z,
video,10318,1,video#10318 评论 3：实例讲解很实用，收藏了。,2,normal,2026-01-29T10:48:13.292Z,
video,10318,2,video#10318 评论 4：这节课讲得很清楚，重点很明确。,6,normal,2026-01-30T10:48:13.292Z,
video,10319,3,video#10319 评论 1：讲师讲解很细，适合零基础。,5,normal,2026-01-29T10:48:13.292Z,
video,10319,4,video#10319 评论 2：重点知识点总结得不错，复习方便。,3,normal,2026-01-28T10:48:13.292Z,
video,10319,5,video#10319 评论 3：课程结构清晰，学习路线明了。,4,normal,2026-01-30T10:48:13.292Z,
video,10319,6,video#10319 评论 4：希望后续更新更多进阶内容。,7,normal,2026-02-02T10:48:13.292Z,
video,10320,1,video#10320 评论 1：希望后续更新更多进阶内容。,5,normal,2026-01-28T10:48:13.292Z,
video,10320,2,video#10320 评论 2：课程结构清晰，学习路线明了。,5,normal,2026-02-02T10:48:13.292Z,
video,10320,3,video#10320 评论 3：节奏刚好，建议再补充一点练习题。,1,normal,2026-02-01T10:48:13.292Z,
video,10320,4,video#10320 评论 4：如果能加配套资料就更好了。,1,normal,2026-01-26T10:48:13.292Z,
video,10321,5,video#10321 评论 1：讲师讲解很细，适合零基础。,0,normal,2026-01-24T10:48:13.292Z,
video,10321,6,video#10321 评论 2：如果能加配套资料就更好了。,1,normal,2026-01-25T10:48:13.292Z,
video,10321,1,video#10321 评论 3：案例很贴近实际，学完能直接上手。,7,normal,2026-01-22T10:48:13.292Z,
video,10321,2,video#10321 评论 4：实例讲解很实用，收藏了。,4,normal,2026-01-22T10:48:13.292Z,
video,10322,3,video#10322 评论 1：希望后续更新更多进阶内容。,0,normal,2026-02-01T10:48:13.292Z,
video,10322,4,video#10322 评论 2：如果能加配套资料就更好了。,6,normal,2026-01-25T10:48:13.292Z,
video,10322,5,video#10322 评论 3：这节课讲得很清楚，重点很明确。,7,normal,2026-01-25T10:48:13.292Z,
video,10322,6,video#10322 评论 4：课程结构清晰，学习路线明了。,3,normal,2026-01-26T10:48:13.292Z,
video,10323,1,video#10323 评论 1：讲师讲解很细，适合零基础。,1,normal,2026-01-31T10:48:13.292Z,
video,10323,2,video#10323 评论 2：希望后续更新更多进阶内容。,3,normal,2026-02-02T10:48:13.292Z,
video,10323,3,video#10323 评论 3：如果能加配套资料就更好了。,2,normal,2026-01-23T10:48:13.292Z,
video,10323,4,video#10323 评论 4：讲师讲解很细，适合零基础。,0,normal,2026-01-27T10:48:13.292Z,
video,10324,5,video#10324 评论 1：这节课讲得很清楚，重点很明确。,2,normal,2026-01-28T10:48:13.292Z,
video,10324,6,video#10324 评论 2：内容有深度但不晦涩，体验很好。,2,normal,2026-01-26T10:48:13.292Z,
video,10324,1,video#10324 评论 3：节奏刚好，建议再补充一点练习题。,4,normal,2026-01-25T10:48:13.292Z,
video,10324,2,video#10324 评论 4：节奏刚好，建议再补充一点练习题。,7,normal,2026-01-29T10:48:13.292Z,
video,10325,3,video#10325 评论 1：实例讲解很实用，收藏了。,4,normal,2026-01-30T10:48:13.292Z,
video,10325,4,video#10325 评论 2：课程结构清晰，学习路线明了。,7,normal,2026-01-26T10:48:13.292Z,
video,10325,5,video#10325 评论 3：这节课讲得很清楚，重点很明确。,0,normal,2026-01-23T10:48:13.292Z,
video,10325,6,video#10325 评论 4：节奏刚好，建议再补充一点练习题。,3,normal,2026-01-26T10:48:13.292Z,
video,10326,1,video#10326 评论 1：讲师讲解很细，适合零基础。,3,normal,2026-01-24T10:48:13.292Z,
video,10326,2,video#10326 评论 2：节奏刚好，建议再补充一点练习题。,3,normal,2026-01-31T10:48:13.292Z,
video,10326,3,video#10326 评论 3：希望后续更新更多进阶内容。,7,normal,2026-01-23T10:48:13.292Z,
video,10326,4,video#10326 评论 4：如果能加配套资料就更好了。,2,normal,2026-01-28T10:48:13.292Z,
video,10327,5,video#10327 评论 1：实例讲解很实用，收藏了。,4,normal,2026-01-30T10:48:13.292Z,
video,10327,6,video#10327 评论 2：这节课讲得很清楚，重点很明确。,7,normal,2026-01-31T10:48:13.292Z,
video,10327,1,video#10327 评论 3：这节课讲得很清楚，重点很明确。,4,normal,2026-02-01T10:48:13.292Z,
video,10327,2,video#10327 评论 4：讲师讲解很细，适合零基础。,3,normal,2026-02-04T10:48:13.292Z,
video,10328,3,video#10328 评论 1：希望后续更新更多进阶内容。,4,normal,2026-01-26T10:48:13.292Z,
video,10328,4,video#10328 评论 2：课程结构清晰，学习路线明了。,1,normal,2026-02-02T10:48:13.292Z,
video,10328,5,video#10328 评论 3：希望后续更新更多进阶内容。,3,normal,2026-01-24T10:48:13.292Z,
video,10328,6,video#10328 评论 4：如果能加配套资料就更好了。,5,normal,2026-02-01T10:48:13.292Z,
video,10329,1,video#10329 评论 1：如果能加配套资料就更好了。,4,normal,2026-01-23T10:48:13.292Z,
video,10329,2,video#10329 评论 2：这节课讲得很清楚，重点很明确。,7,normal,2026-01-24T10:48:13.292Z,
video,10329,3,video#10329 评论 3：重点知识点总结得不错，复习方便。,3,normal,2026-01-26T10:48:13.292Z,
video,10329,4,video#10329 评论 4：节奏刚好，建议再补充一点练习题。,4,normal,2026-01-30T10:48:13.292Z,
video,10330,5,video#10330 评论 1：内容有深度但不晦涩，体验很好。,1,normal,2026-01-25T10:48:13.292Z,
video,10330,6,video#10330 评论 2：如果能加配套资料就更好了。,7,normal,2026-01-25T10:48:13.292Z,
video,10330,1,video#10330 评论 3：希望后续更新更多进阶内容。,0,normal,2026-01-26T10:48:13.292Z,
video,10330,2,video#10330 评论 4：重点知识点总结得不错，复习方便。,4,normal,2026-02-02T10:48:13.292Z,
video,10331,3,video#10331 评论 1：这节课讲得很清楚，重点很明确。,1,normal,2026-02-03T10:48:13.292Z,
video,10331,4,video#10331 评论 2：内容有深度但不晦涩，体验很好。,7,normal,2026-01-29T10:48:13.292Z,
video,10331,5,video#10331 评论 3：案例很贴近实际，学完能直接上手。,3,normal,2026-01-22T10:48:13.292Z,
video,10331,6,video#10331 评论 4：内容有深度但不晦涩，体验很好。,5,normal,2026-02-01T10:48:13.292Z,
video,10332,1,video#10332 评论 1：希望后续更新更多进阶内容。,2,normal,2026-01-22T10:48:13.292Z,
video,10332,2,video#10332 评论 2：内容有深度但不晦涩，体验很好。,5,normal,2026-01-27T10:48:13.292Z,
video,10332,3,video#10332 评论 3：节奏刚好，建议再补充一点练习题。,4,normal,2026-01-24T10:48:13.292Z,
video,10332,4,video#10332 评论 4：课程结构清晰，学习路线明了。,5,normal,2026-01-31T10:48:13.292Z,
video,10333,5,video#10333 评论 1：讲师讲解很细，适合零基础。,1,normal,2026-01-27T10:48:13.292Z,
video,10333,6,video#10333 评论 2：这节课讲得很清楚，重点很明确。,0,normal,2026-02-01T10:48:13.292Z,
video,10333,1,video#10333 评论 3：如果能加配套资料就更好了。,2,normal,2026-01-25T10:48:13.292Z,
video,10333,2,video#10333 评论 4：实例讲解很实用，收藏了。,7,normal,2026-02-04T10:48:13.292Z,
video,10334,3,video#10334 评论 1：希望后续更新更多进阶内容。,2,normal,2026-01-31T10:48:13.292Z,
video,10334,4,video#10334 评论 2：这节课讲得很清楚，重点很明确。,3,normal,2026-01-24T10:48:13.292Z,
video,10334,5,video#10334 评论 3：实例讲解很实用，收藏了。,4,normal,2026-01-26T10:48:13.292Z,
video,10334,6,video#10334 评论 4：案例很贴近实际，学完能直接上手。,7,normal,2026-01-31T10:48:13.292Z,
video,10335,1,video#10335 评论 1：实例讲解很实用，收藏了。,5,normal,2026-01-28T10:48:13.292Z,
video,10335,2,video#10335 评论 2：内容有深度但不晦涩，体验很好。,3,normal,2026-01-30T10:48:13.292Z,
video,10335,3,video#10335 评论 3：节奏刚好，建议再补充一点练习题。,7,normal,2026-01-24T10:48:13.292Z,
video,10335,4,video#10335 评论 4：内容有深度但不晦涩，体验很好。,3,normal,2026-02-04T10:48:13.292Z,
video,10336,5,video#10336 评论 1：这节课讲得很清楚，重点很明确。,6,normal,2026-01-30T10:48:13.292Z,
video,10336,6,video#10336 评论 2：这节课讲得很清楚，重点很明确。,2,normal,2026-01-31T10:48:13.292Z,
video,10336,1,video#10336 评论 3：课程结构清晰，学习路线明了。,4,normal,2026-01-22T10:48:13.292Z,
video,10336,2,video#10336 评论 4：讲师讲解很细，适合零基础。,7,normal,2026-02-02T10:48:13.292Z,
video,10337,3,video#10337 评论 1：节奏刚好，建议再补充一点练习题。,2,normal,2026-01-27T10:48:13.292Z,
video,10337,4,video#10337 评论 2：案例很贴近实际，学完能直接上手。,7,normal,2026-02-02T10:48:13.292Z,
video,10337,5,video#10337 评论 3：希望后续更新更多进阶内容。,0,normal,2026-01-26T10:48:13.292Z,
video,10337,6,video#10337 评论 4：这节课讲得很清楚，重点很明确。,3,normal,2026-01-27T10:48:13.292Z,
video,10338,1,video#10338 评论 1：实例讲解很实用，收藏了。,0,normal,2026-01-27T10:48:13.292Z,
video,10338,2,video#10338 评论 2：内容有深度但不晦涩，体验很好。,3,normal,2026-02-04T10:48:13.292Z,
video,10338,3,video#10338 评论 3：内容有深度但不晦涩，体验很好。,6,normal,2026-01-23T10:48:13.292Z,
video,10338,4,video#10338 评论 4：内容有深度但不晦涩，体验很好。,1,normal,2026-01-28T10:48:13.292Z,
video,10339,5,video#10339 评论 1：讲师讲解很细，适合零基础。,6,normal,2026-01-28T10:48:13.292Z,
video,10339,6,video#10339 评论 2：如果能加配套资料就更好了。,4,normal,2026-02-03T10:48:13.292Z,
video,10339,1,video#10339 评论 3：希望后续更新更多进阶内容。,4,normal,2026-02-01T10:48:13.292Z,
video,10339,2,video#10339 评论 4：重点知识点总结得不错，复习方便。,3,normal,2026-01-23T10:48:13.292Z,
video,10340,3,video#10340 评论 1：内容有深度但不晦涩，体验很好。,6,normal,2026-01-30T10:48:13.292Z,
video,10340,4,video#10340 评论 2：讲师讲解很细，适合零基础。,7,normal,2026-01-24T10:48:13.292Z,
video,10340,5,video#10340 评论 3：节奏刚好，建议再补充一点练习题。,0,normal,2026-02-01T10:48:13.292Z,
video,10340,6,video#10340 评论 4：节奏刚好，建议再补充一点练习题。,5,normal,2026-01-28T10:48:13.292Z,
video,10341,1,video#10341 评论 1：希望后续更新更多进阶内容。,6,normal,2026-02-01T10:48:13.292Z,
video,10341,2,video#10341 评论 2：课程结构清晰，学习路线明了。,2,normal,2026-01-28T10:48:13.292Z,
video,10341,3,video#10341 评论 3：希望后续更新更多进阶内容。,1,normal,2026-01-22T10:48:13.292Z,
video,10341,4,video#10341 评论 4：内容有深度但不晦涩，体验很好。,4,normal,2026-01-31T10:48:13.292Z,
video,10342,5,video#10342 评论 1：讲师讲解很细，适合零基础。,6,normal,2026-01-25T10:48:13.292Z,
video,10342,6,video#10342 评论 2：这节课讲得很清楚，重点很明确。,7,normal,2026-01-23T10:48:13.292Z,
video,10342,1,video#10342 评论 3：课程结构清晰，学习路线明了。,2,normal,2026-02-03T10:48:13.292Z,
video,10342,2,video#10342 评论 4：如果能加配套资料就更好了。,0,normal,2026-01-24T10:48:13.292Z,
video,10343,3,video#10343 评论 1：内容有深度但不晦涩，体验很好。,3,normal,2026-02-02T10:48:13.292Z,
video,10343,4,video#10343 评论 2：讲师讲解很细，适合零基础。,6,normal,2026-02-04T10:48:13.292Z,
video,10343,5,video#10343 评论 3：案例很贴近实际，学完能直接上手。,3,normal,2026-02-02T10:48:13.292Z,
video,10343,6,video#10343 评论 4：如果能加配套资料就更好了。,5,normal,2026-01-31T10:48:13.292Z,
video,10344,1,video#10344 评论 1：重点知识点总结得不错，复习方便。,2,normal,2026-01-28T10:48:13.292Z,
video,10344,2,video#10344 评论 2：课程结构清晰，学习路线明了。,7,normal,2026-02-03T10:48:13.292Z,
video,10344,3,video#10344 评论 3：希望后续更新更多进阶内容。,5,normal,2026-01-26T10:48:13.292Z,
video,10344,4,video#10344 评论 4：希望后续更新更多进阶内容。,6,normal,2026-01-31T10:48:13.292Z,
video,10345,5,video#10345 评论 1：这节课讲得很清楚，重点很明确。,7,normal,2026-01-22T10:48:13.292Z,
video,10345,6,video#10345 评论 2：实例讲解很实用，收藏了。,5,normal,2026-01-29T10:48:13.292Z,
video,10345,1,video#10345 评论 3：这节课讲得很清楚，重点很明确。,2,normal,2026-02-03T10:48:13.292Z,
video,10345,2,video#10345 评论 4：课程结构清晰，学习路线明了。,2,normal,2026-01-27T10:48:13.292Z,
video,10346,3,video#10346 评论 1：希望后续更新更多进阶内容。,6,normal,2026-02-04T10:48:13.292Z,
video,10346,4,video#10346 评论 2：希望后续更新更多进阶内容。,7,normal,2026-02-03T10:48:13.292Z,
video,10346,5,video#10346 评论 3：希望后续更新更多进阶内容。,2,normal,2026-01-22T10:48:13.292Z,
video,10346,6,video#10346 评论 4：重点知识点总结得不错，复习方便。,0,normal,2026-01-23T10:48:13.292Z,
video,10347,1,video#10347 评论 1：重点知识点总结得不错，复习方便。,3,normal,2026-01-25T10:48:13.292Z,
video,10347,2,video#10347 评论 2：重点知识点总结得不错，复习方便。,5,normal,2026-01-22T10:48:13.292Z,
video,10347,3,video#10347 评论 3：讲师讲解很细，适合零基础。,2,normal,2026-01-30T10:48:13.292Z,
video,10347,4,video#10347 评论 4：讲师讲解很细，适合零基础。,7,normal,2026-02-02T10:48:13.292Z,
video,10348,5,video#10348 评论 1：课程结构清晰，学习路线明了。,4,normal,2026-01-28T10:48:13.292Z,
video,10348,6,video#10348 评论 2：案例很贴近实际，学完能直接上手。,4,normal,2026-01-26T10:48:13.292Z,
video,10348,1,video#10348 评论 3：内容有深度但不晦涩，体验很好。,1,normal,2026-02-02T10:48:13.292Z,
video,10348,2,video#10348 评论 4：如果能加配套资料就更好了。,2,normal,2026-01-25T10:48:13.292Z,
video,10349,3,video#10349 评论 1：课程结构清晰，学习路线明了。,1,normal,2026-02-02T10:48:13.292Z,
video,10349,4,video#10349 评论 2：实例讲解很实用，收藏了。,1,normal,2026-02-01T10:48:13.292Z,
video,10349,5,video#10349 评论 3：案例很贴近实际，学完能直接上手。,2,normal,2026-01-28T10:48:13.292Z,
video,10349,6,video#10349 评论 4：案例很贴近实际，学完能直接上手。,6,normal,2026-01-26T10:48:13.292Z,
video,10350,1,video#10350 评论 1：内容有深度但不晦涩，体验很好。,6,normal,2026-01-25T10:48:13.292Z,
video,10350,2,video#10350 评论 2：重点知识点总结得不错，复习方便。,0,normal,2026-01-25T10:48:13.292Z,
video,10350,3,video#10350 评论 3：讲师讲解很细，适合零基础。,1,normal,2026-02-03T10:48:13.292Z,
video,10350,4,video#10350 评论 4：这节课讲得很清楚，重点很明确。,3,normal,2026-01-22T10:48:13.292Z,
video,10351,5,video#10351 评论 1：节奏刚好，建议再补充一点练习题。,2,normal,2026-02-04T10:48:13.292Z,
video,10351,6,video#10351 评论 2：重点知识点总结得不错，复习方便。,7,normal,2026-01-23T10:48:13.292Z,
video,10351,1,video#10351 评论 3：讲师讲解很细，适合零基础。,3,normal,2026-01-28T10:48:13.292Z,
video,10351,2,video#10351 评论 4：课程结构清晰，学习路线明了。,7,normal,2026-01-30T10:48:13.292Z,
video,10352,3,video#10352 评论 1：实例讲解很实用，收藏了。,2,normal,2026-02-03T10:48:13.292Z,
video,10352,4,video#10352 评论 2：讲师讲解很细，适合零基础。,7,normal,2026-02-01T10:48:13.292Z,
video,10352,5,video#10352 评论 3：内容有深度但不晦涩，体验很好。,7,normal,2026-01-30T10:48:13.292Z,
video,10352,6,video#10352 评论 4：案例很贴近实际，学完能直接上手。,3,normal,2026-01-23T10:48:13.292Z,
video,10353,1,video#10353 评论 1：希望后续更新更多进阶内容。,3,normal,2026-01-25T10:48:13.292Z,
video,10353,2,video#10353 评论 2：重点知识点总结得不错，复习方便。,7,normal,2026-01-28T10:48:13.292Z,
video,10353,3,video#10353 评论 3：重点知识点总结得不错，复习方便。,7,normal,2026-02-01T10:48:13.292Z,
video,10353,4,video#10353 评论 4：课程结构清晰，学习路线明了。,6,normal,2026-01-26T10:48:13.292Z,
video,10354,5,video#10354 评论 1：讲师讲解很细，适合零基础。,5,normal,2026-01-29T10:48:13.292Z,
video,10354,6,video#10354 评论 2：这节课讲得很清楚，重点很明确。,7,normal,2026-02-01T10:48:13.292Z,
video,10354,1,video#10354 评论 3：案例很贴近实际，学完能直接上手。,2,normal,2026-01-25T10:48:13.292Z,
video,10354,2,video#10354 评论 4：希望后续更新更多进阶内容。,3,normal,2026-01-29T10:48:13.292Z,
video,10355,3,video#10355 评论 1：案例很贴近实际，学完能直接上手。,7,normal,2026-02-02T10:48:13.292Z,
video,10355,4,video#10355 评论 2：如果能加配套资料就更好了。,4,normal,2026-01-24T10:48:13.292Z,
video,10355,5,video#10355 评论 3：讲师讲解很细，适合零基础。,3,normal,2026-02-03T10:48:13.292Z,
video,10355,6,video#10355 评论 4：节奏刚好，建议再补充一点练习题。,7,normal,2026-01-31T10:48:13.292Z,
video,10356,1,video#10356 评论 1：节奏刚好，建议再补充一点练习题。,4,normal,2026-01-26T10:48:13.292Z,
video,10356,2,video#10356 评论 2：重点知识点总结得不错，复习方便。,6,normal,2026-02-01T10:48:13.292Z,
video,10356,3,video#10356 评论 3：节奏刚好，建议再补充一点练习题。,3,normal,2026-01-29T10:48:13.292Z,
video,10356,4,video#10356 评论 4：重点知识点总结得不错，复习方便。,2,normal,2026-01-28T10:48:13.292Z,
video,10357,5,video#10357 评论 1：重点知识点总结得不错，复习方便。,6,normal,2026-01-30T10:48:13.292Z,
video,10357,6,video#10357 评论 2：课程结构清晰，学习路线明了。,7,normal,2026-02-04T10:48:13.292Z,
video,10357,1,video#10357 评论 3：讲师讲解很细，适合零基础。,2,normal,2026-02-01T10:48:13.292Z,
video,10357,2,video#10357 评论 4：案例很贴近实际，学完能直接上手。,4,normal,2026-01-23T10:48:13.292Z,
video,10358,3,video#10358 评论 1：实例讲解很实用，收藏了。,6,normal,2026-01-25T10:48:13.292Z,
video,10358,4,video#10358 评论 2：讲师讲解很细，适合零基础。,0,normal,2026-01-25T10:48:13.292Z,
video,10358,5,video#10358 评论 3：课程结构清晰，学习路线明了。,1,normal,2026-01-29T10:48:13.292Z,
video,10358,6,video#10358 评论 4：实例讲解很实用，收藏了。,5,normal,2026-01-29T10:48:13.292Z,
video,10359,1,video#10359 评论 1：内容有深度但不晦涩，体验很好。,2,normal,2026-01-25T10:48:13.292Z,
video,10359,2,video#10359 评论 2：重点知识点总结得不错，复习方便。,5,normal,2026-01-28T10:48:13.292Z,
video,10359,3,video#10359 评论 3：内容有深度但不晦涩，体验很好。,3,normal,2026-02-01T10:48:13.292Z,
video,10359,4,video#10359 评论 4：如果能加配套资料就更好了。,1,normal,2026-01-26T10:48:13.292Z,
video,10360,5,video#10360 评论 1：实例讲解很实用，收藏了。,2,normal,2026-01-27T10:48:13.292Z,
video,10360,6,video#10360 评论 2：内容有深度但不晦涩，体验很好。,5,normal,2026-01-25T10:48:13.292Z,
video,10360,1,video#10360 评论 3：希望后续更新更多进阶内容。,0,normal,2026-01-30T10:48:13.292Z,
video,10360,2,video#10360 评论 4：讲师讲解很细，适合零基础。,4,normal,2026-01-28T10:48:13.292Z,
video,10361,3,video#10361 评论 1：讲师讲解很细，适合零基础。,5,normal,2026-01-24T10:48:13.292Z,
video,10361,4,video#10361 评论 2：课程结构清晰，学习路线明了。,0,normal,2026-02-04T10:48:13.292Z,
video,10361,5,video#10361 评论 3：实例讲解很实用，收藏了。,5,normal,2026-01-23T10:48:13.292Z,
video,10361,6,video#10361 评论 4：课程结构清晰，学习路线明了。,1,normal,2026-02-01T10:48:13.292Z,
video,10362,1,video#10362 评论 1：重点知识点总结得不错，复习方便。,4,normal,2026-02-01T10:48:13.292Z,
video,10362,2,video#10362 评论 2：实例讲解很实用，收藏了。,6,normal,2026-01-31T10:48:13.292Z,
video,10362,3,video#10362 评论 3：希望后续更新更多进阶内容。,1,normal,2026-02-04T10:48:13.292Z,
video,10362,4,video#10362 评论 4：如果能加配套资料就更好了。,6,normal,2026-01-30T10:48:13.292Z,
video,10363,5,video#10363 评论 1：课程结构清晰，学习路线明了。,3,normal,2026-01-24T10:48:13.292Z,
video,10363,6,video#10363 评论 2：希望后续更新更多进阶内容。,4,normal,2026-01-28T10:48:13.292Z,
video,10363,1,video#10363 评论 3：这节课讲得很清楚，重点很明确。,1,normal,2026-01-25T10:48:13.292Z,
video,10363,2,video#10363 评论 4：案例很贴近实际，学完能直接上手。,3,normal,2026-01-22T10:48:13.292Z,
video,10364,3,video#10364 评论 1：这节课讲得很清楚，重点很明确。,7,normal,2026-01-25T10:48:13.292Z,
video,10364,4,video#10364 评论 2：希望后续更新更多进阶内容。,6,normal,2026-02-04T10:48:13.292Z,
video,10364,5,video#10364 评论 3：课程结构清晰，学习路线明了。,6,normal,2026-01-23T10:48:13.292Z,
video,10364,6,video#10364 评论 4：课程结构清晰，学习路线明了。,2,normal,2026-01-24T10:48:13.292Z,
video,10365,1,video#10365 评论 1：这节课讲得很清楚，重点很明确。,7,normal,2026-02-04T10:48:13.292Z,
video,10365,2,video#10365 评论 2：如果能加配套资料就更好了。,2,normal,2026-01-31T10:48:13.292Z,
video,10365,3,video#10365 评论 3：这节课讲得很清楚，重点很明确。,0,normal,2026-01-23T10:48:13.292Z,
video,10365,4,video#10365 评论 4：课程结构清晰，学习路线明了。,1,normal,2026-01-26T10:48:13.292Z,
video,10366,5,video#10366 评论 1：课程结构清晰，学习路线明了。,7,normal,2026-02-04T10:48:13.292Z,
video,10366,6,video#10366 评论 2：节奏刚好，建议再补充一点练习题。,6,normal,2026-02-04T10:48:13.292Z,
video,10366,1,video#10366 评论 3：课程结构清晰，学习路线明了。,1,normal,2026-02-04T10:48:13.292Z,
video,10366,2,video#10366 评论 4：节奏刚好，建议再补充一点练习题。,6,normal,2026-01-24T10:48:13.292Z,
video,10367,3,video#10367 评论 1：节奏刚好，建议再补充一点练习题。,5,normal,2026-01-23T10:48:13.292Z,
video,10367,4,video#10367 评论 2：实例讲解很实用，收藏了。,7,normal,2026-01-25T10:48:13.292Z,
video,10367,5,video#10367 评论 3：希望后续更新更多进阶内容。,5,normal,2026-01-25T10:48:13.292Z,
video,10367,6,video#10367 评论 4：课程结构清晰，学习路线明了。,6,normal,2026-01-29T10:48:13.292Z,
video,10368,1,video#10368 评论 1：内容有深度但不晦涩，体验很好。,2,normal,2026-01-24T10:48:13.292Z,
video,10368,2,video#10368 评论 2：希望后续更新更多进阶内容。,3,normal,2026-01-23T10:48:13.292Z,
video,10368,3,video#10368 评论 3：课程结构清晰，学习路线明了。,5,normal,2026-02-01T10:48:13.292Z,
video,10368,4,video#10368 评论 4：节奏刚好，建议再补充一点练习题。,0,normal,2026-01-28T10:48:13.292Z,
video,10369,5,video#10369 评论 1：如果能加配套资料就更好了。,7,normal,2026-02-02T10:48:13.292Z,
video,10369,6,video#10369 评论 2：内容有深度但不晦涩，体验很好。,5,normal,2026-01-23T10:48:13.292Z,
video,10369,1,video#10369 评论 3：案例很贴近实际，学完能直接上手。,3,normal,2026-01-22T10:48:13.292Z,
video,10369,2,video#10369 评论 4：这节课讲得很清楚，重点很明确。,2,normal,2026-01-28T10:48:13.292Z,
video,10370,3,video#10370 评论 1：案例很贴近实际，学完能直接上手。,5,normal,2026-01-30T10:48:13.292Z,
video,10370,4,video#10370 评论 2：实例讲解很实用，收藏了。,2,normal,2026-02-01T10:48:13.292Z,
video,10370,5,video#10370 评论 3：这节课讲得很清楚，重点很明确。,7,normal,2026-01-30T10:48:13.292Z,
video,10370,6,video#10370 评论 4：如果能加配套资料就更好了。,0,normal,2026-01-25T10:48:13.292Z,
video,10371,1,video#10371 评论 1：如果能加配套资料就更好了。,2,normal,2026-02-03T10:48:13.292Z,
video,10371,2,video#10371 评论 2：节奏刚好，建议再补充一点练习题。,5,normal,2026-01-31T10:48:13.292Z,
video,10371,3,video#10371 评论 3：重点知识点总结得不错，复习方便。,2,normal,2026-02-01T10:48:13.292Z,
video,10371,4,video#10371 评论 4：案例很贴近实际，学完能直接上手。,2,normal,2026-01-22T10:48:13.292Z,
video,10372,5,video#10372 评论 1：内容有深度但不晦涩，体验很好。,5,normal,2026-01-22T10:48:13.292Z,
video,10372,6,video#10372 评论 2：节奏刚好，建议再补充一点练习题。,5,normal,2026-01-22T10:48:13.292Z,
video,10372,1,video#10372 评论 3：课程结构清晰，学习路线明了。,0,normal,2026-01-29T10:48:13.292Z,
video,10372,2,video#10372 评论 4：实例讲解很实用，收藏了。,7,normal,2026-02-03T10:48:13.292Z,
video,10373,3,video#10373 评论 1：内容有深度但不晦涩，体验很好。,7,normal,2026-01-26T10:48:13.292Z,
video,10373,4,video#10373 评论 2：案例很贴近实际，学完能直接上手。,0,normal,2026-01-23T10:48:13.292Z,
video,10373,5,video#10373 评论 3：课程结构清晰，学习路线明了。,2,normal,2026-02-04T10:48:13.292Z,
video,10373,6,video#10373 评论 4：课程结构清晰，学习路线明了。,0,normal,2026-02-04T10:48:13.292Z,
video,10374,1,video#10374 评论 1：课程结构清晰，学习路线明了。,6,normal,2026-01-30T10:48:13.292Z,
video,10374,2,video#10374 评论 2：节奏刚好，建议再补充一点练习题。,4,normal,2026-01-31T10:48:13.292Z,
video,10374,3,video#10374 评论 3：案例很贴近实际，学完能直接上手。,2,normal,2026-01-30T10:48:13.292Z,
video,10374,4,video#10374 评论 4：希望后续更新更多进阶内容。,2,normal,2026-02-01T10:48:13.292Z,
video,10375,5,video#10375 评论 1：希望后续更新更多进阶内容。,2,normal,2026-01-25T10:48:13.292Z,
video,10375,6,video#10375 评论 2：希望后续更新更多进阶内容。,7,normal,2026-01-28T10:48:13.292Z,
video,10375,1,video#10375 评论 3：节奏刚好，建议再补充一点练习题。,3,normal,2026-02-01T10:48:13.292Z,
video,10375,2,video#10375 评论 4：希望后续更新更多进阶内容。,5,normal,2026-01-25T10:48:13.292Z,
video,10376,3,video#10376 评论 1：希望后续更新更多进阶内容。,5,normal,2026-01-22T10:48:13.292Z,
video,10376,4,video#10376 评论 2：实例讲解很实用，收藏了。,0,normal,2026-01-25T10:48:13.292Z,
video,10376,5,video#10376 评论 3：讲师讲解很细，适合零基础。,6,normal,2026-02-02T10:48:13.292Z,
video,10376,6,video#10376 评论 4：希望后续更新更多进阶内容。,3,normal,2026-01-31T10:48:13.292Z,
video,10377,1,video#10377 评论 1：内容有深度但不晦涩，体验很好。,2,normal,2026-01-30T10:48:13.292Z,
video,10377,2,video#10377 评论 2：节奏刚好，建议再补充一点练习题。,5,normal,2026-01-29T10:48:13.292Z,
video,10377,3,video#10377 评论 3：重点知识点总结得不错，复习方便。,0,normal,2026-02-01T10:48:13.292Z,
video,10377,4,video#10377 评论 4：重点知识点总结得不错，复习方便。,5,normal,2026-01-22T10:48:13.292Z,
video,10378,5,video#10378 评论 1：课程结构清晰，学习路线明了。,0,normal,2026-01-25T10:48:13.292Z,
video,10378,6,video#10378 评论 2：案例很贴近实际，学完能直接上手。,1,normal,2026-01-23T10:48:13.292Z,
video,10378,1,video#10378 评论 3：这节课讲得很清楚，重点很明确。,1,normal,2026-01-29T10:48:13.292Z,
video,10378,2,video#10378 评论 4：案例很贴近实际，学完能直接上手。,6,normal,2026-02-02T10:48:13.292Z,
video,10379,3,video#10379 评论 1：希望后续更新更多进阶内容。,5,normal,2026-01-31T10:48:13.292Z,
video,10379,4,video#10379 评论 2：节奏刚好，建议再补充一点练习题。,5,normal,2026-01-28T10:48:13.292Z,
video,10379,5,video#10379 评论 3：课程结构清晰，学习路线明了。,1,normal,2026-02-02T10:48:13.292Z,
video,10379,6,video#10379 评论 4：讲师讲解很细，适合零基础。,4,normal,2026-02-01T10:48:13.292Z,
video,10380,1,video#10380 评论 1：节奏刚好，建议再补充一点练习题。,5,normal,2026-02-04T10:48:13.292Z,
video,10380,2,video#10380 评论 2：内容有深度但不晦涩，体验很好。,4,normal,2026-01-31T10:48:13.292Z,
video,10380,3,video#10380 评论 3：节奏刚好，建议再补充一点练习题。,1,normal,2026-01-23T10:48:13.292Z,
video,10380,4,video#10380 评论 4：希望后续更新更多进阶内容。,1,normal,2026-01-22T10:48:13.292Z,
video,10381,5,video#10381 评论 1：讲师讲解很细，适合零基础。,6,normal,2026-02-04T10:48:13.292Z,
video,10381,6,video#10381 评论 2：节奏刚好，建议再补充一点练习题。,1,normal,2026-01-29T10:48:13.292Z,
video,10381,1,video#10381 评论 3：希望后续更新更多进阶内容。,7,normal,2026-02-03T10:48:13.292Z,
video,10381,2,video#10381 评论 4：课程结构清晰，学习路线明了。,0,normal,2026-01-30T10:48:13.292Z,
video,10382,3,video#10382 评论 1：这节课讲得很清楚，重点很明确。,4,normal,2026-01-27T10:48:13.292Z,
video,10382,4,video#10382 评论 2：实例讲解很实用，收藏了。,0,normal,2026-02-04T10:48:13.292Z,
video,10382,5,video#10382 评论 3：重点知识点总结得不错，复习方便。,3,normal,2026-01-30T10:48:13.292Z,
video,10382,6,video#10382 评论 4：如果能加配套资料就更好了。,4,normal,2026-01-30T10:48:13.292Z,
video,10383,1,video#10383 评论 1：重点知识点总结得不错，复习方便。,7,normal,2026-02-02T10:48:13.292Z,
video,10383,2,video#10383 评论 2：实例讲解很实用，收藏了。,4,normal,2026-01-27T10:48:13.292Z,
video,10383,3,video#10383 评论 3：案例很贴近实际，学完能直接上手。,0,normal,2026-02-04T10:48:13.292Z,
video,10383,4,video#10383 评论 4：这节课讲得很清楚，重点很明确。,1,normal,2026-01-22T10:48:13.292Z,
video,10384,5,video#10384 评论 1：希望后续更新更多进阶内容。,2,normal,2026-02-03T10:48:13.292Z,
video,10384,6,video#10384 评论 2：讲师讲解很细，适合零基础。,7,normal,2026-02-02T10:48:13.292Z,
video,10384,1,video#10384 评论 3：课程结构清晰，学习路线明了。,1,normal,2026-01-31T10:48:13.292Z,
video,10384,2,video#10384 评论 4：内容有深度但不晦涩，体验很好。,1,normal,2026-01-31T10:48:13.292Z,
video,10385,3,video#10385 评论 1：内容有深度但不晦涩，体验很好。,6,normal,2026-01-23T10:48:13.292Z,
video,10385,4,video#10385 评论 2：如果能加配套资料就更好了。,7,normal,2026-01-29T10:48:13.292Z,
video,10385,5,video#10385 评论 3：节奏刚好，建议再补充一点练习题。,1,normal,2026-01-31T10:48:13.292Z,
video,10385,6,video#10385 评论 4：实例讲解很实用，收藏了。,2,normal,2026-01-28T10:48:13.292Z,
video,10386,1,video#10386 评论 1：讲师讲解很细，适合零基础。,0,normal,2026-01-26T10:48:13.292Z,
video,10386,2,video#10386 评论 2：案例很贴近实际，学完能直接上手。,0,normal,2026-01-22T10:48:13.292Z,
video,10386,3,video#10386 评论 3：这节课讲得很清楚，重点很明确。,3,normal,2026-01-27T10:48:13.292Z,
video,10386,4,video#10386 评论 4：案例很贴近实际，学完能直接上手。,1,normal,2026-01-26T10:48:13.292Z,
video,10387,5,video#10387 评论 1：案例很贴近实际，学完能直接上手。,5,normal,2026-01-31T10:48:13.292Z,
video,10387,6,video#10387 评论 2：案例很贴近实际，学完能直接上手。,7,normal,2026-02-03T10:48:13.292Z,
video,10387,1,video#10387 评论 3：节奏刚好，建议再补充一点练习题。,6,normal,2026-01-25T10:48:13.292Z,
video,10387,2,video#10387 评论 4：实例讲解很实用，收藏了。,6,normal,2026-01-26T10:48:13.292Z,
video,10388,3,video#10388 评论 1：节奏刚好，建议再补充一点练习题。,5,normal,2026-01-29T10:48:13.292Z,
video,10388,4,video#10388 评论 2：希望后续更新更多进阶内容。,6,normal,2026-01-27T10:48:13.292Z,
video,10388,5,video#10388 评论 3：案例很贴近实际，学完能直接上手。,0,normal,2026-01-26T10:48:13.292Z,
video,10388,6,video#10388 评论 4：实例讲解很实用，收藏了。,3,normal,2026-01-30T10:48:13.292Z,
video,10389,1,video#10389 评论 1：课程结构清晰，学习路线明了。,6,normal,2026-01-25T10:48:13.292Z,
video,10389,2,video#10389 评论 2：这节课讲得很清楚，重点很明确。,7,normal,2026-01-28T10:48:13.292Z,
video,10389,3,video#10389 评论 3：课程结构清晰，学习路线明了。,5,normal,2026-01-27T10:48:13.292Z,
video,10389,4,video#10389 评论 4：希望后续更新更多进阶内容。,4,normal,2026-01-23T10:48:13.292Z,
video,10390,5,video#10390 评论 1：案例很贴近实际，学完能直接上手。,5,normal,2026-01-25T10:48:13.292Z,
video,10390,6,video#10390 评论 2：这节课讲得很清楚，重点很明确。,3,normal,2026-01-28T10:48:13.292Z,
video,10390,1,video#10390 评论 3：节奏刚好，建议再补充一点练习题。,0,normal,2026-01-22T10:48:13.292Z,
video,10390,2,video#10390 评论 4：这节课讲得很清楚，重点很明确。,2,normal,2026-01-28T10:48:13.292Z,
video,10391,3,video#10391 评论 1：讲师讲解很细，适合零基础。,7,normal,2026-02-04T10:48:13.292Z,
video,10391,4,video#10391 评论 2：实例讲解很实用，收藏了。,7,normal,2026-01-25T10:48:13.292Z,
video,10391,5,video#10391 评论 3：希望后续更新更多进阶内容。,2,normal,2026-01-27T10:48:13.292Z,
video,10391,6,video#10391 评论 4：希望后续更新更多进阶内容。,0,normal,2026-01-27T10:48:13.292Z,
video,10392,1,video#10392 评论 1：重点知识点总结得不错，复习方便。,6,normal,2026-01-26T10:48:13.292Z,
video,10392,2,video#10392 评论 2：希望后续更新更多进阶内容。,3,normal,2026-01-28T10:48:13.292Z,
video,10392,3,video#10392 评论 3：内容有深度但不晦涩，体验很好。,4,normal,2026-01-31T10:48:13.292Z,
video,10392,4,video#10392 评论 4：希望后续更新更多进阶内容。,7,normal,2026-01-28T10:48:13.292Z,
video,10393,5,video#10393 评论 1：这节课讲得很清楚，重点很明确。,7,normal,2026-02-02T10:48:13.292Z,
video,10393,6,video#10393 评论 2：节奏刚好，建议再补充一点练习题。,6,normal,2026-01-26T10:48:13.292Z,
video,10393,1,video#10393 评论 3：希望后续更新更多进阶内容。,0,normal,2026-01-22T10:48:13.292Z,
video,10393,2,video#10393 评论 4：重点知识点总结得不错，复习方便。,7,normal,2026-01-28T10:48:13.292Z,
video,10394,3,video#10394 评论 1：重点知识点总结得不错，复习方便。,4,normal,2026-01-28T10:48:13.292Z,
video,10394,4,video#10394 评论 2：希望后续更新更多进阶内容。,6,normal,2026-01-31T10:48:13.292Z,
video,10394,5,video#10394 评论 3：如果能加配套资料就更好了。,5,normal,2026-01-26T10:48:13.292Z,
video,10394,6,video#10394 评论 4：讲师讲解很细，适合零基础。,3,normal,2026-01-27T10:48:13.292Z,
video,10395,1,video#10395 评论 1：重点知识点总结得不错，复习方便。,4,normal,2026-01-26T10:48:13.292Z,
video,10395,2,video#10395 评论 2：内容有深度但不晦涩，体验很好。,4,normal,2026-01-31T10:48:13.292Z,
video,10395,3,video#10395 评论 3：实例讲解很实用，收藏了。,2,normal,2026-01-26T10:48:13.292Z,
video,10395,4,video#10395 评论 4：如果能加配套资料就更好了。,3,normal,2026-02-01T10:48:13.292Z,
video,10396,5,video#10396 评论 1：重点知识点总结得不错，复习方便。,1,normal,2026-01-26T10:48:13.292Z,
video,10396,6,video#10396 评论 2：节奏刚好，建议再补充一点练习题。,7,normal,2026-02-02T10:48:13.292Z,
video,10396,1,video#10396 评论 3：希望后续更新更多进阶内容。,4,normal,2026-01-30T10:48:13.292Z,
video,10396,2,video#10396 评论 4：内容有深度但不晦涩，体验很好。,0,normal,2026-02-02T10:48:13.292Z,
video,10397,3,video#10397 评论 1：如果能加配套资料就更好了。,0,normal,2026-01-25T10:48:13.292Z,
video,10397,4,video#10397 评论 2：实例讲解很实用，收藏了。,4,normal,2026-01-23T10:48:13.292Z,
video,10397,5,video#10397 评论 3：这节课讲得很清楚，重点很明确。,3,normal,2026-02-03T10:48:13.292Z,
video,10397,6,video#10397 评论 4：这节课讲得很清楚，重点很明确。,7,normal,2026-02-02T10:48:13.292Z,
video,10398,1,video#10398 评论 1：课程结构清晰，学习路线明了。,7,normal,2026-01-31T10:48:13.292Z,
video,10398,2,video#10398 评论 2：希望后续更新更多进阶内容。,5,normal,2026-01-25T10:48:13.292Z,
video,10398,3,video#10398 评论 3：重点知识点总结得不错，复习方便。,2,normal,2026-02-02T10:48:13.292Z,
video,10398,4,video#10398 评论 4：案例很贴近实际，学完能直接上手。,3,normal,2026-02-03T10:48:13.292Z,
video,10399,5,video#10399 评论 1：案例很贴近实际，学完能直接上手。,7,normal,2026-02-01T10:48:13.292Z,
video,10399,6,video#10399 评论 2：讲师讲解很细，适合零基础。,3,normal,2026-01-23T10:48:13.292Z,
video,10399,1,video#10399 评论 3：这节课讲得很清楚，重点很明确。,5,normal,2026-01-25T10:48:13.292Z,
video,10399,2,video#10399 评论 4：节奏刚好，建议再补充一点练习题。,4,normal,2026-01-30T10:48:13.292Z,
video,10400,3,video#10400 评论 1：案例很贴近实际，学完能直接上手。,0,normal,2026-01-23T10:48:13.292Z,
video,10400,4,video#10400 评论 2：这节课讲得很清楚，重点很明确。,7,normal,2026-01-23T10:48:13.292Z,
video,10400,5,video#10400 评论 3：节奏刚好，建议再补充一点练习题。,5,normal,2026-01-31T10:48:13.292Z,
video,10400,6,video#10400 评论 4：希望后续更新更多进阶内容。,7,normal,2026-02-04T10:48:13.292Z,
video,10401,1,video#10401 评论 1：内容有深度但不晦涩，体验很好。,3,normal,2026-01-28T10:48:13.292Z,
video,10401,2,video#10401 评论 2：重点知识点总结得不错，复习方便。,7,normal,2026-02-01T10:48:13.292Z,
video,10401,3,video#10401 评论 3：讲师讲解很细，适合零基础。,6,normal,2026-01-29T10:48:13.292Z,
video,10401,4,video#10401 评论 4：重点知识点总结得不错，复习方便。,1,normal,2026-01-30T10:48:13.292Z,
video,10402,5,video#10402 评论 1：实例讲解很实用，收藏了。,5,normal,2026-02-01T10:48:13.292Z,
video,10402,6,video#10402 评论 2：内容有深度但不晦涩，体验很好。,5,normal,2026-02-02T10:48:13.292Z,
video,10402,1,video#10402 评论 3：案例很贴近实际，学完能直接上手。,1,normal,2026-01-25T10:48:13.292Z,
video,10402,2,video#10402 评论 4：实例讲解很实用，收藏了。,0,normal,2026-01-23T10:48:13.292Z,
video,10403,3,video#10403 评论 1：讲师讲解很细，适合零基础。,7,normal,2026-01-27T10:48:13.292Z,
video,10403,4,video#10403 评论 2：课程结构清晰，学习路线明了。,2,normal,2026-01-27T10:48:13.292Z,
video,10403,5,video#10403 评论 3：内容有深度但不晦涩，体验很好。,5,normal,2026-01-23T10:48:13.292Z,
video,10403,6,video#10403 评论 4：案例很贴近实际，学完能直接上手。,3,normal,2026-01-23T10:48:13.292Z,
video,10404,1,video#10404 评论 1：内容有深度但不晦涩，体验很好。,5,normal,2026-01-25T10:48:13.292Z,
video,10404,2,video#10404 评论 2：希望后续更新更多进阶内容。,2,normal,2026-01-28T10:48:13.292Z,
video,10404,3,video#10404 评论 3：如果能加配套资料就更好了。,2,normal,2026-01-22T10:48:13.292Z,
video,10404,4,video#10404 评论 4：实例讲解很实用，收藏了。,7,normal,2026-01-31T10:48:13.292Z,
video,10405,5,video#10405 评论 1：课程结构清晰，学习路线明了。,5,normal,2026-02-02T10:48:13.292Z,
video,10405,6,video#10405 评论 2：重点知识点总结得不错，复习方便。,5,normal,2026-02-04T10:48:13.292Z,
video,10405,1,video#10405 评论 3：实例讲解很实用，收藏了。,7,normal,2026-01-31T10:48:13.292Z,
video,10405,2,video#10405 评论 4：课程结构清晰，学习路线明了。,1,normal,2026-01-22T10:48:13.292Z,
video,10406,3,video#10406 评论 1：案例很贴近实际，学完能直接上手。,4,normal,2026-01-25T10:48:13.292Z,
video,10406,4,video#10406 评论 2：重点知识点总结得不错，复习方便。,6,normal,2026-01-26T10:48:13.292Z,
video,10406,5,video#10406 评论 3：希望后续更新更多进阶内容。,4,normal,2026-02-02T10:48:13.292Z,
video,10406,6,video#10406 评论 4：讲师讲解很细，适合零基础。,6,normal,2026-01-28T10:48:13.292Z,
video,10407,1,video#10407 评论 1：节奏刚好，建议再补充一点练习题。,3,normal,2026-01-27T10:48:13.292Z,
video,10407,2,video#10407 评论 2：节奏刚好，建议再补充一点练习题。,0,normal,2026-01-22T10:48:13.292Z,
video,10407,3,video#10407 评论 3：希望后续更新更多进阶内容。,3,normal,2026-01-25T10:48:13.292Z,
video,10407,4,video#10407 评论 4：重点知识点总结得不错，复习方便。,3,normal,2026-01-27T10:48:13.292Z,
video,10408,5,video#10408 评论 1：案例很贴近实际，学完能直接上手。,7,normal,2026-01-31T10:48:13.292Z,
video,10408,6,video#10408 评论 2：这节课讲得很清楚，重点很明确。,0,normal,2026-01-23T10:48:13.292Z,
video,10408,1,video#10408 评论 3：节奏刚好，建议再补充一点练习题。,5,normal,2026-01-26T10:48:13.292Z,
video,10408,2,video#10408 评论 4：讲师讲解很细，适合零基础。,4,normal,2026-02-01T10:48:13.292Z,
video,10409,3,video#10409 评论 1：讲师讲解很细，适合零基础。,1,normal,2026-01-24T10:48:13.292Z,
video,10409,4,video#10409 评论 2：讲师讲解很细，适合零基础。,4,normal,2026-02-04T10:48:13.292Z,
video,10409,5,video#10409 评论 3：重点知识点总结得不错，复习方便。,2,normal,2026-01-30T10:48:13.292Z,
video,10409,6,video#10409 评论 4：讲师讲解很细，适合零基础。,0,normal,2026-01-28T10:48:13.292Z,
video,10410,1,video#10410 评论 1：希望后续更新更多进阶内容。,1,normal,2026-02-02T10:48:13.292Z,
video,10410,2,video#10410 评论 2：实例讲解很实用，收藏了。,0,normal,2026-02-01T10:48:13.292Z,
video,10410,3,video#10410 评论 3：这节课讲得很清楚，重点很明确。,2,normal,2026-01-31T10:48:13.292Z,
video,10410,4,video#10410 评论 4：重点知识点总结得不错，复习方便。,4,normal,2026-02-04T10:48:13.292Z,
video,10411,5,video#10411 评论 1：这节课讲得很清楚，重点很明确。,6,normal,2026-01-23T10:48:13.292Z,
video,10411,6,video#10411 评论 2：这节课讲得很清楚，重点很明确。,1,normal,2026-02-02T10:48:13.292Z,
video,10411,1,video#10411 评论 3：案例很贴近实际，学完能直接上手。,1,normal,2026-02-03T10:48:13.292Z,
video,10411,2,video#10411 评论 4：重点知识点总结得不错，复习方便。,7,normal,2026-01-26T10:48:13.292Z,
video,10412,3,video#10412 评论 1：如果能加配套资料就更好了。,3,normal,2026-01-26T10:48:13.292Z,
video,10412,4,video#10412 评论 2：课程结构清晰，学习路线明了。,4,normal,2026-01-23T10:48:13.292Z,
video,10412,5,video#10412 评论 3：重点知识点总结得不错，复习方便。,5,normal,2026-02-01T10:48:13.292Z,
video,10412,6,video#10412 评论 4：课程结构清晰，学习路线明了。,3,normal,2026-01-26T10:48:13.292Z,
video,10413,1,video#10413 评论 1：节奏刚好，建议再补充一点练习题。,2,normal,2026-01-29T10:48:13.292Z,
video,10413,2,video#10413 评论 2：内容有深度但不晦涩，体验很好。,3,normal,2026-01-30T10:48:13.292Z,
video,10413,3,video#10413 评论 3：内容有深度但不晦涩，体验很好。,7,normal,2026-01-22T10:48:13.292Z,
video,10413,4,video#10413 评论 4：课程结构清晰，学习路线明了。,1,normal,2026-02-02T10:48:13.292Z,
video,10414,5,video#10414 评论 1：如果能加配套资料就更好了。,0,normal,2026-02-04T10:48:13.292Z,
video,10414,6,video#10414 评论 2：讲师讲解很细，适合零基础。,4,normal,2026-01-23T10:48:13.292Z,
video,10414,1,video#10414 评论 3：内容有深度但不晦涩，体验很好。,5,normal,2026-01-30T10:48:13.292Z,
video,10414,2,video#10414 评论 4：节奏刚好，建议再补充一点练习题。,7,normal,2026-02-01T10:48:13.292Z,
video,10415,3,video#10415 评论 1：这节课讲得很清楚，重点很明确。,6,normal,2026-01-26T10:48:13.292Z,
video,10415,4,video#10415 评论 2：节奏刚好，建议再补充一点练习题。,0,normal,2026-01-23T10:48:13.292Z,
video,10415,5,video#10415 评论 3：这节课讲得很清楚，重点很明确。,0,normal,2026-01-30T10:48:13.292Z,
video,10415,6,video#10415 评论 4：案例很贴近实际，学完能直接上手。,1,normal,2026-01-27T10:48:13.292Z,
video,10416,1,video#10416 评论 1：节奏刚好，建议再补充一点练习题。,5,normal,2026-01-26T10:48:13.292Z,
video,10416,2,video#10416 评论 2：案例很贴近实际，学完能直接上手。,3,normal,2026-01-23T10:48:13.292Z,
video,10416,3,video#10416 评论 3：重点知识点总结得不错，复习方便。,6,normal,2026-01-25T10:48:13.292Z,
video,10416,4,video#10416 评论 4：讲师讲解很细，适合零基础。,5,normal,2026-02-02T10:48:13.292Z,
video,10417,5,video#10417 评论 1：讲师讲解很细，适合零基础。,1,normal,2026-01-30T10:48:13.292Z,
video,10417,6,video#10417 评论 2：希望后续更新更多进阶内容。,2,normal,2026-02-02T10:48:13.292Z,
video,10417,1,video#10417 评论 3：讲师讲解很细，适合零基础。,2,normal,2026-01-26T10:48:13.292Z,
video,10417,2,video#10417 评论 4：课程结构清晰，学习路线明了。,6,normal,2026-01-22T10:48:13.292Z,
video,10418,3,video#10418 评论 1：希望后续更新更多进阶内容。,0,normal,2026-02-02T10:48:13.292Z,
video,10418,4,video#10418 评论 2：讲师讲解很细，适合零基础。,7,normal,2026-01-27T10:48:13.292Z,
video,10418,5,video#10418 评论 3：内容有深度但不晦涩，体验很好。,4,normal,2026-02-03T10:48:13.292Z,
video,10418,6,video#10418 评论 4：重点知识点总结得不错，复习方便。,4,normal,2026-02-02T10:48:13.292Z,
video,10419,1,video#10419 评论 1：实例讲解很实用，收藏了。,5,normal,2026-01-31T10:48:13.292Z,
video,10419,2,video#10419 评论 2：如果能加配套资料就更好了。,5,normal,2026-01-25T10:48:13.292Z,
video,10419,3,video#10419 评论 3：实例讲解很实用，收藏了。,0,normal,2026-02-04T10:48:13.292Z,
video,10419,4,video#10419 评论 4：节奏刚好，建议再补充一点练习题。,0,normal,2026-01-24T10:48:13.292Z,
video,10420,5,video#10420 评论 1：内容有深度但不晦涩，体验很好。,2,normal,2026-01-26T10:48:13.292Z,
video,10420,6,video#10420 评论 2：希望后续更新更多进阶内容。,4,normal,2026-01-25T10:48:13.292Z,
video,10420,1,video#10420 评论 3：这节课讲得很清楚，重点很明确。,7,normal,2026-01-25T10:48:13.292Z,
video,10420,2,video#10420 评论 4：案例很贴近实际，学完能直接上手。,0,normal,2026-01-27T10:48:13.292Z,
video,10421,3,video#10421 评论 1：实例讲解很实用，收藏了。,7,normal,2026-01-30T10:48:13.292Z,
video,10421,4,video#10421 评论 2：希望后续更新更多进阶内容。,2,normal,2026-02-04T10:48:13.292Z,
video,10421,5,video#10421 评论 3：如果能加配套资料就更好了。,3,normal,2026-01-26T10:48:13.292Z,
video,10421,6,video#10421 评论 4：课程结构清晰，学习路线明了。,5,normal,2026-01-31T10:48:13.292Z,
video,10422,1,video#10422 评论 1：希望后续更新更多进阶内容。,2,normal,2026-01-22T10:48:13.292Z,
video,10422,2,video#10422 评论 2：实例讲解很实用，收藏了。,3,normal,2026-01-28T10:48:13.292Z,
video,10422,3,video#10422 评论 3：课程结构清晰，学习路线明了。,2,normal,2026-01-30T10:48:13.292Z,
video,10422,4,video#10422 评论 4：内容有深度但不晦涩，体验很好。,2,normal,2026-01-23T10:48:13.292Z,
video,10423,5,video#10423 评论 1：节奏刚好，建议再补充一点练习题。,2,normal,2026-01-27T10:48:13.292Z,
video,10423,6,video#10423 评论 2：重点知识点总结得不错，复习方便。,6,normal,2026-02-02T10:48:13.292Z,
video,10423,1,video#10423 评论 3：重点知识点总结得不错，复习方便。,2,normal,2026-02-02T10:48:13.292Z,
video,10423,2,video#10423 评论 4：节奏刚好，建议再补充一点练习题。,7,normal,2026-01-25T10:48:13.292Z,
video,10424,3,video#10424 评论 1：重点知识点总结得不错，复习方便。,4,normal,2026-02-01T10:48:13.292Z,
video,10424,4,video#10424 评论 2：案例很贴近实际，学完能直接上手。,1,normal,2026-01-24T10:48:13.292Z,
video,10424,5,video#10424 评论 3：课程结构清晰，学习路线明了。,1,normal,2026-01-29T10:48:13.292Z,
video,10424,6,video#10424 评论 4：如果能加配套资料就更好了。,0,normal,2026-01-27T10:48:13.292Z,
video,10425,1,video#10425 评论 1：节奏刚好，建议再补充一点练习题。,7,normal,2026-01-31T10:48:13.292Z,
video,10425,2,video#10425 评论 2：如果能加配套资料就更好了。,4,normal,2026-01-25T10:48:13.292Z,
video,10425,3,video#10425 评论 3：实例讲解很实用，收藏了。,0,normal,2026-01-22T10:48:13.292Z,
video,10425,4,video#10425 评论 4：如果能加配套资料就更好了。,2,normal,2026-02-02T10:48:13.292Z,
video,10426,5,video#10426 评论 1：节奏刚好，建议再补充一点练习题。,7,normal,2026-01-30T10:48:13.292Z,
video,10426,6,video#10426 评论 2：希望后续更新更多进阶内容。,7,normal,2026-02-02T10:48:13.292Z,
video,10426,1,video#10426 评论 3：案例很贴近实际，学完能直接上手。,0,normal,2026-01-28T10:48:13.292Z,
video,10426,2,video#10426 评论 4：实例讲解很实用，收藏了。,4,normal,2026-01-22T10:48:13.293Z,
video,10427,3,video#10427 评论 1：重点知识点总结得不错，复习方便。,4,normal,2026-01-26T10:48:13.293Z,
video,10427,4,video#10427 评论 2：希望后续更新更多进阶内容。,0,normal,2026-01-29T10:48:13.293Z,
video,10427,5,video#10427 评论 3：如果能加配套资料就更好了。,5,normal,2026-01-30T10:48:13.293Z,
video,10427,6,video#10427 评论 4：案例很贴近实际，学完能直接上手。,2,normal,2026-01-28T10:48:13.293Z,
video,10428,1,video#10428 评论 1：实例讲解很实用，收藏了。,7,normal,2026-02-03T10:48:13.293Z,
video,10428,2,video#10428 评论 2：案例很贴近实际，学完能直接上手。,6,normal,2026-01-24T10:48:13.293Z,
video,10428,3,video#10428 评论 3：重点知识点总结得不错，复习方便。,6,normal,2026-01-29T10:48:13.293Z,
video,10428,4,video#10428 评论 4：希望后续更新更多进阶内容。,3,normal,2026-01-24T10:48:13.293Z,
video,10429,5,video#10429 评论 1：案例很贴近实际，学完能直接上手。,1,normal,2026-01-27T10:48:13.293Z,
video,10429,6,video#10429 评论 2：实例讲解很实用，收藏了。,4,normal,2026-01-30T10:48:13.293Z,
video,10429,1,video#10429 评论 3：如果能加配套资料就更好了。,4,normal,2026-02-02T10:48:13.293Z,
video,10429,2,video#10429 评论 4：希望后续更新更多进阶内容。,0,normal,2026-01-31T10:48:13.293Z,
video,10430,3,video#10430 评论 1：希望后续更新更多进阶内容。,5,normal,2026-01-31T10:48:13.293Z,
video,10430,4,video#10430 评论 2：讲师讲解很细，适合零基础。,4,normal,2026-01-22T10:48:13.293Z,
video,10430,5,video#10430 评论 3：内容有深度但不晦涩，体验很好。,0,normal,2026-02-03T10:48:13.293Z,
video,10430,6,video#10430 评论 4：课程结构清晰，学习路线明了。,6,normal,2026-01-30T10:48:13.293Z,
video,10431,1,video#10431 评论 1：课程结构清晰，学习路线明了。,5,normal,2026-01-26T10:48:13.293Z,
video,10431,2,video#10431 评论 2：如果能加配套资料就更好了。,6,normal,2026-01-23T10:48:13.293Z,
video,10431,3,video#10431 评论 3：希望后续更新更多进阶内容。,2,normal,2026-01-31T10:48:13.293Z,
video,10431,4,video#10431 评论 4：希望后续更新更多进阶内容。,2,normal,2026-02-02T10:48:13.293Z,
video,10432,5,video#10432 评论 1：讲师讲解很细，适合零基础。,4,normal,2026-02-02T10:48:13.293Z,
video,10432,6,video#10432 评论 2：这节课讲得很清楚，重点很明确。,0,normal,2026-02-04T10:48:13.293Z,
video,10432,1,video#10432 评论 3：如果能加配套资料就更好了。,4,normal,2026-01-26T10:48:13.293Z,
video,10432,2,video#10432 评论 4：讲师讲解很细，适合零基础。,2,normal,2026-01-28T10:48:13.293Z,
video,10433,3,video#10433 评论 1：内容有深度但不晦涩，体验很好。,3,normal,2026-02-03T10:48:13.293Z,
video,10433,4,video#10433 评论 2：内容有深度但不晦涩，体验很好。,0,normal,2026-02-04T10:48:13.293Z,
video,10433,5,video#10433 评论 3：节奏刚好，建议再补充一点练习题。,7,normal,2026-01-23T10:48:13.293Z,
video,10433,6,video#10433 评论 4：课程结构清晰，学习路线明了。,5,normal,2026-02-01T10:48:13.293Z,
video,10434,1,video#10434 评论 1：讲师讲解很细，适合零基础。,5,normal,2026-01-22T10:48:13.293Z,
video,10434,2,video#10434 评论 2：课程结构清晰，学习路线明了。,1,normal,2026-01-30T10:48:13.293Z,
video,10434,3,video#10434 评论 3：讲师讲解很细，适合零基础。,4,normal,2026-01-24T10:48:13.293Z,
video,10434,4,video#10434 评论 4：这节课讲得很清楚，重点很明确。,4,normal,2026-02-01T10:48:13.293Z,
video,10435,5,video#10435 评论 1：实例讲解很实用，收藏了。,2,normal,2026-01-29T10:48:13.293Z,
video,10435,6,video#10435 评论 2：案例很贴近实际，学完能直接上手。,6,normal,2026-02-04T10:48:13.293Z,
video,10435,1,video#10435 评论 3：重点知识点总结得不错，复习方便。,6,normal,2026-01-26T10:48:13.293Z,
video,10435,2,video#10435 评论 4：课程结构清晰，学习路线明了。,4,normal,2026-01-29T10:48:13.293Z,
video,10436,3,video#10436 评论 1：如果能加配套资料就更好了。,1,normal,2026-01-31T10:48:13.293Z,
video,10436,4,video#10436 评论 2：这节课讲得很清楚，重点很明确。,6,normal,2026-01-25T10:48:13.293Z,
video,10436,5,video#10436 评论 3：案例很贴近实际，学完能直接上手。,6,normal,2026-02-02T10:48:13.293Z,
video,10436,6,video#10436 评论 4：实例讲解很实用，收藏了。,1,normal,2026-01-25T10:48:13.293Z,
video,10437,1,video#10437 评论 1：内容有深度但不晦涩，体验很好。,3,normal,2026-01-31T10:48:13.293Z,
video,10437,2,video#10437 评论 2：课程结构清晰，学习路线明了。,1,normal,2026-02-02T10:48:13.293Z,
video,10437,3,video#10437 评论 3：讲师讲解很细，适合零基础。,3,normal,2026-01-24T10:48:13.293Z,
video,10437,4,video#10437 评论 4：讲师讲解很细，适合零基础。,5,normal,2026-02-04T10:48:13.293Z,
video,10438,5,video#10438 评论 1：实例讲解很实用，收藏了。,7,normal,2026-01-22T10:48:13.293Z,
video,10438,6,video#10438 评论 2：节奏刚好，建议再补充一点练习题。,6,normal,2026-02-02T10:48:13.293Z,
video,10438,1,video#10438 评论 3：重点知识点总结得不错，复习方便。,0,normal,2026-01-26T10:48:13.293Z,
video,10438,2,video#10438 评论 4：讲师讲解很细，适合零基础。,5,normal,2026-01-28T10:48:13.293Z,
video,10439,3,video#10439 评论 1：实例讲解很实用，收藏了。,6,normal,2026-01-29T10:48:13.293Z,
video,10439,4,video#10439 评论 2：案例很贴近实际，学完能直接上手。,4,normal,2026-01-25T10:48:13.293Z,
video,10439,5,video#10439 评论 3：希望后续更新更多进阶内容。,1,normal,2026-01-25T10:48:13.293Z,
video,10439,6,video#10439 评论 4：课程结构清晰，学习路线明了。,7,normal,2026-02-04T10:48:13.293Z,
video,10440,1,video#10440 评论 1：希望后续更新更多进阶内容。,3,normal,2026-02-01T10:48:13.293Z,
video,10440,2,video#10440 评论 2：案例很贴近实际，学完能直接上手。,6,normal,2026-02-01T10:48:13.293Z,
video,10440,3,video#10440 评论 3：希望后续更新更多进阶内容。,5,normal,2026-02-02T10:48:13.293Z,
video,10440,4,video#10440 评论 4：这节课讲得很清楚，重点很明确。,0,normal,2026-01-27T10:48:13.293Z,
video,10441,5,video#10441 评论 1：节奏刚好，建议再补充一点练习题。,5,normal,2026-02-02T10:48:13.293Z,
video,10441,6,video#10441 评论 2：这节课讲得很清楚，重点很明确。,6,normal,2026-02-03T10:48:13.293Z,
video,10441,1,video#10441 评论 3：课程结构清晰，学习路线明了。,6,normal,2026-01-30T10:48:13.293Z,
video,10441,2,video#10441 评论 4：讲师讲解很细，适合零基础。,3,normal,2026-01-26T10:48:13.293Z,
video,10442,3,video#10442 评论 1：希望后续更新更多进阶内容。,7,normal,2026-02-03T10:48:13.293Z,
video,10442,4,video#10442 评论 2：重点知识点总结得不错，复习方便。,6,normal,2026-01-25T10:48:13.293Z,
video,10442,5,video#10442 评论 3：重点知识点总结得不错，复习方便。,7,normal,2026-01-27T10:48:13.293Z,
video,10442,6,video#10442 评论 4：案例很贴近实际，学完能直接上手。,0,normal,2026-01-23T10:48:13.293Z,
video,10443,1,video#10443 评论 1：内容有深度但不晦涩，体验很好。,3,normal,2026-02-02T10:48:13.293Z,
video,10443,2,video#10443 评论 2：案例很贴近实际，学完能直接上手。,3,normal,2026-02-04T10:48:13.293Z,
video,10443,3,video#10443 评论 3：如果能加配套资料就更好了。,3,normal,2026-01-30T10:48:13.293Z,
video,10443,4,video#10443 评论 4：案例很贴近实际，学完能直接上手。,6,normal,2026-01-28T10:48:13.293Z,
video,10444,5,video#10444 评论 1：讲师讲解很细，适合零基础。,3,normal,2026-02-04T10:48:13.293Z,
video,10444,6,video#10444 评论 2：内容有深度但不晦涩，体验很好。,4,normal,2026-01-25T10:48:13.293Z,
video,10444,1,video#10444 评论 3：希望后续更新更多进阶内容。,1,normal,2026-01-26T10:48:13.293Z,
video,10444,2,video#10444 评论 4：讲师讲解很细，适合零基础。,7,normal,2026-02-02T10:48:13.293Z,
video,10445,3,video#10445 评论 1：希望后续更新更多进阶内容。,5,normal,2026-01-30T10:48:13.293Z,
video,10445,4,video#10445 评论 2：这节课讲得很清楚，重点很明确。,0,normal,2026-01-22T10:48:13.293Z,
video,10445,5,video#10445 评论 3：重点知识点总结得不错，复习方便。,1,normal,2026-01-22T10:48:13.293Z,
video,10445,6,video#10445 评论 4：课程结构清晰，学习路线明了。,3,normal,2026-01-23T10:48:13.293Z,
video,10446,1,video#10446 评论 1：实例讲解很实用，收藏了。,3,normal,2026-01-26T10:48:13.293Z,
video,10446,2,video#10446 评论 2：重点知识点总结得不错，复习方便。,4,normal,2026-01-24T10:48:13.293Z,
video,10446,3,video#10446 评论 3：重点知识点总结得不错，复习方便。,2,normal,2026-02-02T10:48:13.293Z,
video,10446,4,video#10446 评论 4：讲师讲解很细，适合零基础。,1,normal,2026-01-26T10:48:13.293Z,
video,10447,5,video#10447 评论 1：讲师讲解很细，适合零基础。,1,normal,2026-01-23T10:48:13.293Z,
video,10447,6,video#10447 评论 2：课程结构清晰，学习路线明了。,1,normal,2026-01-31T10:48:13.293Z,
video,10447,1,video#10447 评论 3：如果能加配套资料就更好了。,7,normal,2026-01-28T10:48:13.293Z,
video,10447,2,video#10447 评论 4：课程结构清晰，学习路线明了。,1,normal,2026-01-31T10:48:13.293Z,
video,10448,3,video#10448 评论 1：讲师讲解很细，适合零基础。,3,normal,2026-01-27T10:48:13.293Z,
video,10448,4,video#10448 评论 2：如果能加配套资料就更好了。,7,normal,2026-02-01T10:48:13.293Z,
video,10448,5,video#10448 评论 3：希望后续更新更多进阶内容。,2,normal,2026-01-26T10:48:13.293Z,
video,10448,6,video#10448 评论 4：案例很贴近实际，学完能直接上手。,3,normal,2026-01-29T10:48:13.293Z,
video,10449,1,video#10449 评论 1：重点知识点总结得不错，复习方便。,7,normal,2026-01-25T10:48:13.293Z,
video,10449,2,video#10449 评论 2：重点知识点总结得不错，复习方便。,4,normal,2026-01-23T10:48:13.293Z,
video,10449,3,video#10449 评论 3：案例很贴近实际，学完能直接上手。,3,normal,2026-02-03T10:48:13.293Z,
video,10449,4,video#10449 评论 4：希望后续更新更多进阶内容。,3,normal,2026-01-22T10:48:13.293Z,
video,10450,5,video#10450 评论 1：重点知识点总结得不错，复习方便。,5,normal,2026-02-02T10:48:13.293Z,
video,10450,6,video#10450 评论 2：实例讲解很实用，收藏了。,2,normal,2026-01-25T10:48:13.293Z,
video,10450,1,video#10450 评论 3：案例很贴近实际，学完能直接上手。,6,normal,2026-01-28T10:48:13.293Z,
video,10450,2,video#10450 评论 4：这节课讲得很清楚，重点很明确。,5,normal,2026-02-03T10:48:13.293Z,
video,10451,3,video#10451 评论 1：节奏刚好，建议再补充一点练习题。,0,normal,2026-01-25T10:48:13.293Z,
video,10451,4,video#10451 评论 2：案例很贴近实际，学完能直接上手。,0,normal,2026-02-01T10:48:13.293Z,
video,10451,5,video#10451 评论 3：如果能加配套资料就更好了。,6,normal,2026-01-31T10:48:13.293Z,
video,10451,6,video#10451 评论 4：实例讲解很实用，收藏了。,5,normal,2026-02-03T10:48:13.293Z,
video,10452,1,video#10452 评论 1：讲师讲解很细，适合零基础。,4,normal,2026-02-03T10:48:13.293Z,
video,10452,2,video#10452 评论 2：节奏刚好，建议再补充一点练习题。,5,normal,2026-01-22T10:48:13.293Z,
video,10452,3,video#10452 评论 3：实例讲解很实用，收藏了。,0,normal,2026-01-31T10:48:13.293Z,
video,10452,4,video#10452 评论 4：节奏刚好，建议再补充一点练习题。,1,normal,2026-01-26T10:48:13.293Z,
video,10453,5,video#10453 评论 1：课程结构清晰，学习路线明了。,6,normal,2026-01-26T10:48:13.293Z,
video,10453,6,video#10453 评论 2：重点知识点总结得不错，复习方便。,6,normal,2026-02-04T10:48:13.293Z,
video,10453,1,video#10453 评论 3：这节课讲得很清楚，重点很明确。,1,normal,2026-01-25T10:48:13.293Z,
video,10453,2,video#10453 评论 4：如果能加配套资料就更好了。,0,normal,2026-02-02T10:48:13.293Z,
video,10454,3,video#10454 评论 1：重点知识点总结得不错，复习方便。,3,normal,2026-01-26T10:48:13.293Z,
video,10454,4,video#10454 评论 2：案例很贴近实际，学完能直接上手。,0,normal,2026-02-02T10:48:13.293Z,
video,10454,5,video#10454 评论 3：课程结构清晰，学习路线明了。,4,normal,2026-02-03T10:48:13.293Z,
video,10454,6,video#10454 评论 4：节奏刚好，建议再补充一点练习题。,6,normal,2026-02-02T10:48:13.293Z,
video,10455,1,video#10455 评论 1：希望后续更新更多进阶内容。,7,normal,2026-02-01T10:48:13.293Z,
video,10455,2,video#10455 评论 2：内容有深度但不晦涩，体验很好。,3,normal,2026-01-24T10:48:13.293Z,
video,10455,3,video#10455 评论 3：实例讲解很实用，收藏了。,6,normal,2026-01-27T10:48:13.293Z,
video,10455,4,video#10455 评论 4：节奏刚好，建议再补充一点练习题。,4,normal,2026-01-29T10:48:13.293Z,
video,10456,5,video#10456 评论 1：重点知识点总结得不错，复习方便。,4,normal,2026-01-27T10:48:13.293Z,
video,10456,6,video#10456 评论 2：这节课讲得很清楚，重点很明确。,5,normal,2026-01-24T10:48:13.293Z,
video,10456,1,video#10456 评论 3：重点知识点总结得不错，复习方便。,0,normal,2026-01-27T10:48:13.293Z,
video,10456,2,video#10456 评论 4：重点知识点总结得不错，复习方便。,7,normal,2026-01-23T10:48:13.293Z,
video,10457,3,video#10457 评论 1：重点知识点总结得不错，复习方便。,6,normal,2026-02-03T10:48:13.293Z,
video,10457,4,video#10457 评论 2：希望后续更新更多进阶内容。,2,normal,2026-01-27T10:48:13.293Z,
video,10457,5,video#10457 评论 3：重点知识点总结得不错，复习方便。,2,normal,2026-02-03T10:48:13.293Z,
video,10457,6,video#10457 评论 4：这节课讲得很清楚，重点很明确。,0,normal,2026-01-23T10:48:13.293Z,
video,10458,1,video#10458 评论 1：内容有深度但不晦涩，体验很好。,0,normal,2026-02-03T10:48:13.293Z,
video,10458,2,video#10458 评论 2：实例讲解很实用，收藏了。,6,normal,2026-02-04T10:48:13.293Z,
video,10458,3,video#10458 评论 3：实例讲解很实用，收藏了。,4,normal,2026-01-28T10:48:13.294Z,
video,10458,4,video#10458 评论 4：节奏刚好，建议再补充一点练习题。,1,normal,2026-02-04T10:48:13.294Z,
video,10459,5,video#10459 评论 1：节奏刚好，建议再补充一点练习题。,0,normal,2026-02-02T10:48:13.294Z,
video,10459,6,video#10459 评论 2：如果能加配套资料就更好了。,0,normal,2026-02-01T10:48:13.294Z,
video,10459,1,video#10459 评论 3：实例讲解很实用，收藏了。,4,normal,2026-02-01T10:48:13.294Z,
video,10459,2,video#10459 评论 4：实例讲解很实用，收藏了。,7,normal,2026-01-25T10:48:13.294Z,
video,10460,3,video#10460 评论 1：节奏刚好，建议再补充一点练习题。,2,normal,2026-01-26T10:48:13.294Z,
video,10460,4,video#10460 评论 2：课程结构清晰，学习路线明了。,3,normal,2026-01-31T10:48:13.294Z,
video,10460,5,video#10460 评论 3：重点知识点总结得不错，复习方便。,3,normal,2026-02-04T10:48:13.294Z,
video,10460,6,video#10460 评论 4：案例很贴近实际，学完能直接上手。,7,normal,2026-01-29T10:48:13.294Z,
video,10461,1,video#10461 评论 1：如果能加配套资料就更好了。,4,normal,2026-02-02T10:48:13.294Z,
video,10461,2,video#10461 评论 2：希望后续更新更多进阶内容。,0,normal,2026-01-30T10:48:13.294Z,
video,10461,3,video#10461 评论 3：实例讲解很实用，收藏了。,0,normal,2026-01-30T10:48:13.294Z,
video,10461,4,video#10461 评论 4：案例很贴近实际，学完能直接上手。,4,normal,2026-01-26T10:48:13.294Z,
video,10462,5,video#10462 评论 1：希望后续更新更多进阶内容。,0,normal,2026-01-28T10:48:13.294Z,
video,10462,6,video#10462 评论 2：课程结构清晰，学习路线明了。,1,normal,2026-02-01T10:48:13.294Z,
video,10462,1,video#10462 评论 3：如果能加配套资料就更好了。,0,normal,2026-01-31T10:48:13.294Z,
video,10462,2,video#10462 评论 4：课程结构清晰，学习路线明了。,6,normal,2026-01-27T10:48:13.294Z,
video,10463,3,video#10463 评论 1：这节课讲得很清楚，重点很明确。,7,normal,2026-01-26T10:48:13.294Z,
video,10463,4,video#10463 评论 2：如果能加配套资料就更好了。,4,normal,2026-01-27T10:48:13.294Z,
video,10463,5,video#10463 评论 3：希望后续更新更多进阶内容。,1,normal,2026-02-03T10:48:13.294Z,
video,10463,6,video#10463 评论 4：实例讲解很实用，收藏了。,2,normal,2026-01-28T10:48:13.294Z,
video,10464,1,video#10464 评论 1：如果能加配套资料就更好了。,7,normal,2026-01-23T10:48:13.294Z,
video,10464,2,video#10464 评论 2：希望后续更新更多进阶内容。,0,normal,2026-01-22T10:48:13.294Z,
video,10464,3,video#10464 评论 3：如果能加配套资料就更好了。,7,normal,2026-01-22T10:48:13.294Z,
video,10464,4,video#10464 评论 4：重点知识点总结得不错，复习方便。,1,normal,2026-01-25T10:48:13.294Z,
video,10465,5,video#10465 评论 1：这节课讲得很清楚，重点很明确。,5,normal,2026-01-26T10:48:13.294Z,
video,10465,6,video#10465 评论 2：讲师讲解很细，适合零基础。,0,normal,2026-01-25T10:48:13.294Z,
video,10465,1,video#10465 评论 3：案例很贴近实际，学完能直接上手。,4,normal,2026-02-04T10:48:13.294Z,
video,10465,2,video#10465 评论 4：讲师讲解很细，适合零基础。,6,normal,2026-01-22T10:48:13.294Z,
video,10466,3,video#10466 评论 1：节奏刚好，建议再补充一点练习题。,1,normal,2026-01-22T10:48:13.294Z,
video,10466,4,video#10466 评论 2：这节课讲得很清楚，重点很明确。,2,normal,2026-01-25T10:48:13.294Z,
video,10466,5,video#10466 评论 3：案例很贴近实际，学完能直接上手。,1,normal,2026-02-02T10:48:13.294Z,
video,10466,6,video#10466 评论 4：希望后续更新更多进阶内容。,2,normal,2026-01-24T10:48:13.294Z,
video,10467,1,video#10467 评论 1：课程结构清晰，学习路线明了。,2,normal,2026-01-23T10:48:13.294Z,
video,10467,2,video#10467 评论 2：实例讲解很实用，收藏了。,5,normal,2026-02-02T10:48:13.294Z,
video,10467,3,video#10467 评论 3：重点知识点总结得不错，复习方便。,4,normal,2026-01-25T10:48:13.294Z,
video,10467,4,video#10467 评论 4：如果能加配套资料就更好了。,5,normal,2026-02-02T10:48:13.294Z,
video,10468,5,video#10468 评论 1：案例很贴近实际，学完能直接上手。,4,normal,2026-01-27T10:48:13.294Z,
video,10468,6,video#10468 评论 2：讲师讲解很细，适合零基础。,3,normal,2026-02-01T10:48:13.294Z,
video,10468,1,video#10468 评论 3：讲师讲解很细，适合零基础。,1,normal,2026-02-04T10:48:13.294Z,
video,10468,2,video#10468 评论 4：案例很贴近实际，学完能直接上手。,5,normal,2026-01-27T10:48:13.294Z,
video,10469,3,video#10469 评论 1：案例很贴近实际，学完能直接上手。,2,normal,2026-01-24T10:48:13.294Z,
video,10469,4,video#10469 评论 2：案例很贴近实际，学完能直接上手。,0,normal,2026-02-02T10:48:13.294Z,
video,10469,5,video#10469 评论 3：这节课讲得很清楚，重点很明确。,2,normal,2026-01-23T10:48:13.294Z,
video,10469,6,video#10469 评论 4：内容有深度但不晦涩，体验很好。,6,normal,2026-02-02T10:48:13.294Z,
video,10470,1,video#10470 评论 1：节奏刚好，建议再补充一点练习题。,0,normal,2026-02-04T10:48:13.294Z,
video,10470,2,video#10470 评论 2：课程结构清晰，学习路线明了。,2,normal,2026-01-30T10:48:13.294Z,
video,10470,3,video#10470 评论 3：这节课讲得很清楚，重点很明确。,2,normal,2026-01-23T10:48:13.294Z,
video,10470,4,video#10470 评论 4：案例很贴近实际，学完能直接上手。,6,normal,2026-01-26T10:48:13.294Z,
video,10471,5,video#10471 评论 1：如果能加配套资料就更好了。,0,normal,2026-02-04T10:48:13.294Z,
video,10471,6,video#10471 评论 2：案例很贴近实际，学完能直接上手。,3,normal,2026-01-28T10:48:13.294Z,
video,10471,1,video#10471 评论 3：如果能加配套资料就更好了。,2,normal,2026-02-02T10:48:13.294Z,
video,10471,2,video#10471 评论 4：实例讲解很实用，收藏了。,1,normal,2026-01-26T10:48:13.294Z,
video,10472,3,video#10472 评论 1：节奏刚好，建议再补充一点练习题。,3,normal,2026-01-28T10:48:13.294Z,
video,10472,4,video#10472 评论 2：希望后续更新更多进阶内容。,2,normal,2026-01-30T10:48:13.294Z,
video,10472,5,video#10472 评论 3：案例很贴近实际，学完能直接上手。,0,normal,2026-01-25T10:48:13.294Z,
video,10472,6,video#10472 评论 4：内容有深度但不晦涩，体验很好。,7,normal,2026-02-03T10:48:13.294Z,
video,10473,1,video#10473 评论 1：如果能加配套资料就更好了。,7,normal,2026-02-02T10:48:13.294Z,
video,10473,2,video#10473 评论 2：实例讲解很实用，收藏了。,2,normal,2026-01-27T10:48:13.294Z,
video,10473,3,video#10473 评论 3：希望后续更新更多进阶内容。,5,normal,2026-01-26T10:48:13.294Z,
video,10473,4,video#10473 评论 4：节奏刚好，建议再补充一点练习题。,3,normal,2026-02-02T10:48:13.294Z,
video,10474,5,video#10474 评论 1：讲师讲解很细，适合零基础。,1,normal,2026-01-27T10:48:13.294Z,
video,10474,6,video#10474 评论 2：希望后续更新更多进阶内容。,5,normal,2026-01-27T10:48:13.294Z,
video,10474,1,video#10474 评论 3：内容有深度但不晦涩，体验很好。,3,normal,2026-01-24T10:48:13.294Z,
video,10474,2,video#10474 评论 4：节奏刚好，建议再补充一点练习题。,5,normal,2026-01-28T10:48:13.294Z,
video,10475,3,video#10475 评论 1：重点知识点总结得不错，复习方便。,0,normal,2026-02-03T10:48:13.294Z,
video,10475,4,video#10475 评论 2：这节课讲得很清楚，重点很明确。,3,normal,2026-02-04T10:48:13.294Z,
video,10475,5,video#10475 评论 3：节奏刚好，建议再补充一点练习题。,2,normal,2026-01-24T10:48:13.294Z,
video,10475,6,video#10475 评论 4：内容有深度但不晦涩，体验很好。,5,normal,2026-01-26T10:48:13.294Z,
video,10476,1,video#10476 评论 1：实例讲解很实用，收藏了。,3,normal,2026-01-31T10:48:13.294Z,
video,10476,2,video#10476 评论 2：节奏刚好，建议再补充一点练习题。,7,normal,2026-02-02T10:48:13.294Z,
video,10476,3,video#10476 评论 3：课程结构清晰，学习路线明了。,0,normal,2026-02-04T10:48:13.294Z,
video,10476,4,video#10476 评论 4：这节课讲得很清楚，重点很明确。,5,normal,2026-02-01T10:48:13.294Z,
video,10477,5,video#10477 评论 1：讲师讲解很细，适合零基础。,6,normal,2026-02-01T10:48:13.294Z,
video,10477,6,video#10477 评论 2：如果能加配套资料就更好了。,7,normal,2026-02-02T10:48:13.294Z,
video,10477,1,video#10477 评论 3：这节课讲得很清楚，重点很明确。,1,normal,2026-01-31T10:48:13.294Z,
video,10477,2,video#10477 评论 4：如果能加配套资料就更好了。,2,normal,2026-02-04T10:48:13.294Z,
video,10478,3,video#10478 评论 1：如果能加配套资料就更好了。,3,normal,2026-01-28T10:48:13.294Z,
video,10478,4,video#10478 评论 2：如果能加配套资料就更好了。,2,normal,2026-01-25T10:48:13.294Z,
video,10478,5,video#10478 评论 3：内容有深度但不晦涩，体验很好。,7,normal,2026-01-29T10:48:13.294Z,
video,10478,6,video#10478 评论 4：课程结构清晰，学习路线明了。,5,normal,2026-01-28T10:48:13.294Z,
video,10479,1,video#10479 评论 1：实例讲解很实用，收藏了。,6,normal,2026-01-29T10:48:13.294Z,
video,10479,2,video#10479 评论 2：案例很贴近实际，学完能直接上手。,6,normal,2026-02-04T10:48:13.294Z,
video,10479,3,video#10479 评论 3：内容有深度但不晦涩，体验很好。,4,normal,2026-01-25T10:48:13.294Z,
video,10479,4,video#10479 评论 4：案例很贴近实际，学完能直接上手。,5,normal,2026-01-29T10:48:13.294Z,
video,10480,5,video#10480 评论 1：内容有深度但不晦涩，体验很好。,1,normal,2026-01-25T10:48:13.294Z,
video,10480,6,video#10480 评论 2：如果能加配套资料就更好了。,5,normal,2026-02-04T10:48:13.294Z,
video,10480,1,video#10480 评论 3：这节课讲得很清楚，重点很明确。,3,normal,2026-01-27T10:48:13.294Z,
video,10480,2,video#10480 评论 4：讲师讲解很细，适合零基础。,3,normal,2026-02-04T10:48:13.294Z,
video,10481,3,video#10481 评论 1：讲师讲解很细，适合零基础。,1,normal,2026-01-22T10:48:13.294Z,
video,10481,4,video#10481 评论 2：如果能加配套资料就更好了。,0,normal,2026-01-30T10:48:13.294Z,
video,10481,5,video#10481 评论 3：如果能加配套资料就更好了。,1,normal,2026-01-23T10:48:13.294Z,
video,10481,6,video#10481 评论 4：如果能加配套资料就更好了。,3,normal,2026-01-28T10:48:13.294Z,
video,10482,1,video#10482 评论 1：这节课讲得很清楚，重点很明确。,6,normal,2026-01-31T10:48:13.294Z,
video,10482,2,video#10482 评论 2：这节课讲得很清楚，重点很明确。,5,normal,2026-01-24T10:48:13.294Z,
video,10482,3,video#10482 评论 3：实例讲解很实用，收藏了。,1,normal,2026-01-29T10:48:13.294Z,
video,10482,4,video#10482 评论 4：如果能加配套资料就更好了。,1,normal,2026-01-31T10:48:13.294Z,
video,10483,5,video#10483 评论 1：讲师讲解很细，适合零基础。,1,normal,2026-01-29T10:48:13.294Z,
video,10483,6,video#10483 评论 2：案例很贴近实际，学完能直接上手。,1,normal,2026-01-31T10:48:13.294Z,
video,10483,1,video#10483 评论 3：如果能加配套资料就更好了。,5,normal,2026-01-25T10:48:13.294Z,
video,10483,2,video#10483 评论 4：节奏刚好，建议再补充一点练习题。,6,normal,2026-01-24T10:48:13.294Z,
video,10484,3,video#10484 评论 1：课程结构清晰，学习路线明了。,3,normal,2026-01-25T10:48:13.294Z,
video,10484,4,video#10484 评论 2：课程结构清晰，学习路线明了。,5,normal,2026-02-03T10:48:13.294Z,
video,10484,5,video#10484 评论 3：实例讲解很实用，收藏了。,0,normal,2026-02-02T10:48:13.294Z,
video,10484,6,video#10484 评论 4：重点知识点总结得不错，复习方便。,3,normal,2026-01-30T10:48:13.294Z,
video,10485,1,video#10485 评论 1：课程结构清晰，学习路线明了。,0,normal,2026-01-26T10:48:13.294Z,
video,10485,2,video#10485 评论 2：重点知识点总结得不错，复习方便。,5,normal,2026-01-24T10:48:13.294Z,
video,10485,3,video#10485 评论 3：这节课讲得很清楚，重点很明确。,1,normal,2026-02-03T10:48:13.294Z,
video,10485,4,video#10485 评论 4：实例讲解很实用，收藏了。,7,normal,2026-01-26T10:48:13.294Z,
video,10486,5,video#10486 评论 1：案例很贴近实际，学完能直接上手。,4,normal,2026-02-03T10:48:13.294Z,
video,10486,6,video#10486 评论 2：如果能加配套资料就更好了。,7,normal,2026-02-01T10:48:13.294Z,
video,10486,1,video#10486 评论 3：重点知识点总结得不错，复习方便。,4,normal,2026-01-23T10:48:13.294Z,
video,10486,2,video#10486 评论 4：重点知识点总结得不错，复习方便。,4,normal,2026-02-03T10:48:13.294Z,
video,10487,3,video#10487 评论 1：节奏刚好，建议再补充一点练习题。,4,normal,2026-01-29T10:48:13.294Z,
video,10487,4,video#10487 评论 2：案例很贴近实际，学完能直接上手。,0,normal,2026-01-24T10:48:13.294Z,
video,10487,5,video#10487 评论 3：内容有深度但不晦涩，体验很好。,2,normal,2026-01-29T10:48:13.294Z,
video,10487,6,video#10487 评论 4：希望后续更新更多进阶内容。,4,normal,2026-01-29T10:48:13.294Z,
video,10488,1,video#10488 评论 1：实例讲解很实用，收藏了。,0,normal,2026-01-24T10:48:13.294Z,
video,10488,2,video#10488 评论 2：案例很贴近实际，学完能直接上手。,4,normal,2026-01-28T10:48:13.294Z,
video,10488,3,video#10488 评论 3：希望后续更新更多进阶内容。,0,normal,2026-02-01T10:48:13.294Z,
video,10488,4,video#10488 评论 4：如果能加配套资料就更好了。,5,normal,2026-01-23T10:48:13.294Z,
video,10489,5,video#10489 评论 1：课程结构清晰，学习路线明了。,4,normal,2026-01-29T10:48:13.294Z,
video,10489,6,video#10489 评论 2：案例很贴近实际，学完能直接上手。,2,normal,2026-01-30T10:48:13.294Z,
video,10489,1,video#10489 评论 3：内容有深度但不晦涩，体验很好。,4,normal,2026-01-28T10:48:13.294Z,
video,10489,2,video#10489 评论 4：如果能加配套资料就更好了。,3,normal,2026-01-27T10:48:13.294Z,
video,10490,3,video#10490 评论 1：实例讲解很实用，收藏了。,7,normal,2026-01-22T10:48:13.294Z,
video,10490,4,video#10490 评论 2：希望后续更新更多进阶内容。,7,normal,2026-02-01T10:48:13.294Z,
video,10490,5,video#10490 评论 3：希望后续更新更多进阶内容。,6,normal,2026-01-23T10:48:13.294Z,
video,10490,6,video#10490 评论 4：课程结构清晰，学习路线明了。,7,normal,2026-01-24T10:48:13.294Z,
video,10491,1,video#10491 评论 1：重点知识点总结得不错，复习方便。,2,normal,2026-01-31T10:48:13.294Z,
video,10491,2,video#10491 评论 2：内容有深度但不晦涩，体验很好。,3,normal,2026-02-03T10:48:13.294Z,
video,10491,3,video#10491 评论 3：重点知识点总结得不错，复习方便。,2,normal,2026-01-28T10:48:13.294Z,
video,10491,4,video#10491 评论 4：重点知识点总结得不错，复习方便。,2,normal,2026-02-02T10:48:13.294Z,
video,10492,5,video#10492 评论 1：课程结构清晰，学习路线明了。,5,normal,2026-02-02T10:48:13.294Z,
video,10492,6,video#10492 评论 2：这节课讲得很清楚，重点很明确。,6,normal,2026-01-24T10:48:13.294Z,
video,10492,1,video#10492 评论 3：节奏刚好，建议再补充一点练习题。,1,normal,2026-01-27T10:48:13.294Z,
video,10492,2,video#10492 评论 4：重点知识点总结得不错，复习方便。,6,normal,2026-01-24T10:48:13.294Z,
video,10493,3,video#10493 评论 1：希望后续更新更多进阶内容。,6,normal,2026-01-29T10:48:13.294Z,
video,10493,4,video#10493 评论 2：讲师讲解很细，适合零基础。,6,normal,2026-01-28T10:48:13.294Z,
video,10493,5,video#10493 评论 3：实例讲解很实用，收藏了。,7,normal,2026-02-02T10:48:13.294Z,
video,10493,6,video#10493 评论 4：课程结构清晰，学习路线明了。,3,normal,2026-02-01T10:48:13.294Z,
video,10494,1,video#10494 评论 1：重点知识点总结得不错，复习方便。,4,normal,2026-02-04T10:48:13.294Z,
video,10494,2,video#10494 评论 2：这节课讲得很清楚，重点很明确。,6,normal,2026-02-01T10:48:13.294Z,
video,10494,3,video#10494 评论 3：课程结构清晰，学习路线明了。,3,normal,2026-01-31T10:48:13.294Z,
video,10494,4,video#10494 评论 4：如果能加配套资料就更好了。,5,normal,2026-01-30T10:48:13.294Z,
video,10495,5,video#10495 评论 1：课程结构清晰，学习路线明了。,5,normal,2026-01-29T10:48:13.294Z,
video,10495,6,video#10495 评论 2：案例很贴近实际，学完能直接上手。,1,normal,2026-01-30T10:48:13.294Z,
video,10495,1,video#10495 评论 3：如果能加配套资料就更好了。,4,normal,2026-02-03T10:48:13.294Z,
video,10495,2,video#10495 评论 4：课程结构清晰，学习路线明了。,6,normal,2026-01-29T10:48:13.294Z,
video,10496,3,video#10496 评论 1：讲师讲解很细，适合零基础。,5,normal,2026-01-29T10:48:13.294Z,
video,10496,4,video#10496 评论 2：课程结构清晰，学习路线明了。,2,normal,2026-01-30T10:48:13.294Z,
video,10496,5,video#10496 评论 3：实例讲解很实用，收藏了。,7,normal,2026-02-02T10:48:13.294Z,
video,10496,6,video#10496 评论 4：课程结构清晰，学习路线明了。,5,normal,2026-01-25T10:48:13.294Z,
video,10497,1,video#10497 评论 1：课程结构清晰，学习路线明了。,0,normal,2026-01-26T10:48:13.294Z,
video,10497,2,video#10497 评论 2：节奏刚好，建议再补充一点练习题。,0,normal,2026-01-29T10:48:13.294Z,
video,10497,3,video#10497 评论 3：节奏刚好，建议再补充一点练习题。,3,normal,2026-01-24T10:48:13.294Z,
video,10497,4,video#10497 评论 4：内容有深度但不晦涩，体验很好。,4,normal,2026-01-22T10:48:13.294Z,
video,10498,5,video#10498 评论 1：希望后续更新更多进阶内容。,3,normal,2026-01-27T10:48:13.294Z,
video,10498,6,video#10498 评论 2：实例讲解很实用，收藏了。,5,normal,2026-01-22T10:48:13.294Z,
video,10498,1,video#10498 评论 3：内容有深度但不晦涩，体验很好。,3,normal,2026-01-29T10:48:13.294Z,
video,10498,2,video#10498 评论 4：讲师讲解很细，适合零基础。,2,normal,2026-01-23T10:48:13.294Z,
video,10499,3,video#10499 评论 1：内容有深度但不晦涩，体验很好。,5,normal,2026-02-01T10:48:13.294Z,
video,10499,4,video#10499 评论 2：节奏刚好，建议再补充一点练习题。,3,normal,2026-02-03T10:48:13.294Z,
video,10499,5,video#10499 评论 3：希望后续更新更多进阶内容。,5,normal,2026-01-28T10:48:13.294Z,
video,10499,6,video#10499 评论 4：实例讲解很实用，收藏了。,6,normal,2026-01-26T10:48:13.294Z,
video,10500,1,video#10500 评论 1：内容有深度但不晦涩，体验很好。,4,normal,2026-01-26T10:48:13.294Z,
video,10500,2,video#10500 评论 2：内容有深度但不晦涩，体验很好。,7,normal,2026-01-27T10:48:13.294Z,
video,10500,3,video#10500 评论 3：课程结构清晰，学习路线明了。,2,normal,2026-01-30T10:48:13.294Z,
video,10500,4,video#10500 评论 4：讲师讲解很细，适合零基础。,6,normal,2026-02-02T10:48:13.294Z,
video,10501,5,video#10501 评论 1：讲师讲解很细，适合零基础。,0,normal,2026-01-29T10:48:13.294Z,
video,10501,6,video#10501 评论 2：讲师讲解很细，适合零基础。,1,normal,2026-01-26T10:48:13.294Z,
video,10501,1,video#10501 评论 3：内容有深度但不晦涩，体验很好。,3,normal,2026-01-31T10:48:13.294Z,
video,10501,2,video#10501 评论 4：如果能加配套资料就更好了。,3,normal,2026-02-04T10:48:13.294Z,
video,10502,3,video#10502 评论 1：这节课讲得很清楚，重点很明确。,2,normal,2026-02-03T10:48:13.294Z,
video,10502,4,video#10502 评论 2：这节课讲得很清楚，重点很明确。,0,normal,2026-01-23T10:48:13.294Z,
video,10502,5,video#10502 评论 3：讲师讲解很细，适合零基础。,0,normal,2026-01-30T10:48:13.294Z,
video,10502,6,video#10502 评论 4：如果能加配套资料就更好了。,7,normal,2026-01-22T10:48:13.294Z,
video,10503,1,video#10503 评论 1：课程结构清晰，学习路线明了。,4,normal,2026-01-27T10:48:13.294Z,
video,10503,2,video#10503 评论 2：节奏刚好，建议再补充一点练习题。,1,normal,2026-02-02T10:48:13.294Z,
video,10503,3,video#10503 评论 3：案例很贴近实际，学完能直接上手。,2,normal,2026-02-02T10:48:13.294Z,
video,10503,4,video#10503 评论 4：这节课讲得很清楚，重点很明确。,1,normal,2026-02-02T10:48:13.294Z,
video,10504,5,video#10504 评论 1：内容有深度但不晦涩，体验很好。,6,normal,2026-01-27T10:48:13.294Z,
video,10504,6,video#10504 评论 2：如果能加配套资料就更好了。,2,normal,2026-02-04T10:48:13.294Z,
video,10504,1,video#10504 评论 3：节奏刚好，建议再补充一点练习题。,3,normal,2026-01-30T10:48:13.294Z,
video,10504,2,video#10504 评论 4：讲师讲解很细，适合零基础。,2,normal,2026-01-28T10:48:13.294Z,
video,10505,3,video#10505 评论 1：节奏刚好，建议再补充一点练习题。,5,normal,2026-01-22T10:48:13.294Z,
video,10505,4,video#10505 评论 2：实例讲解很实用，收藏了。,3,normal,2026-01-27T10:48:13.294Z,
video,10505,5,video#10505 评论 3：内容有深度但不晦涩，体验很好。,1,normal,2026-02-04T10:48:13.294Z,
video,10505,6,video#10505 评论 4：课程结构清晰，学习路线明了。,4,normal,2026-01-23T10:48:13.294Z,
video,10506,1,video#10506 评论 1：案例很贴近实际，学完能直接上手。,6,normal,2026-01-26T10:48:13.294Z,
video,10506,2,video#10506 评论 2：节奏刚好，建议再补充一点练习题。,5,normal,2026-01-30T10:48:13.294Z,
video,10506,3,video#10506 评论 3：重点知识点总结得不错，复习方便。,5,normal,2026-01-23T10:48:13.294Z,
video,10506,4,video#10506 评论 4：希望后续更新更多进阶内容。,5,normal,2026-01-25T10:48:13.294Z,
video,10507,5,video#10507 评论 1：讲师讲解很细，适合零基础。,3,normal,2026-01-30T10:48:13.294Z,
video,10507,6,video#10507 评论 2：节奏刚好，建议再补充一点练习题。,2,normal,2026-01-27T10:48:13.294Z,
video,10507,1,video#10507 评论 3：节奏刚好，建议再补充一点练习题。,7,normal,2026-02-01T10:48:13.294Z,
video,10507,2,video#10507 评论 4：这节课讲得很清楚，重点很明确。,3,normal,2026-01-30T10:48:13.294Z,
video,10508,3,video#10508 评论 1：希望后续更新更多进阶内容。,0,normal,2026-02-03T10:48:13.294Z,
video,10508,4,video#10508 评论 2：希望后续更新更多进阶内容。,7,normal,2026-01-29T10:48:13.294Z,
video,10508,5,video#10508 评论 3：节奏刚好，建议再补充一点练习题。,5,normal,2026-01-31T10:48:13.294Z,
video,10508,6,video#10508 评论 4：希望后续更新更多进阶内容。,6,normal,2026-01-22T10:48:13.294Z,
video,10509,1,video#10509 评论 1：希望后续更新更多进阶内容。,5,normal,2026-02-04T10:48:13.294Z,
video,10509,2,video#10509 评论 2：案例很贴近实际，学完能直接上手。,7,normal,2026-02-03T10:48:13.294Z,
video,10509,3,video#10509 评论 3：课程结构清晰，学习路线明了。,0,normal,2026-02-02T10:48:13.294Z,
video,10509,4,video#10509 评论 4：课程结构清晰，学习路线明了。,1,normal,2026-01-25T10:48:13.294Z,
video,10510,5,video#10510 评论 1：案例很贴近实际，学完能直接上手。,1,normal,2026-01-23T10:48:13.294Z,
video,10510,6,video#10510 评论 2：实例讲解很实用，收藏了。,4,normal,2026-01-24T10:48:13.294Z,
video,10510,1,video#10510 评论 3：案例很贴近实际，学完能直接上手。,4,normal,2026-02-02T10:48:13.294Z,
video,10510,2,video#10510 评论 4：如果能加配套资料就更好了。,6,normal,2026-01-22T10:48:13.294Z,
video,10511,3,video#10511 评论 1：如果能加配套资料就更好了。,4,normal,2026-01-30T10:48:13.294Z,
video,10511,4,video#10511 评论 2：实例讲解很实用，收藏了。,0,normal,2026-02-01T10:48:13.294Z,
video,10511,5,video#10511 评论 3：实例讲解很实用，收藏了。,5,normal,2026-01-26T10:48:13.294Z,
video,10511,6,video#10511 评论 4：内容有深度但不晦涩，体验很好。,6,normal,2026-01-25T10:48:13.294Z,
video,10512,1,video#10512 评论 1：课程结构清晰，学习路线明了。,1,normal,2026-01-23T10:48:13.294Z,
video,10512,2,video#10512 评论 2：希望后续更新更多进阶内容。,7,normal,2026-01-24T10:48:13.294Z,
video,10512,3,video#10512 评论 3：这节课讲得很清楚，重点很明确。,1,normal,2026-02-02T10:48:13.294Z,
video,10512,4,video#10512 评论 4：这节课讲得很清楚，重点很明确。,3,normal,2026-02-03T10:48:13.294Z,
video,10513,5,video#10513 评论 1：重点知识点总结得不错，复习方便。,3,normal,2026-01-31T10:48:13.294Z,
video,10513,6,video#10513 评论 2：内容有深度但不晦涩，体验很好。,5,normal,2026-01-23T10:48:13.294Z,
video,10513,1,video#10513 评论 3：重点知识点总结得不错，复习方便。,2,normal,2026-02-03T10:48:13.294Z,
video,10513,2,video#10513 评论 4：希望后续更新更多进阶内容。,0,normal,2026-01-22T10:48:13.294Z,
video,10514,3,video#10514 评论 1：重点知识点总结得不错，复习方便。,3,normal,2026-01-30T10:48:13.294Z,
video,10514,4,video#10514 评论 2：讲师讲解很细，适合零基础。,7,normal,2026-01-29T10:48:13.294Z,
video,10514,5,video#10514 评论 3：案例很贴近实际，学完能直接上手。,5,normal,2026-01-27T10:48:13.294Z,
video,10514,6,video#10514 评论 4：希望后续更新更多进阶内容。,6,normal,2026-01-31T10:48:13.294Z,
video,10515,1,video#10515 评论 1：案例很贴近实际，学完能直接上手。,7,normal,2026-01-22T10:48:13.294Z,
video,10515,2,video#10515 评论 2：案例很贴近实际，学完能直接上手。,4,normal,2026-02-03T10:48:13.294Z,
video,10515,3,video#10515 评论 3：实例讲解很实用，收藏了。,3,normal,2026-01-26T10:48:13.294Z,
video,10515,4,video#10515 评论 4：案例很贴近实际，学完能直接上手。,6,normal,2026-02-04T10:48:13.294Z,
video,10516,5,video#10516 评论 1：内容有深度但不晦涩，体验很好。,4,normal,2026-01-26T10:48:13.294Z,
video,10516,6,video#10516 评论 2：重点知识点总结得不错，复习方便。,2,normal,2026-02-04T10:48:13.294Z,
video,10516,1,video#10516 评论 3：如果能加配套资料就更好了。,4,normal,2026-02-02T10:48:13.294Z,
video,10516,2,video#10516 评论 4：重点知识点总结得不错，复习方便。,7,normal,2026-02-04T10:48:13.294Z,
video,10517,3,video#10517 评论 1：讲师讲解很细，适合零基础。,4,normal,2026-01-26T10:48:13.294Z,
video,10517,4,video#10517 评论 2：如果能加配套资料就更好了。,1,normal,2026-01-24T10:48:13.294Z,
video,10517,5,video#10517 评论 3：节奏刚好，建议再补充一点练习题。,4,normal,2026-02-03T10:48:13.294Z,
video,10517,6,video#10517 评论 4：如果能加配套资料就更好了。,2,normal,2026-02-04T10:48:13.294Z,
video,10518,1,video#10518 评论 1：实例讲解很实用，收藏了。,3,normal,2026-01-28T10:48:13.294Z,
video,10518,2,video#10518 评论 2：实例讲解很实用，收藏了。,0,normal,2026-02-02T10:48:13.294Z,
video,10518,3,video#10518 评论 3：内容有深度但不晦涩，体验很好。,1,normal,2026-01-30T10:48:13.294Z,
video,10518,4,video#10518 评论 4：内容有深度但不晦涩，体验很好。,7,normal,2026-01-24T10:48:13.294Z,
video,10519,5,video#10519 评论 1：课程结构清晰，学习路线明了。,0,normal,2026-01-31T10:48:13.294Z,
video,10519,6,video#10519 评论 2：讲师讲解很细，适合零基础。,5,normal,2026-01-26T10:48:13.294Z,
video,10519,1,video#10519 评论 3：内容有深度但不晦涩，体验很好。,5,normal,2026-02-01T10:48:13.294Z,
video,10519,2,video#10519 评论 4：如果能加配套资料就更好了。,6,normal,2026-02-03T10:48:13.294Z,
video,10520,3,video#10520 评论 1：讲师讲解很细，适合零基础。,2,normal,2026-01-27T10:48:13.294Z,
video,10520,4,video#10520 评论 2：实例讲解很实用，收藏了。,0,normal,2026-02-04T10:48:13.294Z,
video,10520,5,video#10520 评论 3：课程结构清晰，学习路线明了。,3,normal,2026-01-24T10:48:13.294Z,
video,10520,6,video#10520 评论 4：讲师讲解很细，适合零基础。,3,normal,2026-01-22T10:48:13.294Z,
video,10521,1,video#10521 评论 1：讲师讲解很细，适合零基础。,1,normal,2026-01-29T10:48:13.294Z,
video,10521,2,video#10521 评论 2：希望后续更新更多进阶内容。,6,normal,2026-01-31T10:48:13.294Z,
video,10521,3,video#10521 评论 3：重点知识点总结得不错，复习方便。,2,normal,2026-01-30T10:48:13.294Z,
video,10521,4,video#10521 评论 4：如果能加配套资料就更好了。,7,normal,2026-01-27T10:48:13.294Z,
video,10522,5,video#10522 评论 1：讲师讲解很细，适合零基础。,6,normal,2026-02-03T10:48:13.294Z,
video,10522,6,video#10522 评论 2：这节课讲得很清楚，重点很明确。,3,normal,2026-01-22T10:48:13.294Z,
video,10522,1,video#10522 评论 3：实例讲解很实用，收藏了。,3,normal,2026-01-26T10:48:13.294Z,
video,10522,2,video#10522 评论 4：希望后续更新更多进阶内容。,2,normal,2026-01-26T10:48:13.294Z,
video,10523,3,video#10523 评论 1：希望后续更新更多进阶内容。,7,normal,2026-02-04T10:48:13.294Z,
video,10523,4,video#10523 评论 2：重点知识点总结得不错，复习方便。,5,normal,2026-01-23T10:48:13.294Z,
video,10523,5,video#10523 评论 3：希望后续更新更多进阶内容。,0,normal,2026-01-24T10:48:13.294Z,
video,10523,6,video#10523 评论 4：希望后续更新更多进阶内容。,4,normal,2026-01-28T10:48:13.294Z,
video,10524,1,video#10524 评论 1：内容有深度但不晦涩，体验很好。,1,normal,2026-01-27T10:48:13.294Z,
video,10524,2,video#10524 评论 2：节奏刚好，建议再补充一点练习题。,4,normal,2026-02-04T10:48:13.294Z,
video,10524,3,video#10524 评论 3：案例很贴近实际，学完能直接上手。,4,normal,2026-01-31T10:48:13.294Z,
video,10524,4,video#10524 评论 4：这节课讲得很清楚，重点很明确。,1,normal,2026-02-02T10:48:13.294Z,
video,10525,5,video#10525 评论 1：重点知识点总结得不错，复习方便。,7,normal,2026-02-04T10:48:13.294Z,
video,10525,6,video#10525 评论 2：希望后续更新更多进阶内容。,6,normal,2026-01-31T10:48:13.294Z,
video,10525,1,video#10525 评论 3：课程结构清晰，学习路线明了。,4,normal,2026-01-22T10:48:13.294Z,
video,10525,2,video#10525 评论 4：这节课讲得很清楚，重点很明确。,4,normal,2026-01-24T10:48:13.294Z,
video,10526,3,video#10526 评论 1：内容有深度但不晦涩，体验很好。,7,normal,2026-02-02T10:48:13.294Z,
video,10526,4,video#10526 评论 2：课程结构清晰，学习路线明了。,7,normal,2026-01-25T10:48:13.294Z,
video,10526,5,video#10526 评论 3：希望后续更新更多进阶内容。,2,normal,2026-01-29T10:48:13.294Z,
video,10526,6,video#10526 评论 4：内容有深度但不晦涩，体验很好。,1,normal,2026-01-26T10:48:13.294Z,
video,10527,1,video#10527 评论 1：案例很贴近实际，学完能直接上手。,4,normal,2026-01-23T10:48:13.294Z,
video,10527,2,video#10527 评论 2：讲师讲解很细，适合零基础。,3,normal,2026-01-26T10:48:13.294Z,
video,10527,3,video#10527 评论 3：内容有深度但不晦涩，体验很好。,0,normal,2026-01-22T10:48:13.294Z,
video,10527,4,video#10527 评论 4：实例讲解很实用，收藏了。,3,normal,2026-02-03T10:48:13.294Z,
video,10528,5,video#10528 评论 1：案例很贴近实际，学完能直接上手。,1,normal,2026-02-01T10:48:13.294Z,
video,10528,6,video#10528 评论 2：重点知识点总结得不错，复习方便。,1,normal,2026-02-04T10:48:13.294Z,
video,10528,1,video#10528 评论 3：实例讲解很实用，收藏了。,6,normal,2026-01-22T10:48:13.294Z,
video,10528,2,video#10528 评论 4：重点知识点总结得不错，复习方便。,6,normal,2026-02-01T10:48:13.294Z,
video,10529,3,video#10529 评论 1：内容有深度但不晦涩，体验很好。,7,normal,2026-01-24T10:48:13.294Z,
video,10529,4,video#10529 评论 2：内容有深度但不晦涩，体验很好。,5,normal,2026-01-25T10:48:13.294Z,
video,10529,5,video#10529 评论 3：实例讲解很实用，收藏了。,3,normal,2026-02-01T10:48:13.294Z,
video,10529,6,video#10529 评论 4：如果能加配套资料就更好了。,3,normal,2026-01-28T10:48:13.294Z,
video,10530,1,video#10530 评论 1：这节课讲得很清楚，重点很明确。,5,normal,2026-01-28T10:48:13.294Z,
video,10530,2,video#10530 评论 2：内容有深度但不晦涩，体验很好。,5,normal,2026-01-23T10:48:13.294Z,
video,10530,3,video#10530 评论 3：希望后续更新更多进阶内容。,3,normal,2026-02-04T10:48:13.294Z,
video,10530,4,video#10530 评论 4：希望后续更新更多进阶内容。,6,normal,2026-01-28T10:48:13.294Z,
video,10531,5,video#10531 评论 1：讲师讲解很细，适合零基础。,4,normal,2026-02-02T10:48:13.294Z,
video,10531,6,video#10531 评论 2：重点知识点总结得不错，复习方便。,4,normal,2026-01-28T10:48:13.294Z,
video,10531,1,video#10531 评论 3：希望后续更新更多进阶内容。,4,normal,2026-01-24T10:48:13.294Z,
video,10531,2,video#10531 评论 4：课程结构清晰，学习路线明了。,0,normal,2026-01-24T10:48:13.294Z,
video,10532,3,video#10532 评论 1：这节课讲得很清楚，重点很明确。,7,normal,2026-01-23T10:48:13.294Z,
video,10532,4,video#10532 评论 2：节奏刚好，建议再补充一点练习题。,4,normal,2026-01-30T10:48:13.294Z,
video,10532,5,video#10532 评论 3：节奏刚好，建议再补充一点练习题。,4,normal,2026-01-25T10:48:13.294Z,
video,10532,6,video#10532 评论 4：讲师讲解很细，适合零基础。,5,normal,2026-01-24T10:48:13.294Z,
video,10533,1,video#10533 评论 1：重点知识点总结得不错，复习方便。,2,normal,2026-01-23T10:48:13.294Z,
video,10533,2,video#10533 评论 2：重点知识点总结得不错，复习方便。,5,normal,2026-01-23T10:48:13.294Z,
video,10533,3,video#10533 评论 3：如果能加配套资料就更好了。,6,normal,2026-02-01T10:48:13.294Z,
video,10533,4,video#10533 评论 4：如果能加配套资料就更好了。,3,normal,2026-01-24T10:48:13.294Z,
video,10534,5,video#10534 评论 1：重点知识点总结得不错，复习方便。,4,normal,2026-02-04T10:48:13.294Z,
video,10534,6,video#10534 评论 2：案例很贴近实际，学完能直接上手。,4,normal,2026-01-29T10:48:13.294Z,
video,10534,1,video#10534 评论 3：内容有深度但不晦涩，体验很好。,5,normal,2026-01-27T10:48:13.294Z,
video,10534,2,video#10534 评论 4：希望后续更新更多进阶内容。,3,normal,2026-01-31T10:48:13.294Z,
video,10535,3,video#10535 评论 1：希望后续更新更多进阶内容。,3,normal,2026-01-25T10:48:13.294Z,
video,10535,4,video#10535 评论 2：如果能加配套资料就更好了。,6,normal,2026-01-29T10:48:13.294Z,
video,10535,5,video#10535 评论 3：重点知识点总结得不错，复习方便。,1,normal,2026-01-24T10:48:13.294Z,
video,10535,6,video#10535 评论 4：重点知识点总结得不错，复习方便。,7,normal,2026-01-27T10:48:13.294Z,
video,10536,1,video#10536 评论 1：希望后续更新更多进阶内容。,5,normal,2026-01-29T10:48:13.294Z,
video,10536,2,video#10536 评论 2：讲师讲解很细，适合零基础。,1,normal,2026-01-31T10:48:13.294Z,
video,10536,3,video#10536 评论 3：这节课讲得很清楚，重点很明确。,2,normal,2026-02-03T10:48:13.294Z,
video,10536,4,video#10536 评论 4：课程结构清晰，学习路线明了。,7,normal,2026-02-03T10:48:13.294Z,
video,10537,5,video#10537 评论 1：节奏刚好，建议再补充一点练习题。,2,normal,2026-01-22T10:48:13.294Z,
video,10537,6,video#10537 评论 2：课程结构清晰，学习路线明了。,5,normal,2026-01-22T10:48:13.294Z,
video,10537,1,video#10537 评论 3：这节课讲得很清楚，重点很明确。,0,normal,2026-01-23T10:48:13.294Z,
video,10537,2,video#10537 评论 4：讲师讲解很细，适合零基础。,5,normal,2026-01-28T10:48:13.294Z,
video,10538,3,video#10538 评论 1：实例讲解很实用，收藏了。,6,normal,2026-01-26T10:48:13.294Z,
video,10538,4,video#10538 评论 2：如果能加配套资料就更好了。,2,normal,2026-01-24T10:48:13.294Z,
video,10538,5,video#10538 评论 3：如果能加配套资料就更好了。,5,normal,2026-02-04T10:48:13.294Z,
video,10538,6,video#10538 评论 4：节奏刚好，建议再补充一点练习题。,6,normal,2026-01-30T10:48:13.294Z,
video,10539,1,video#10539 评论 1：节奏刚好，建议再补充一点练习题。,7,normal,2026-01-26T10:48:13.294Z,
video,10539,2,video#10539 评论 2：节奏刚好，建议再补充一点练习题。,0,normal,2026-01-23T10:48:13.294Z,
video,10539,3,video#10539 评论 3：实例讲解很实用，收藏了。,5,normal,2026-01-24T10:48:13.294Z,
video,10539,4,video#10539 评论 4：内容有深度但不晦涩，体验很好。,1,normal,2026-01-25T10:48:13.294Z,
video,10540,5,video#10540 评论 1：重点知识点总结得不错，复习方便。,7,normal,2026-02-02T10:48:13.294Z,
video,10540,6,video#10540 评论 2：重点知识点总结得不错，复习方便。,1,normal,2026-01-22T10:48:13.294Z,
video,10540,1,video#10540 评论 3：节奏刚好，建议再补充一点练习题。,2,normal,2026-02-04T10:48:13.294Z,
video,10540,2,video#10540 评论 4：如果能加配套资料就更好了。,0,normal,2026-01-27T10:48:13.294Z,
video,10541,3,video#10541 评论 1：这节课讲得很清楚，重点很明确。,6,normal,2026-01-30T10:48:13.294Z,
video,10541,4,video#10541 评论 2：讲师讲解很细，适合零基础。,1,normal,2026-01-30T10:48:13.294Z,
video,10541,5,video#10541 评论 3：如果能加配套资料就更好了。,4,normal,2026-01-25T10:48:13.294Z,
video,10541,6,video#10541 评论 4：内容有深度但不晦涩，体验很好。,3,normal,2026-01-31T10:48:13.294Z,
video,10542,1,video#10542 评论 1：希望后续更新更多进阶内容。,5,normal,2026-01-26T10:48:13.294Z,
video,10542,2,video#10542 评论 2：希望后续更新更多进阶内容。,4,normal,2026-01-31T10:48:13.294Z,
video,10542,3,video#10542 评论 3：实例讲解很实用，收藏了。,0,normal,2026-01-25T10:48:13.294Z,
video,10542,4,video#10542 评论 4：内容有深度但不晦涩，体验很好。,0,normal,2026-01-24T10:48:13.294Z,
video,10543,5,video#10543 评论 1：内容有深度但不晦涩，体验很好。,4,normal,2026-01-26T10:48:13.294Z,
video,10543,6,video#10543 评论 2：内容有深度但不晦涩，体验很好。,4,normal,2026-01-28T10:48:13.294Z,
video,10543,1,video#10543 评论 3：讲师讲解很细，适合零基础。,3,normal,2026-01-30T10:48:13.294Z,
video,10543,2,video#10543 评论 4：实例讲解很实用，收藏了。,3,normal,2026-01-29T10:48:13.294Z,
video,10544,3,video#10544 评论 1：希望后续更新更多进阶内容。,5,normal,2026-02-01T10:48:13.294Z,
video,10544,4,video#10544 评论 2：讲师讲解很细，适合零基础。,1,normal,2026-01-30T10:48:13.294Z,
video,10544,5,video#10544 评论 3：节奏刚好，建议再补充一点练习题。,2,normal,2026-01-29T10:48:13.294Z,
video,10544,6,video#10544 评论 4：课程结构清晰，学习路线明了。,6,normal,2026-01-26T10:48:13.294Z,
video,10545,1,video#10545 评论 1：这节课讲得很清楚，重点很明确。,6,normal,2026-02-01T10:48:13.294Z,
video,10545,2,video#10545 评论 2：讲师讲解很细，适合零基础。,0,normal,2026-02-04T10:48:13.294Z,
video,10545,3,video#10545 评论 3：讲师讲解很细，适合零基础。,2,normal,2026-01-26T10:48:13.294Z,
video,10545,4,video#10545 评论 4：重点知识点总结得不错，复习方便。,2,normal,2026-01-31T10:48:13.294Z,
video,10546,5,video#10546 评论 1：如果能加配套资料就更好了。,0,normal,2026-02-01T10:48:13.294Z,
video,10546,6,video#10546 评论 2：案例很贴近实际，学完能直接上手。,2,normal,2026-02-03T10:48:13.294Z,
video,10546,1,video#10546 评论 3：重点知识点总结得不错，复习方便。,1,normal,2026-01-30T10:48:13.294Z,
video,10546,2,video#10546 评论 4：如果能加配套资料就更好了。,0,normal,2026-01-24T10:48:13.294Z,
video,10547,3,video#10547 评论 1：重点知识点总结得不错，复习方便。,2,normal,2026-01-28T10:48:13.294Z,
video,10547,4,video#10547 评论 2：案例很贴近实际，学完能直接上手。,3,normal,2026-01-29T10:48:13.294Z,
video,10547,5,video#10547 评论 3：实例讲解很实用，收藏了。,3,normal,2026-01-24T10:48:13.294Z,
video,10547,6,video#10547 评论 4：重点知识点总结得不错，复习方便。,1,normal,2026-01-24T10:48:13.294Z,
video,10548,1,video#10548 评论 1：这节课讲得很清楚，重点很明确。,7,normal,2026-01-28T10:48:13.294Z,
video,10548,2,video#10548 评论 2：希望后续更新更多进阶内容。,6,normal,2026-01-23T10:48:13.294Z,
video,10548,3,video#10548 评论 3：希望后续更新更多进阶内容。,3,normal,2026-02-02T10:48:13.294Z,
video,10548,4,video#10548 评论 4：如果能加配套资料就更好了。,4,normal,2026-01-31T10:48:13.294Z,
video,10549,5,video#10549 评论 1：课程结构清晰，学习路线明了。,6,normal,2026-02-02T10:48:13.294Z,
video,10549,6,video#10549 评论 2：实例讲解很实用，收藏了。,1,normal,2026-01-26T10:48:13.294Z,
video,10549,1,video#10549 评论 3：讲师讲解很细，适合零基础。,3,normal,2026-01-24T10:48:13.294Z,
video,10549,2,video#10549 评论 4：讲师讲解很细，适合零基础。,2,normal,2026-02-02T10:48:13.294Z,
video,10550,3,video#10550 评论 1：这节课讲得很清楚，重点很明确。,5,normal,2026-01-28T10:48:13.294Z,
video,10550,4,video#10550 评论 2：讲师讲解很细，适合零基础。,4,normal,2026-02-04T10:48:13.294Z,
video,10550,5,video#10550 评论 3：实例讲解很实用，收藏了。,7,normal,2026-02-02T10:48:13.294Z,
video,10550,6,video#10550 评论 4：节奏刚好，建议再补充一点练习题。,6,normal,2026-02-02T10:48:13.294Z,
video,10551,1,video#10551 评论 1：实例讲解很实用，收藏了。,4,normal,2026-02-04T10:48:13.294Z,
video,10551,2,video#10551 评论 2：内容有深度但不晦涩，体验很好。,4,normal,2026-01-31T10:48:13.294Z,
video,10551,3,video#10551 评论 3：课程结构清晰，学习路线明了。,5,normal,2026-02-04T10:48:13.294Z,
video,10551,4,video#10551 评论 4：重点知识点总结得不错，复习方便。,5,normal,2026-01-23T10:48:13.294Z,
video,10552,5,video#10552 评论 1：实例讲解很实用，收藏了。,6,normal,2026-01-30T10:48:13.294Z,
video,10552,6,video#10552 评论 2：节奏刚好，建议再补充一点练习题。,5,normal,2026-01-23T10:48:13.294Z,
video,10552,1,video#10552 评论 3：案例很贴近实际，学完能直接上手。,0,normal,2026-01-29T10:48:13.294Z,
video,10552,2,video#10552 评论 4：这节课讲得很清楚，重点很明确。,7,normal,2026-01-25T10:48:13.294Z,
video,10553,3,video#10553 评论 1：重点知识点总结得不错，复习方便。,3,normal,2026-01-30T10:48:13.294Z,
video,10553,4,video#10553 评论 2：这节课讲得很清楚，重点很明确。,2,normal,2026-02-03T10:48:13.294Z,
video,10553,5,video#10553 评论 3：课程结构清晰，学习路线明了。,1,normal,2026-02-01T10:48:13.294Z,
video,10553,6,video#10553 评论 4：案例很贴近实际，学完能直接上手。,7,normal,2026-01-31T10:48:13.294Z,
video,10554,1,video#10554 评论 1：重点知识点总结得不错，复习方便。,4,normal,2026-02-03T10:48:13.294Z,
video,10554,2,video#10554 评论 2：希望后续更新更多进阶内容。,0,normal,2026-01-25T10:48:13.294Z,
video,10554,3,video#10554 评论 3：希望后续更新更多进阶内容。,4,normal,2026-02-02T10:48:13.294Z,
video,10554,4,video#10554 评论 4：如果能加配套资料就更好了。,7,normal,2026-02-03T10:48:13.294Z,
video,10555,5,video#10555 评论 1：如果能加配套资料就更好了。,6,normal,2026-02-04T10:48:13.294Z,
video,10555,6,video#10555 评论 2：这节课讲得很清楚，重点很明确。,5,normal,2026-01-26T10:48:13.294Z,
video,10555,1,video#10555 评论 3：这节课讲得很清楚，重点很明确。,3,normal,2026-01-25T10:48:13.294Z,
video,10555,2,video#10555 评论 4：重点知识点总结得不错，复习方便。,4,normal,2026-02-02T10:48:13.294Z,
video,10556,3,video#10556 评论 1：重点知识点总结得不错，复习方便。,6,normal,2026-01-28T10:48:13.294Z,
video,10556,4,video#10556 评论 2：希望后续更新更多进阶内容。,3,normal,2026-02-02T10:48:13.294Z,
video,10556,5,video#10556 评论 3：这节课讲得很清楚，重点很明确。,6,normal,2026-01-31T10:48:13.294Z,
video,10556,6,video#10556 评论 4：这节课讲得很清楚，重点很明确。,0,normal,2026-02-04T10:48:13.294Z,
video,10557,1,video#10557 评论 1：内容有深度但不晦涩，体验很好。,5,normal,2026-01-28T10:48:13.294Z,
video,10557,2,video#10557 评论 2：实例讲解很实用，收藏了。,0,normal,2026-01-22T10:48:13.294Z,
video,10557,3,video#10557 评论 3：如果能加配套资料就更好了。,1,normal,2026-01-25T10:48:13.294Z,
video,10557,4,video#10557 评论 4：希望后续更新更多进阶内容。,5,normal,2026-02-02T10:48:13.294Z,
video,10558,5,video#10558 评论 1：节奏刚好，建议再补充一点练习题。,2,normal,2026-01-26T10:48:13.294Z,
video,10558,6,video#10558 评论 2：讲师讲解很细，适合零基础。,7,normal,2026-01-28T10:48:13.294Z,
video,10558,1,video#10558 评论 3：实例讲解很实用，收藏了。,2,normal,2026-02-02T10:48:13.294Z,
video,10558,2,video#10558 评论 4：这节课讲得很清楚，重点很明确。,4,normal,2026-01-24T10:48:13.294Z,
video,10559,3,video#10559 评论 1：节奏刚好，建议再补充一点练习题。,4,normal,2026-01-30T10:48:13.294Z,
video,10559,4,video#10559 评论 2：课程结构清晰，学习路线明了。,0,normal,2026-01-27T10:48:13.294Z,
video,10559,5,video#10559 评论 3：实例讲解很实用，收藏了。,1,normal,2026-01-31T10:48:13.294Z,
video,10559,6,video#10559 评论 4：希望后续更新更多进阶内容。,3,normal,2026-01-28T10:48:13.294Z,
video,10560,1,video#10560 评论 1：讲师讲解很细，适合零基础。,7,normal,2026-01-30T10:48:13.294Z,
video,10560,2,video#10560 评论 2：讲师讲解很细，适合零基础。,7,normal,2026-02-03T10:48:13.294Z,
video,10560,3,video#10560 评论 3：如果能加配套资料就更好了。,3,normal,2026-01-31T10:48:13.294Z,
video,10560,4,video#10560 评论 4：案例很贴近实际，学完能直接上手。,3,normal,2026-02-03T10:48:13.294Z,
video,10561,5,video#10561 评论 1：讲师讲解很细，适合零基础。,7,normal,2026-02-03T10:48:13.294Z,
video,10561,6,video#10561 评论 2：实例讲解很实用，收藏了。,3,normal,2026-02-01T10:48:13.294Z,
video,10561,1,video#10561 评论 3：如果能加配套资料就更好了。,2,normal,2026-01-31T10:48:13.294Z,
video,10561,2,video#10561 评论 4：重点知识点总结得不错，复习方便。,0,normal,2026-02-03T10:48:13.294Z,
video,10562,3,video#10562 评论 1：希望后续更新更多进阶内容。,3,normal,2026-02-01T10:48:13.294Z,
video,10562,4,video#10562 评论 2：实例讲解很实用，收藏了。,3,normal,2026-01-30T10:48:13.294Z,
video,10562,5,video#10562 评论 3：讲师讲解很细，适合零基础。,3,normal,2026-01-30T10:48:13.294Z,
video,10562,6,video#10562 评论 4：希望后续更新更多进阶内容。,6,normal,2026-01-28T10:48:13.294Z,
video,10563,1,video#10563 评论 1：内容有深度但不晦涩，体验很好。,5,normal,2026-02-01T10:48:13.294Z,
video,10563,2,video#10563 评论 2：节奏刚好，建议再补充一点练习题。,7,normal,2026-01-26T10:48:13.294Z,
video,10563,3,video#10563 评论 3：内容有深度但不晦涩，体验很好。,1,normal,2026-01-27T10:48:13.294Z,
video,10563,4,video#10563 评论 4：课程结构清晰，学习路线明了。,7,normal,2026-01-26T10:48:13.294Z,
video,10564,5,video#10564 评论 1：节奏刚好，建议再补充一点练习题。,2,normal,2026-01-30T10:48:13.294Z,
video,10564,6,video#10564 评论 2：如果能加配套资料就更好了。,4,normal,2026-02-04T10:48:13.294Z,
video,10564,1,video#10564 评论 3：重点知识点总结得不错，复习方便。,7,normal,2026-02-03T10:48:13.294Z,
video,10564,2,video#10564 评论 4：重点知识点总结得不错，复习方便。,7,normal,2026-01-31T10:48:13.294Z,
video,10565,3,video#10565 评论 1：希望后续更新更多进阶内容。,2,normal,2026-01-30T10:48:13.294Z,
video,10565,4,video#10565 评论 2：实例讲解很实用，收藏了。,4,normal,2026-01-29T10:48:13.294Z,
video,10565,5,video#10565 评论 3：内容有深度但不晦涩，体验很好。,6,normal,2026-01-30T10:48:13.294Z,
video,10565,6,video#10565 评论 4：内容有深度但不晦涩，体验很好。,3,normal,2026-02-03T10:48:13.294Z,
video,10566,1,video#10566 评论 1：这节课讲得很清楚，重点很明确。,3,normal,2026-01-23T10:48:13.294Z,
video,10566,2,video#10566 评论 2：这节课讲得很清楚，重点很明确。,6,normal,2026-01-26T10:48:13.294Z,
video,10566,3,video#10566 评论 3：重点知识点总结得不错，复习方便。,7,normal,2026-01-25T10:48:13.294Z,
video,10566,4,video#10566 评论 4：重点知识点总结得不错，复习方便。,0,normal,2026-01-26T10:48:13.294Z,
video,10567,5,video#10567 评论 1：如果能加配套资料就更好了。,1,normal,2026-01-25T10:48:13.294Z,
video,10567,6,video#10567 评论 2：重点知识点总结得不错，复习方便。,0,normal,2026-01-28T10:48:13.294Z,
video,10567,1,video#10567 评论 3：节奏刚好，建议再补充一点练习题。,2,normal,2026-01-26T10:48:13.294Z,
video,10567,2,video#10567 评论 4：重点知识点总结得不错，复习方便。,7,normal,2026-02-01T10:48:13.294Z,
video,10568,3,video#10568 评论 1：如果能加配套资料就更好了。,7,normal,2026-02-02T10:48:13.294Z,
video,10568,4,video#10568 评论 2：重点知识点总结得不错，复习方便。,0,normal,2026-01-27T10:48:13.294Z,
video,10568,5,video#10568 评论 3：内容有深度但不晦涩，体验很好。,6,normal,2026-01-30T10:48:13.294Z,
video,10568,6,video#10568 评论 4：这节课讲得很清楚，重点很明确。,3,normal,2026-02-02T10:48:13.294Z,
video,10569,1,video#10569 评论 1：案例很贴近实际，学完能直接上手。,7,normal,2026-01-28T10:48:13.294Z,
video,10569,2,video#10569 评论 2：内容有深度但不晦涩，体验很好。,7,normal,2026-01-30T10:48:13.294Z,
video,10569,3,video#10569 评论 3：希望后续更新更多进阶内容。,0,normal,2026-01-30T10:48:13.294Z,
video,10569,4,video#10569 评论 4：内容有深度但不晦涩，体验很好。,2,normal,2026-01-31T10:48:13.294Z,
video,10570,5,video#10570 评论 1：实例讲解很实用，收藏了。,2,normal,2026-01-28T10:48:13.294Z,
video,10570,6,video#10570 评论 2：希望后续更新更多进阶内容。,6,normal,2026-01-23T10:48:13.294Z,
video,10570,1,video#10570 评论 3：这节课讲得很清楚，重点很明确。,3,normal,2026-01-30T10:48:13.294Z,
video,10570,2,video#10570 评论 4：实例讲解很实用，收藏了。,4,normal,2026-01-28T10:48:13.294Z,
video,10571,3,video#10571 评论 1：如果能加配套资料就更好了。,3,normal,2026-02-04T10:48:13.294Z,
video,10571,4,video#10571 评论 2：如果能加配套资料就更好了。,1,normal,2026-01-30T10:48:13.294Z,
video,10571,5,video#10571 评论 3：节奏刚好，建议再补充一点练习题。,5,normal,2026-01-29T10:48:13.294Z,
video,10571,6,video#10571 评论 4：节奏刚好，建议再补充一点练习题。,6,normal,2026-01-31T10:48:13.294Z,
video,10572,1,video#10572 评论 1：这节课讲得很清楚，重点很明确。,1,normal,2026-01-31T10:48:13.294Z,
video,10572,2,video#10572 评论 2：节奏刚好，建议再补充一点练习题。,0,normal,2026-01-28T10:48:13.294Z,
video,10572,3,video#10572 评论 3：案例很贴近实际，学完能直接上手。,7,normal,2026-01-30T10:48:13.294Z,
video,10572,4,video#10572 评论 4：如果能加配套资料就更好了。,7,normal,2026-02-01T10:48:13.294Z,
video,10573,5,video#10573 评论 1：节奏刚好，建议再补充一点练习题。,3,normal,2026-01-23T10:48:13.294Z,
video,10573,6,video#10573 评论 2：实例讲解很实用，收藏了。,3,normal,2026-01-29T10:48:13.294Z,
video,10573,1,video#10573 评论 3：节奏刚好，建议再补充一点练习题。,7,normal,2026-01-26T10:48:13.294Z,
video,10573,2,video#10573 评论 4：实例讲解很实用，收藏了。,5,normal,2026-01-22T10:48:13.294Z,
video,10574,3,video#10574 评论 1：这节课讲得很清楚，重点很明确。,0,normal,2026-02-03T10:48:13.294Z,
video,10574,4,video#10574 评论 2：案例很贴近实际，学完能直接上手。,6,normal,2026-02-02T10:48:13.294Z,
video,10574,5,video#10574 评论 3：这节课讲得很清楚，重点很明确。,5,normal,2026-01-23T10:48:13.294Z,
video,10574,6,video#10574 评论 4：如果能加配套资料就更好了。,0,normal,2026-01-25T10:48:13.294Z,
video,10575,1,video#10575 评论 1：希望后续更新更多进阶内容。,7,normal,2026-01-29T10:48:13.294Z,
video,10575,2,video#10575 评论 2：重点知识点总结得不错，复习方便。,4,normal,2026-01-24T10:48:13.294Z,
video,10575,3,video#10575 评论 3：内容有深度但不晦涩，体验很好。,6,normal,2026-02-02T10:48:13.294Z,
video,10575,4,video#10575 评论 4：希望后续更新更多进阶内容。,0,normal,2026-01-25T10:48:13.294Z,
video,10576,5,video#10576 评论 1：重点知识点总结得不错，复习方便。,0,normal,2026-01-29T10:48:13.294Z,
video,10576,6,video#10576 评论 2：如果能加配套资料就更好了。,4,normal,2026-01-26T10:48:13.294Z,
video,10576,1,video#10576 评论 3：如果能加配套资料就更好了。,5,normal,2026-01-25T10:48:13.294Z,
video,10576,2,video#10576 评论 4：讲师讲解很细，适合零基础。,7,normal,2026-02-03T10:48:13.294Z,
video,10577,3,video#10577 评论 1：课程结构清晰，学习路线明了。,1,normal,2026-01-27T10:48:13.294Z,
video,10577,4,video#10577 评论 2：内容有深度但不晦涩，体验很好。,1,normal,2026-01-24T10:48:13.294Z,
video,10577,5,video#10577 评论 3：内容有深度但不晦涩，体验很好。,0,normal,2026-01-28T10:48:13.294Z,
video,10577,6,video#10577 评论 4：讲师讲解很细，适合零基础。,7,normal,2026-01-24T10:48:13.294Z,
video,10578,1,video#10578 评论 1：重点知识点总结得不错，复习方便。,7,normal,2026-01-24T10:48:13.294Z,
video,10578,2,video#10578 评论 2：课程结构清晰，学习路线明了。,2,normal,2026-01-31T10:48:13.294Z,
video,10578,3,video#10578 评论 3：重点知识点总结得不错，复习方便。,5,normal,2026-01-30T10:48:13.294Z,
video,10578,4,video#10578 评论 4：实例讲解很实用，收藏了。,7,normal,2026-02-01T10:48:13.294Z,
video,10579,5,video#10579 评论 1：这节课讲得很清楚，重点很明确。,6,normal,2026-02-02T10:48:13.294Z,
video,10579,6,video#10579 评论 2：节奏刚好，建议再补充一点练习题。,1,normal,2026-01-30T10:48:13.294Z,
video,10579,1,video#10579 评论 3：重点知识点总结得不错，复习方便。,0,normal,2026-01-22T10:48:13.294Z,
video,10579,2,video#10579 评论 4：实例讲解很实用，收藏了。,0,normal,2026-02-02T10:48:13.294Z,
video,10580,3,video#10580 评论 1：案例很贴近实际，学完能直接上手。,7,normal,2026-01-30T10:48:13.294Z,
video,10580,4,video#10580 评论 2：这节课讲得很清楚，重点很明确。,4,normal,2026-01-23T10:48:13.294Z,
video,10580,5,video#10580 评论 3：这节课讲得很清楚，重点很明确。,1,normal,2026-01-30T10:48:13.294Z,
video,10580,6,video#10580 评论 4：重点知识点总结得不错，复习方便。,0,normal,2026-01-31T10:48:13.294Z,
video,10581,1,video#10581 评论 1：课程结构清晰，学习路线明了。,5,normal,2026-02-03T10:48:13.294Z,
video,10581,2,video#10581 评论 2：讲师讲解很细，适合零基础。,4,normal,2026-02-03T10:48:13.294Z,
video,10581,3,video#10581 评论 3：这节课讲得很清楚，重点很明确。,6,normal,2026-01-26T10:48:13.294Z,
video,10581,4,video#10581 评论 4：节奏刚好，建议再补充一点练习题。,3,normal,2026-01-27T10:48:13.294Z,
video,10582,5,video#10582 评论 1：如果能加配套资料就更好了。,7,normal,2026-01-24T10:48:13.294Z,
video,10582,6,video#10582 评论 2：实例讲解很实用，收藏了。,4,normal,2026-01-23T10:48:13.294Z,
video,10582,1,video#10582 评论 3：重点知识点总结得不错，复习方便。,0,normal,2026-01-26T10:48:13.294Z,
video,10582,2,video#10582 评论 4：内容有深度但不晦涩，体验很好。,7,normal,2026-01-22T10:48:13.294Z,
video,10583,3,video#10583 评论 1：实例讲解很实用，收藏了。,0,normal,2026-01-25T10:48:13.294Z,
video,10583,4,video#10583 评论 2：重点知识点总结得不错，复习方便。,5,normal,2026-01-24T10:48:13.294Z,
video,10583,5,video#10583 评论 3：重点知识点总结得不错，复习方便。,0,normal,2026-02-01T10:48:13.294Z,
video,10583,6,video#10583 评论 4：讲师讲解很细，适合零基础。,3,normal,2026-01-23T10:48:13.294Z,
video,10584,1,video#10584 评论 1：内容有深度但不晦涩，体验很好。,5,normal,2026-01-28T10:48:13.294Z,
video,10584,2,video#10584 评论 2：案例很贴近实际，学完能直接上手。,7,normal,2026-01-29T10:48:13.294Z,
video,10584,3,video#10584 评论 3：这节课讲得很清楚，重点很明确。,2,normal,2026-01-26T10:48:13.294Z,
video,10584,4,video#10584 评论 4：这节课讲得很清楚，重点很明确。,5,normal,2026-02-01T10:48:13.294Z,
video,10585,5,video#10585 评论 1：重点知识点总结得不错，复习方便。,3,normal,2026-01-22T10:48:13.294Z,
video,10585,6,video#10585 评论 2：重点知识点总结得不错，复习方便。,4,normal,2026-01-31T10:48:13.294Z,
video,10585,1,video#10585 评论 3：案例很贴近实际，学完能直接上手。,6,normal,2026-02-02T10:48:13.294Z,
video,10585,2,video#10585 评论 4：案例很贴近实际，学完能直接上手。,2,normal,2026-01-28T10:48:13.294Z,
video,10586,3,video#10586 评论 1：讲师讲解很细，适合零基础。,5,normal,2026-01-30T10:48:13.294Z,
video,10586,4,video#10586 评论 2：案例很贴近实际，学完能直接上手。,6,normal,2026-01-31T10:48:13.294Z,
video,10586,5,video#10586 评论 3：讲师讲解很细，适合零基础。,3,normal,2026-01-28T10:48:13.294Z,
video,10586,6,video#10586 评论 4：内容有深度但不晦涩，体验很好。,5,normal,2026-02-02T10:48:13.294Z,
video,10587,1,video#10587 评论 1：课程结构清晰，学习路线明了。,2,normal,2026-01-28T10:48:13.294Z,
video,10587,2,video#10587 评论 2：讲师讲解很细，适合零基础。,4,normal,2026-01-25T10:48:13.294Z,
video,10587,3,video#10587 评论 3：节奏刚好，建议再补充一点练习题。,5,normal,2026-01-28T10:48:13.294Z,
video,10587,4,video#10587 评论 4：课程结构清晰，学习路线明了。,4,normal,2026-02-03T10:48:13.294Z,
video,10588,5,video#10588 评论 1：实例讲解很实用，收藏了。,3,normal,2026-02-03T10:48:13.294Z,
video,10588,6,video#10588 评论 2：如果能加配套资料就更好了。,7,normal,2026-01-31T10:48:13.294Z,
video,10588,1,video#10588 评论 3：案例很贴近实际，学完能直接上手。,0,normal,2026-02-04T10:48:13.294Z,
video,10588,2,video#10588 评论 4：内容有深度但不晦涩，体验很好。,6,normal,2026-01-29T10:48:13.294Z,
video,10589,3,video#10589 评论 1：讲师讲解很细，适合零基础。,3,normal,2026-01-22T10:48:13.294Z,
video,10589,4,video#10589 评论 2：重点知识点总结得不错，复习方便。,3,normal,2026-01-27T10:48:13.294Z,
video,10589,5,video#10589 评论 3：重点知识点总结得不错，复习方便。,3,normal,2026-02-04T10:48:13.294Z,
video,10589,6,video#10589 评论 4：希望后续更新更多进阶内容。,7,normal,2026-01-30T10:48:13.294Z,
video,10590,1,video#10590 评论 1：内容有深度但不晦涩，体验很好。,1,normal,2026-01-31T10:48:13.294Z,
video,10590,2,video#10590 评论 2：希望后续更新更多进阶内容。,2,normal,2026-01-22T10:48:13.294Z,
video,10590,3,video#10590 评论 3：讲师讲解很细，适合零基础。,5,normal,2026-01-22T10:48:13.294Z,
video,10590,4,video#10590 评论 4：如果能加配套资料就更好了。,1,normal,2026-01-28T10:48:13.294Z,
video,10591,5,video#10591 评论 1：这节课讲得很清楚，重点很明确。,2,normal,2026-01-28T10:48:13.294Z,
video,10591,6,video#10591 评论 2：重点知识点总结得不错，复习方便。,5,normal,2026-01-28T10:48:13.294Z,
video,10591,1,video#10591 评论 3：重点知识点总结得不错，复习方便。,0,normal,2026-01-27T10:48:13.294Z,
video,10591,2,video#10591 评论 4：内容有深度但不晦涩，体验很好。,1,normal,2026-02-02T10:48:13.294Z,
video,10592,3,video#10592 评论 1：重点知识点总结得不错，复习方便。,2,normal,2026-01-26T10:48:13.294Z,
video,10592,4,video#10592 评论 2：讲师讲解很细，适合零基础。,2,normal,2026-01-25T10:48:13.294Z,
video,10592,5,video#10592 评论 3：讲师讲解很细，适合零基础。,6,normal,2026-01-26T10:48:13.294Z,
video,10592,6,video#10592 评论 4：内容有深度但不晦涩，体验很好。,2,normal,2026-01-29T10:48:13.294Z,
video,10593,1,video#10593 评论 1：这节课讲得很清楚，重点很明确。,1,normal,2026-01-25T10:48:13.294Z,
video,10593,2,video#10593 评论 2：这节课讲得很清楚，重点很明确。,7,normal,2026-01-25T10:48:13.294Z,
video,10593,3,video#10593 评论 3：这节课讲得很清楚，重点很明确。,3,normal,2026-01-25T10:48:13.294Z,
video,10593,4,video#10593 评论 4：内容有深度但不晦涩，体验很好。,3,normal,2026-02-04T10:48:13.294Z,
video,10594,5,video#10594 评论 1：重点知识点总结得不错，复习方便。,6,normal,2026-01-26T10:48:13.294Z,
video,10594,6,video#10594 评论 2：节奏刚好，建议再补充一点练习题。,4,normal,2026-01-24T10:48:13.294Z,
video,10594,1,video#10594 评论 3：案例很贴近实际，学完能直接上手。,2,normal,2026-01-30T10:48:13.294Z,
video,10594,2,video#10594 评论 4：实例讲解很实用，收藏了。,4,normal,2026-02-02T10:48:13.294Z,
video,10595,3,video#10595 评论 1：重点知识点总结得不错，复习方便。,1,normal,2026-01-29T10:48:13.294Z,
video,10595,4,video#10595 评论 2：案例很贴近实际，学完能直接上手。,3,normal,2026-02-01T10:48:13.294Z,
video,10595,5,video#10595 评论 3：课程结构清晰，学习路线明了。,2,normal,2026-01-25T10:48:13.294Z,
video,10595,6,video#10595 评论 4：重点知识点总结得不错，复习方便。,5,normal,2026-01-26T10:48:13.294Z,
video,10596,1,video#10596 评论 1：讲师讲解很细，适合零基础。,0,normal,2026-02-02T10:48:13.294Z,
video,10596,2,video#10596 评论 2：节奏刚好，建议再补充一点练习题。,6,normal,2026-02-01T10:48:13.294Z,
video,10596,3,video#10596 评论 3：如果能加配套资料就更好了。,2,normal,2026-01-29T10:48:13.294Z,
video,10596,4,video#10596 评论 4：内容有深度但不晦涩，体验很好。,4,normal,2026-01-22T10:48:13.294Z,
video,10597,5,video#10597 评论 1：希望后续更新更多进阶内容。,0,normal,2026-01-23T10:48:13.294Z,
video,10597,6,video#10597 评论 2：重点知识点总结得不错，复习方便。,7,normal,2026-02-01T10:48:13.294Z,
video,10597,1,video#10597 评论 3：案例很贴近实际，学完能直接上手。,2,normal,2026-02-01T10:48:13.294Z,
video,10597,2,video#10597 评论 4：内容有深度但不晦涩，体验很好。,0,normal,2026-02-01T10:48:13.294Z,
video,10598,3,video#10598 评论 1：重点知识点总结得不错，复习方便。,3,normal,2026-01-24T10:48:13.294Z,
video,10598,4,video#10598 评论 2：这节课讲得很清楚，重点很明确。,7,normal,2026-01-25T10:48:13.294Z,
video,10598,5,video#10598 评论 3：课程结构清晰，学习路线明了。,1,normal,2026-01-22T10:48:13.294Z,
video,10598,6,video#10598 评论 4：如果能加配套资料就更好了。,7,normal,2026-02-02T10:48:13.294Z,
video,10599,1,video#10599 评论 1：讲师讲解很细，适合零基础。,6,normal,2026-01-29T10:48:13.294Z,
video,10599,2,video#10599 评论 2：这节课讲得很清楚，重点很明确。,0,normal,2026-01-28T10:48:13.294Z,
video,10599,3,video#10599 评论 3：节奏刚好，建议再补充一点练习题。,2,normal,2026-01-22T10:48:13.294Z,
video,10599,4,video#10599 评论 4：课程结构清晰，学习路线明了。,5,normal,2026-01-28T10:48:13.294Z,
video,10600,5,video#10600 评论 1：希望后续更新更多进阶内容。,2,normal,2026-01-24T10:48:13.294Z,
video,10600,6,video#10600 评论 2：节奏刚好，建议再补充一点练习题。,6,normal,2026-02-01T10:48:13.294Z,
video,10600,1,video#10600 评论 3：课程结构清晰，学习路线明了。,5,normal,2026-02-03T10:48:13.294Z,
video,10600,2,video#10600 评论 4：内容有深度但不晦涩，体验很好。,3,normal,2026-01-26T10:48:13.294Z,
video,10601,3,video#10601 评论 1：如果能加配套资料就更好了。,4,normal,2026-02-01T10:48:13.294Z,
video,10601,4,video#10601 评论 2：节奏刚好，建议再补充一点练习题。,3,normal,2026-01-28T10:48:13.294Z,
video,10601,5,video#10601 评论 3：这节课讲得很清楚，重点很明确。,0,normal,2026-01-30T10:48:13.294Z,
video,10601,6,video#10601 评论 4：重点知识点总结得不错，复习方便。,6,normal,2026-02-01T10:48:13.294Z,
video,10602,1,video#10602 评论 1：课程结构清晰，学习路线明了。,2,normal,2026-01-23T10:48:13.294Z,
video,10602,2,video#10602 评论 2：内容有深度但不晦涩，体验很好。,1,normal,2026-02-02T10:48:13.294Z,
video,10602,3,video#10602 评论 3：希望后续更新更多进阶内容。,1,normal,2026-01-22T10:48:13.294Z,
video,10602,4,video#10602 评论 4：案例很贴近实际，学完能直接上手。,5,normal,2026-02-04T10:48:13.294Z,
video,10603,5,video#10603 评论 1：这节课讲得很清楚，重点很明确。,0,normal,2026-01-25T10:48:13.294Z,
video,10603,6,video#10603 评论 2：实例讲解很实用，收藏了。,0,normal,2026-01-22T10:48:13.294Z,
video,10603,1,video#10603 评论 3：内容有深度但不晦涩，体验很好。,5,normal,2026-01-29T10:48:13.294Z,
video,10603,2,video#10603 评论 4：课程结构清晰，学习路线明了。,0,normal,2026-01-25T10:48:13.294Z,
video,10604,3,video#10604 评论 1：课程结构清晰，学习路线明了。,1,normal,2026-02-03T10:48:13.294Z,
video,10604,4,video#10604 评论 2：案例很贴近实际，学完能直接上手。,4,normal,2026-01-22T10:48:13.294Z,
video,10604,5,video#10604 评论 3：讲师讲解很细，适合零基础。,6,normal,2026-01-31T10:48:13.294Z,
video,10604,6,video#10604 评论 4：希望后续更新更多进阶内容。,5,normal,2026-02-03T10:48:13.294Z,
video,10605,1,video#10605 评论 1：讲师讲解很细，适合零基础。,7,normal,2026-01-31T10:48:13.294Z,
video,10605,2,video#10605 评论 2：节奏刚好，建议再补充一点练习题。,5,normal,2026-01-29T10:48:13.294Z,
video,10605,3,video#10605 评论 3：如果能加配套资料就更好了。,3,normal,2026-01-28T10:48:13.294Z,
video,10605,4,video#10605 评论 4：实例讲解很实用，收藏了。,3,normal,2026-01-31T10:48:13.294Z,
video,10606,5,video#10606 评论 1：节奏刚好，建议再补充一点练习题。,4,normal,2026-01-28T10:48:13.294Z,
video,10606,6,video#10606 评论 2：案例很贴近实际，学完能直接上手。,3,normal,2026-01-25T10:48:13.294Z,
video,10606,1,video#10606 评论 3：希望后续更新更多进阶内容。,7,normal,2026-01-29T10:48:13.294Z,
video,10606,2,video#10606 评论 4：节奏刚好，建议再补充一点练习题。,1,normal,2026-01-23T10:48:13.294Z,
video,10607,3,video#10607 评论 1：讲师讲解很细，适合零基础。,2,normal,2026-01-28T10:48:13.294Z,
video,10607,4,video#10607 评论 2：讲师讲解很细，适合零基础。,4,normal,2026-01-31T10:48:13.294Z,
video,10607,5,video#10607 评论 3：案例很贴近实际，学完能直接上手。,7,normal,2026-01-30T10:48:13.294Z,
video,10607,6,video#10607 评论 4：希望后续更新更多进阶内容。,4,normal,2026-01-22T10:48:13.294Z,
video,10608,1,video#10608 评论 1：节奏刚好，建议再补充一点练习题。,7,normal,2026-02-03T10:48:13.294Z,
video,10608,2,video#10608 评论 2：节奏刚好，建议再补充一点练习题。,1,normal,2026-02-02T10:48:13.294Z,
video,10608,3,video#10608 评论 3：如果能加配套资料就更好了。,1,normal,2026-01-26T10:48:13.294Z,
video,10608,4,video#10608 评论 4：实例讲解很实用，收藏了。,3,normal,2026-01-24T10:48:13.294Z,
video,10609,5,video#10609 评论 1：如果能加配套资料就更好了。,1,normal,2026-01-23T10:48:13.294Z,
video,10609,6,video#10609 评论 2：实例讲解很实用，收藏了。,7,normal,2026-01-25T10:48:13.294Z,
video,10609,1,video#10609 评论 3：节奏刚好，建议再补充一点练习题。,6,normal,2026-01-27T10:48:13.294Z,
video,10609,2,video#10609 评论 4：重点知识点总结得不错，复习方便。,4,normal,2026-01-29T10:48:13.294Z,
video,10610,3,video#10610 评论 1：内容有深度但不晦涩，体验很好。,6,normal,2026-01-31T10:48:13.294Z,
video,10610,4,video#10610 评论 2：节奏刚好，建议再补充一点练习题。,0,normal,2026-01-24T10:48:13.294Z,
video,10610,5,video#10610 评论 3：节奏刚好，建议再补充一点练习题。,5,normal,2026-02-03T10:48:13.294Z,
video,10610,6,video#10610 评论 4：案例很贴近实际，学完能直接上手。,1,normal,2026-01-22T10:48:13.294Z,
video,10611,1,video#10611 评论 1：希望后续更新更多进阶内容。,0,normal,2026-02-04T10:48:13.294Z,
video,10611,2,video#10611 评论 2：希望后续更新更多进阶内容。,1,normal,2026-02-02T10:48:13.294Z,
video,10611,3,video#10611 评论 3：课程结构清晰，学习路线明了。,4,normal,2026-01-23T10:48:13.294Z,
video,10611,4,video#10611 评论 4：如果能加配套资料就更好了。,3,normal,2026-01-24T10:48:13.294Z,
video,10612,5,video#10612 评论 1：案例很贴近实际，学完能直接上手。,2,normal,2026-01-27T10:48:13.294Z,
video,10612,6,video#10612 评论 2：实例讲解很实用，收藏了。,3,normal,2026-02-01T10:48:13.294Z,
video,10612,1,video#10612 评论 3：希望后续更新更多进阶内容。,4,normal,2026-01-24T10:48:13.294Z,
video,10612,2,video#10612 评论 4：讲师讲解很细，适合零基础。,2,normal,2026-01-25T10:48:13.294Z,
video,10613,3,video#10613 评论 1：如果能加配套资料就更好了。,2,normal,2026-01-25T10:48:13.294Z,
video,10613,4,video#10613 评论 2：案例很贴近实际，学完能直接上手。,0,normal,2026-01-27T10:48:13.294Z,
video,10613,5,video#10613 评论 3：讲师讲解很细，适合零基础。,1,normal,2026-01-24T10:48:13.294Z,
video,10613,6,video#10613 评论 4：内容有深度但不晦涩，体验很好。,5,normal,2026-01-28T10:48:13.294Z,
video,10614,1,video#10614 评论 1：这节课讲得很清楚，重点很明确。,5,normal,2026-01-28T10:48:13.294Z,
video,10614,2,video#10614 评论 2：节奏刚好，建议再补充一点练习题。,1,normal,2026-01-27T10:48:13.294Z,
video,10614,3,video#10614 评论 3：希望后续更新更多进阶内容。,2,normal,2026-02-02T10:48:13.294Z,
video,10614,4,video#10614 评论 4：这节课讲得很清楚，重点很明确。,6,normal,2026-02-03T10:48:13.294Z,
video,10615,5,video#10615 评论 1：讲师讲解很细，适合零基础。,3,normal,2026-02-04T10:48:13.294Z,
video,10615,6,video#10615 评论 2：希望后续更新更多进阶内容。,4,normal,2026-01-26T10:48:13.294Z,
video,10615,1,video#10615 评论 3：内容有深度但不晦涩，体验很好。,1,normal,2026-02-04T10:48:13.294Z,
video,10615,2,video#10615 评论 4：实例讲解很实用，收藏了。,5,normal,2026-01-23T10:48:13.294Z,
video,10616,3,video#10616 评论 1：实例讲解很实用，收藏了。,0,normal,2026-02-02T10:48:13.294Z,
video,10616,4,video#10616 评论 2：重点知识点总结得不错，复习方便。,3,normal,2026-01-25T10:48:13.294Z,
video,10616,5,video#10616 评论 3：课程结构清晰，学习路线明了。,0,normal,2026-01-27T10:48:13.294Z,
video,10616,6,video#10616 评论 4：希望后续更新更多进阶内容。,3,normal,2026-01-23T10:48:13.294Z,
video,10617,1,video#10617 评论 1：讲师讲解很细，适合零基础。,3,normal,2026-01-30T10:48:13.294Z,
video,10617,2,video#10617 评论 2：节奏刚好，建议再补充一点练习题。,3,normal,2026-01-30T10:48:13.294Z,
video,10617,3,video#10617 评论 3：课程结构清晰，学习路线明了。,3,normal,2026-01-25T10:48:13.294Z,
video,10617,4,video#10617 评论 4：节奏刚好，建议再补充一点练习题。,1,normal,2026-01-25T10:48:13.294Z,
video,10618,5,video#10618 评论 1：节奏刚好，建议再补充一点练习题。,1,normal,2026-01-24T10:48:13.294Z,
video,10618,6,video#10618 评论 2：课程结构清晰，学习路线明了。,7,normal,2026-01-26T10:48:13.294Z,
video,10618,1,video#10618 评论 3：课程结构清晰，学习路线明了。,0,normal,2026-01-29T10:48:13.294Z,
video,10618,2,video#10618 评论 4：课程结构清晰，学习路线明了。,1,normal,2026-01-28T10:48:13.294Z,
video,10619,3,video#10619 评论 1：讲师讲解很细，适合零基础。,3,normal,2026-01-24T10:48:13.294Z,
video,10619,4,video#10619 评论 2：内容有深度但不晦涩，体验很好。,1,normal,2026-01-23T10:48:13.294Z,
video,10619,5,video#10619 评论 3：重点知识点总结得不错，复习方便。,1,normal,2026-01-22T10:48:13.294Z,
video,10619,6,video#10619 评论 4：希望后续更新更多进阶内容。,4,normal,2026-02-01T10:48:13.294Z,
video,10620,1,video#10620 评论 1：案例很贴近实际，学完能直接上手。,4,normal,2026-01-23T10:48:13.294Z,
video,10620,2,video#10620 评论 2：这节课讲得很清楚，重点很明确。,2,normal,2026-01-27T10:48:13.294Z,
video,10620,3,video#10620 评论 3：讲师讲解很细，适合零基础。,5,normal,2026-01-28T10:48:13.294Z,
video,10620,4,video#10620 评论 4：案例很贴近实际，学完能直接上手。,5,normal,2026-02-04T10:48:13.294Z,
video,10621,5,video#10621 评论 1：内容有深度但不晦涩，体验很好。,1,normal,2026-01-24T10:48:13.294Z,
video,10621,6,video#10621 评论 2：实例讲解很实用，收藏了。,2,normal,2026-01-28T10:48:13.294Z,
video,10621,1,video#10621 评论 3：讲师讲解很细，适合零基础。,4,normal,2026-01-25T10:48:13.294Z,
video,10621,2,video#10621 评论 4：重点知识点总结得不错，复习方便。,3,normal,2026-01-27T10:48:13.294Z,
video,10622,3,video#10622 评论 1：内容有深度但不晦涩，体验很好。,4,normal,2026-01-30T10:48:13.294Z,
video,10622,4,video#10622 评论 2：课程结构清晰，学习路线明了。,5,normal,2026-01-29T10:48:13.294Z,
video,10622,5,video#10622 评论 3：这节课讲得很清楚，重点很明确。,7,normal,2026-01-28T10:48:13.294Z,
video,10622,6,video#10622 评论 4：内容有深度但不晦涩，体验很好。,2,normal,2026-02-04T10:48:13.294Z,
video,10623,1,video#10623 评论 1：重点知识点总结得不错，复习方便。,4,normal,2026-01-30T10:48:13.294Z,
video,10623,2,video#10623 评论 2：讲师讲解很细，适合零基础。,1,normal,2026-01-24T10:48:13.294Z,
video,10623,3,video#10623 评论 3：实例讲解很实用，收藏了。,6,normal,2026-01-22T10:48:13.294Z,
video,10623,4,video#10623 评论 4：内容有深度但不晦涩，体验很好。,6,normal,2026-01-25T10:48:13.294Z,
video,10624,5,video#10624 评论 1：课程结构清晰，学习路线明了。,1,normal,2026-01-27T10:48:13.294Z,
video,10624,6,video#10624 评论 2：这节课讲得很清楚，重点很明确。,6,normal,2026-01-28T10:48:13.294Z,
video,10624,1,video#10624 评论 3：实例讲解很实用，收藏了。,6,normal,2026-01-22T10:48:13.294Z,
video,10624,2,video#10624 评论 4：实例讲解很实用，收藏了。,2,normal,2026-01-28T10:48:13.294Z,
video,10625,3,video#10625 评论 1：重点知识点总结得不错，复习方便。,7,normal,2026-01-30T10:48:13.294Z,
video,10625,4,video#10625 评论 2：内容有深度但不晦涩，体验很好。,2,normal,2026-02-01T10:48:13.294Z,
video,10625,5,video#10625 评论 3：实例讲解很实用，收藏了。,2,normal,2026-01-31T10:48:13.294Z,
video,10625,6,video#10625 评论 4：讲师讲解很细，适合零基础。,2,normal,2026-02-02T10:48:13.294Z,
video,10626,1,video#10626 评论 1：课程结构清晰，学习路线明了。,1,normal,2026-01-25T10:48:13.294Z,
video,10626,2,video#10626 评论 2：实例讲解很实用，收藏了。,1,normal,2026-01-25T10:48:13.294Z,
video,10626,3,video#10626 评论 3：这节课讲得很清楚，重点很明确。,5,normal,2026-01-31T10:48:13.294Z,
video,10626,4,video#10626 评论 4：如果能加配套资料就更好了。,1,normal,2026-01-30T10:48:13.294Z,
video,10627,5,video#10627 评论 1：课程结构清晰，学习路线明了。,5,normal,2026-02-02T10:48:13.294Z,
video,10627,6,video#10627 评论 2：内容有深度但不晦涩，体验很好。,1,normal,2026-01-25T10:48:13.294Z,
video,10627,1,video#10627 评论 3：案例很贴近实际，学完能直接上手。,5,normal,2026-02-04T10:48:13.294Z,
video,10627,2,video#10627 评论 4：案例很贴近实际，学完能直接上手。,6,normal,2026-01-26T10:48:13.294Z,
video,10628,3,video#10628 评论 1：课程结构清晰，学习路线明了。,4,normal,2026-02-02T10:48:13.294Z,
video,10628,4,video#10628 评论 2：希望后续更新更多进阶内容。,5,normal,2026-01-22T10:48:13.294Z,
video,10628,5,video#10628 评论 3：案例很贴近实际，学完能直接上手。,7,normal,2026-02-01T10:48:13.294Z,
video,10628,6,video#10628 评论 4：如果能加配套资料就更好了。,0,normal,2026-02-04T10:48:13.294Z,
video,10629,1,video#10629 评论 1：重点知识点总结得不错，复习方便。,4,normal,2026-02-04T10:48:13.294Z,
video,10629,2,video#10629 评论 2：重点知识点总结得不错，复习方便。,6,normal,2026-02-03T10:48:13.294Z,
video,10629,3,video#10629 评论 3：这节课讲得很清楚，重点很明确。,6,normal,2026-01-24T10:48:13.294Z,
video,10629,4,video#10629 评论 4：讲师讲解很细，适合零基础。,0,normal,2026-02-01T10:48:13.294Z,
video,10630,5,video#10630 评论 1：节奏刚好，建议再补充一点练习题。,3,normal,2026-01-29T10:48:13.294Z,
video,10630,6,video#10630 评论 2：如果能加配套资料就更好了。,3,normal,2026-01-25T10:48:13.294Z,
video,10630,1,video#10630 评论 3：课程结构清晰，学习路线明了。,0,normal,2026-01-22T10:48:13.294Z,
video,10630,2,video#10630 评论 4：内容有深度但不晦涩，体验很好。,0,normal,2026-01-24T10:48:13.294Z,
video,10631,3,video#10631 评论 1：希望后续更新更多进阶内容。,6,normal,2026-01-23T10:48:13.294Z,
video,10631,4,video#10631 评论 2：节奏刚好，建议再补充一点练习题。,0,normal,2026-01-23T10:48:13.294Z,
video,10631,5,video#10631 评论 3：讲师讲解很细，适合零基础。,5,normal,2026-01-29T10:48:13.294Z,
video,10631,6,video#10631 评论 4：希望后续更新更多进阶内容。,1,normal,2026-01-26T10:48:13.294Z,
video,10632,1,video#10632 评论 1：重点知识点总结得不错，复习方便。,3,normal,2026-01-24T10:48:13.294Z,
video,10632,2,video#10632 评论 2：实例讲解很实用，收藏了。,0,normal,2026-01-31T10:48:13.294Z,
video,10632,3,video#10632 评论 3：实例讲解很实用，收藏了。,7,normal,2026-01-24T10:48:13.294Z,
video,10632,4,video#10632 评论 4：节奏刚好，建议再补充一点练习题。,7,normal,2026-02-03T10:48:13.294Z,
video,10633,5,video#10633 评论 1：重点知识点总结得不错，复习方便。,6,normal,2026-01-28T10:48:13.294Z,
video,10633,6,video#10633 评论 2：节奏刚好，建议再补充一点练习题。,7,normal,2026-01-31T10:48:13.294Z,
video,10633,1,video#10633 评论 3：内容有深度但不晦涩，体验很好。,2,normal,2026-01-22T10:48:13.294Z,
video,10633,2,video#10633 评论 4：希望后续更新更多进阶内容。,7,normal,2026-01-28T10:48:13.294Z,
video,10634,3,video#10634 评论 1：重点知识点总结得不错，复习方便。,3,normal,2026-01-24T10:48:13.294Z,
video,10634,4,video#10634 评论 2：这节课讲得很清楚，重点很明确。,0,normal,2026-01-30T10:48:13.294Z,
video,10634,5,video#10634 评论 3：内容有深度但不晦涩，体验很好。,7,normal,2026-01-31T10:48:13.294Z,
video,10634,6,video#10634 评论 4：讲师讲解很细，适合零基础。,6,normal,2026-01-31T10:48:13.294Z,
video,10635,1,video#10635 评论 1：课程结构清晰，学习路线明了。,4,normal,2026-01-31T10:48:13.294Z,
video,10635,2,video#10635 评论 2：讲师讲解很细，适合零基础。,4,normal,2026-01-22T10:48:13.294Z,
video,10635,3,video#10635 评论 3：案例很贴近实际，学完能直接上手。,6,normal,2026-01-24T10:48:13.294Z,
video,10635,4,video#10635 评论 4：讲师讲解很细，适合零基础。,4,normal,2026-01-23T10:48:13.294Z,
video,10636,5,video#10636 评论 1：希望后续更新更多进阶内容。,3,normal,2026-02-03T10:48:13.294Z,
video,10636,6,video#10636 评论 2：这节课讲得很清楚，重点很明确。,4,normal,2026-01-27T10:48:13.294Z,
video,10636,1,video#10636 评论 3：课程结构清晰，学习路线明了。,6,normal,2026-01-29T10:48:13.294Z,
video,10636,2,video#10636 评论 4：讲师讲解很细，适合零基础。,3,normal,2026-02-02T10:48:13.294Z,
video,10637,3,video#10637 评论 1：实例讲解很实用，收藏了。,6,normal,2026-02-04T10:48:13.294Z,
video,10637,4,video#10637 评论 2：内容有深度但不晦涩，体验很好。,7,normal,2026-01-25T10:48:13.294Z,
video,10637,5,video#10637 评论 3：讲师讲解很细，适合零基础。,6,normal,2026-01-23T10:48:13.294Z,
video,10637,6,video#10637 评论 4：实例讲解很实用，收藏了。,4,normal,2026-01-27T10:48:13.294Z,
video,10638,1,video#10638 评论 1：希望后续更新更多进阶内容。,2,normal,2026-01-22T10:48:13.294Z,
video,10638,2,video#10638 评论 2：这节课讲得很清楚，重点很明确。,4,normal,2026-02-04T10:48:13.294Z,
video,10638,3,video#10638 评论 3：希望后续更新更多进阶内容。,4,normal,2026-02-04T10:48:13.294Z,
video,10638,4,video#10638 评论 4：讲师讲解很细，适合零基础。,2,normal,2026-01-29T10:48:13.294Z,
video,10639,5,video#10639 评论 1：重点知识点总结得不错，复习方便。,7,normal,2026-01-28T10:48:13.294Z,
video,10639,6,video#10639 评论 2：讲师讲解很细，适合零基础。,4,normal,2026-02-02T10:48:13.294Z,
video,10639,1,video#10639 评论 3：内容有深度但不晦涩，体验很好。,0,normal,2026-01-27T10:48:13.294Z,
video,10639,2,video#10639 评论 4：课程结构清晰，学习路线明了。,7,normal,2026-01-31T10:48:13.294Z,
video,10640,3,video#10640 评论 1：讲师讲解很细，适合零基础。,3,normal,2026-01-22T10:48:13.294Z,
video,10640,4,video#10640 评论 2：重点知识点总结得不错，复习方便。,4,normal,2026-01-24T10:48:13.294Z,
video,10640,5,video#10640 评论 3：内容有深度但不晦涩，体验很好。,7,normal,2026-01-23T10:48:13.294Z,
video,10640,6,video#10640 评论 4：实例讲解很实用，收藏了。,0,normal,2026-01-31T10:48:13.294Z,
video,10641,1,video#10641 评论 1：案例很贴近实际，学完能直接上手。,0,normal,2026-01-22T10:48:13.294Z,
video,10641,2,video#10641 评论 2：这节课讲得很清楚，重点很明确。,2,normal,2026-01-28T10:48:13.294Z,
video,10641,3,video#10641 评论 3：讲师讲解很细，适合零基础。,4,normal,2026-02-04T10:48:13.294Z,
video,10641,4,video#10641 评论 4：内容有深度但不晦涩，体验很好。,5,normal,2026-01-29T10:48:13.294Z,
video,10642,5,video#10642 评论 1：实例讲解很实用，收藏了。,7,normal,2026-01-22T10:48:13.294Z,
video,10642,6,video#10642 评论 2：课程结构清晰，学习路线明了。,1,normal,2026-01-26T10:48:13.294Z,
video,10642,1,video#10642 评论 3：重点知识点总结得不错，复习方便。,0,normal,2026-01-28T10:48:13.294Z,
video,10642,2,video#10642 评论 4：如果能加配套资料就更好了。,0,normal,2026-01-26T10:48:13.294Z,
video,10643,3,video#10643 评论 1：课程结构清晰，学习路线明了。,6,normal,2026-01-22T10:48:13.294Z,
video,10643,4,video#10643 评论 2：这节课讲得很清楚，重点很明确。,2,normal,2026-01-26T10:48:13.294Z,
video,10643,5,video#10643 评论 3：讲师讲解很细，适合零基础。,1,normal,2026-02-04T10:48:13.294Z,
video,10643,6,video#10643 评论 4：实例讲解很实用，收藏了。,1,normal,2026-01-29T10:48:13.294Z,
video,10644,1,video#10644 评论 1：希望后续更新更多进阶内容。,1,normal,2026-02-04T10:48:13.294Z,
video,10644,2,video#10644 评论 2：内容有深度但不晦涩，体验很好。,1,normal,2026-01-28T10:48:13.294Z,
video,10644,3,video#10644 评论 3：希望后续更新更多进阶内容。,6,normal,2026-01-29T10:48:13.294Z,
video,10644,4,video#10644 评论 4：重点知识点总结得不错，复习方便。,4,normal,2026-01-24T10:48:13.294Z,
video,10645,5,video#10645 评论 1：这节课讲得很清楚，重点很明确。,4,normal,2026-01-23T10:48:13.294Z,
video,10645,6,video#10645 评论 2：重点知识点总结得不错，复习方便。,6,normal,2026-01-29T10:48:13.294Z,
video,10645,1,video#10645 评论 3：希望后续更新更多进阶内容。,6,normal,2026-02-04T10:48:13.294Z,
video,10645,2,video#10645 评论 4：内容有深度但不晦涩，体验很好。,3,normal,2026-01-31T10:48:13.294Z,
video,10646,3,video#10646 评论 1：实例讲解很实用，收藏了。,0,normal,2026-01-29T10:48:13.294Z,
video,10646,4,video#10646 评论 2：节奏刚好，建议再补充一点练习题。,7,normal,2026-02-04T10:48:13.294Z,
video,10646,5,video#10646 评论 3：重点知识点总结得不错，复习方便。,5,normal,2026-01-30T10:48:13.294Z,
video,10646,6,video#10646 评论 4：实例讲解很实用，收藏了。,4,normal,2026-02-01T10:48:13.294Z,
video,10647,1,video#10647 评论 1：案例很贴近实际，学完能直接上手。,4,normal,2026-02-01T10:48:13.294Z,
video,10647,2,video#10647 评论 2：内容有深度但不晦涩，体验很好。,4,normal,2026-01-28T10:48:13.294Z,
video,10647,3,video#10647 评论 3：实例讲解很实用，收藏了。,5,normal,2026-01-24T10:48:13.294Z,
video,10647,4,video#10647 评论 4：课程结构清晰，学习路线明了。,3,normal,2026-01-26T10:48:13.294Z,
video,10648,5,video#10648 评论 1：讲师讲解很细，适合零基础。,0,normal,2026-01-27T10:48:13.294Z,
video,10648,6,video#10648 评论 2：如果能加配套资料就更好了。,4,normal,2026-01-23T10:48:13.294Z,
video,10648,1,video#10648 评论 3：课程结构清晰，学习路线明了。,7,normal,2026-02-01T10:48:13.294Z,
video,10648,2,video#10648 评论 4：课程结构清晰，学习路线明了。,4,normal,2026-01-23T10:48:13.294Z,
video,10649,3,video#10649 评论 1：如果能加配套资料就更好了。,6,normal,2026-01-27T10:48:13.294Z,
video,10649,4,video#10649 评论 2：案例很贴近实际，学完能直接上手。,4,normal,2026-01-28T10:48:13.294Z,
video,10649,5,video#10649 评论 3：如果能加配套资料就更好了。,7,normal,2026-01-23T10:48:13.294Z,
video,10649,6,video#10649 评论 4：讲师讲解很细，适合零基础。,6,normal,2026-01-24T10:48:13.294Z,
video,10650,1,video#10650 评论 1：希望后续更新更多进阶内容。,3,normal,2026-01-24T10:48:13.294Z,
video,10650,2,video#10650 评论 2：实例讲解很实用，收藏了。,4,normal,2026-01-29T10:48:13.294Z,
video,10650,3,video#10650 评论 3：节奏刚好，建议再补充一点练习题。,0,normal,2026-02-03T10:48:13.294Z,
video,10650,4,video#10650 评论 4：课程结构清晰，学习路线明了。,0,normal,2026-01-24T10:48:13.294Z,
video,10651,5,video#10651 评论 1：重点知识点总结得不错，复习方便。,5,normal,2026-01-25T10:48:13.294Z,
video,10651,6,video#10651 评论 2：节奏刚好，建议再补充一点练习题。,4,normal,2026-02-01T10:48:13.294Z,
video,10651,1,video#10651 评论 3：重点知识点总结得不错，复习方便。,3,normal,2026-01-22T10:48:13.294Z,
video,10651,2,video#10651 评论 4：节奏刚好，建议再补充一点练习题。,7,normal,2026-01-27T10:48:13.294Z,
video,10652,3,video#10652 评论 1：内容有深度但不晦涩，体验很好。,6,normal,2026-01-23T10:48:13.294Z,
video,10652,4,video#10652 评论 2：案例很贴近实际，学完能直接上手。,4,normal,2026-01-28T10:48:13.294Z,
video,10652,5,video#10652 评论 3：课程结构清晰，学习路线明了。,4,normal,2026-01-26T10:48:13.294Z,
video,10652,6,video#10652 评论 4：这节课讲得很清楚，重点很明确。,1,normal,2026-02-03T10:48:13.294Z,
video,10653,1,video#10653 评论 1：内容有深度但不晦涩，体验很好。,5,normal,2026-01-25T10:48:13.294Z,
video,10653,2,video#10653 评论 2：内容有深度但不晦涩，体验很好。,3,normal,2026-02-04T10:48:13.294Z,
video,10653,3,video#10653 评论 3：内容有深度但不晦涩，体验很好。,6,normal,2026-01-23T10:48:13.294Z,
video,10653,4,video#10653 评论 4：案例很贴近实际，学完能直接上手。,2,normal,2026-01-23T10:48:13.294Z,
video,10654,5,video#10654 评论 1：课程结构清晰，学习路线明了。,2,normal,2026-01-31T10:48:13.294Z,
video,10654,6,video#10654 评论 2：重点知识点总结得不错，复习方便。,6,normal,2026-02-03T10:48:13.294Z,
video,10654,1,video#10654 评论 3：案例很贴近实际，学完能直接上手。,1,normal,2026-01-22T10:48:13.294Z,
video,10654,2,video#10654 评论 4：这节课讲得很清楚，重点很明确。,0,normal,2026-01-22T10:48:13.294Z,
video,10655,3,video#10655 评论 1：课程结构清晰，学习路线明了。,2,normal,2026-01-23T10:48:13.294Z,
video,10655,4,video#10655 评论 2：节奏刚好，建议再补充一点练习题。,2,normal,2026-01-30T10:48:13.294Z,
video,10655,5,video#10655 评论 3：讲师讲解很细，适合零基础。,0,normal,2026-01-23T10:48:13.294Z,
video,10655,6,video#10655 评论 4：案例很贴近实际，学完能直接上手。,5,normal,2026-01-24T10:48:13.294Z,
video,10656,1,video#10656 评论 1：课程结构清晰，学习路线明了。,7,normal,2026-02-02T10:48:13.294Z,
video,10656,2,video#10656 评论 2：希望后续更新更多进阶内容。,1,normal,2026-01-28T10:48:13.294Z,
video,10656,3,video#10656 评论 3：这节课讲得很清楚，重点很明确。,5,normal,2026-01-29T10:48:13.294Z,
video,10656,4,video#10656 评论 4：节奏刚好，建议再补充一点练习题。,5,normal,2026-01-28T10:48:13.294Z,
video,10657,5,video#10657 评论 1：重点知识点总结得不错，复习方便。,7,normal,2026-01-26T10:48:13.294Z,
video,10657,6,video#10657 评论 2：这节课讲得很清楚，重点很明确。,0,normal,2026-01-29T10:48:13.294Z,
video,10657,1,video#10657 评论 3：案例很贴近实际，学完能直接上手。,7,normal,2026-01-25T10:48:13.294Z,
video,10657,2,video#10657 评论 4：希望后续更新更多进阶内容。,4,normal,2026-02-04T10:48:13.294Z,
video,10658,3,video#10658 评论 1：节奏刚好，建议再补充一点练习题。,4,normal,2026-02-03T10:48:13.294Z,
video,10658,4,video#10658 评论 2：课程结构清晰，学习路线明了。,4,normal,2026-01-31T10:48:13.294Z,
video,10658,5,video#10658 评论 3：实例讲解很实用，收藏了。,0,normal,2026-01-26T10:48:13.294Z,
video,10658,6,video#10658 评论 4：内容有深度但不晦涩，体验很好。,3,normal,2026-01-25T10:48:13.294Z,
video,10659,1,video#10659 评论 1：课程结构清晰，学习路线明了。,2,normal,2026-01-28T10:48:13.294Z,
video,10659,2,video#10659 评论 2：这节课讲得很清楚，重点很明确。,5,normal,2026-01-25T10:48:13.294Z,
video,10659,3,video#10659 评论 3：课程结构清晰，学习路线明了。,2,normal,2026-01-27T10:48:13.294Z,
video,10659,4,video#10659 评论 4：课程结构清晰，学习路线明了。,2,normal,2026-01-26T10:48:13.294Z,
video,10660,5,video#10660 评论 1：实例讲解很实用，收藏了。,1,normal,2026-01-24T10:48:13.294Z,
video,10660,6,video#10660 评论 2：讲师讲解很细，适合零基础。,3,normal,2026-01-22T10:48:13.294Z,
video,10660,1,video#10660 评论 3：讲师讲解很细，适合零基础。,5,normal,2026-02-03T10:48:13.294Z,
video,10660,2,video#10660 评论 4：这节课讲得很清楚，重点很明确。,6,normal,2026-02-04T10:48:13.294Z,
video,10661,3,video#10661 评论 1：课程结构清晰，学习路线明了。,1,normal,2026-01-27T10:48:13.294Z,
video,10661,4,video#10661 评论 2：课程结构清晰，学习路线明了。,1,normal,2026-02-04T10:48:13.294Z,
video,10661,5,video#10661 评论 3：重点知识点总结得不错，复习方便。,4,normal,2026-02-03T10:48:13.294Z,
video,10661,6,video#10661 评论 4：案例很贴近实际，学完能直接上手。,6,normal,2026-01-26T10:48:13.294Z,
video,10662,1,video#10662 评论 1：内容有深度但不晦涩，体验很好。,2,normal,2026-02-02T10:48:13.294Z,
video,10662,2,video#10662 评论 2：希望后续更新更多进阶内容。,6,normal,2026-02-04T10:48:13.294Z,
video,10662,3,video#10662 评论 3：如果能加配套资料就更好了。,3,normal,2026-01-30T10:48:13.294Z,
video,10662,4,video#10662 评论 4：这节课讲得很清楚，重点很明确。,5,normal,2026-01-25T10:48:13.294Z,
video,10663,5,video#10663 评论 1：如果能加配套资料就更好了。,2,normal,2026-01-27T10:48:13.294Z,
video,10663,6,video#10663 评论 2：节奏刚好，建议再补充一点练习题。,2,normal,2026-01-28T10:48:13.294Z,
video,10663,1,video#10663 评论 3：希望后续更新更多进阶内容。,2,normal,2026-01-27T10:48:13.294Z,
video,10663,2,video#10663 评论 4：如果能加配套资料就更好了。,2,normal,2026-01-29T10:48:13.294Z,
video,10664,3,video#10664 评论 1：节奏刚好，建议再补充一点练习题。,0,normal,2026-01-23T10:48:13.294Z,
video,10664,4,video#10664 评论 2：希望后续更新更多进阶内容。,1,normal,2026-01-24T10:48:13.294Z,
video,10664,5,video#10664 评论 3：课程结构清晰，学习路线明了。,6,normal,2026-01-22T10:48:13.294Z,
video,10664,6,video#10664 评论 4：讲师讲解很细，适合零基础。,5,normal,2026-01-25T10:48:13.294Z,
video,10665,1,video#10665 评论 1：讲师讲解很细，适合零基础。,1,normal,2026-01-28T10:48:13.294Z,
video,10665,2,video#10665 评论 2：案例很贴近实际，学完能直接上手。,3,normal,2026-01-26T10:48:13.294Z,
video,10665,3,video#10665 评论 3：重点知识点总结得不错，复习方便。,6,normal,2026-02-01T10:48:13.294Z,
video,10665,4,video#10665 评论 4：内容有深度但不晦涩，体验很好。,3,normal,2026-01-24T10:48:13.294Z,
video,10666,5,video#10666 评论 1：希望后续更新更多进阶内容。,2,normal,2026-01-30T10:48:13.294Z,
video,10666,6,video#10666 评论 2：课程结构清晰，学习路线明了。,6,normal,2026-02-02T10:48:13.294Z,
video,10666,1,video#10666 评论 3：案例很贴近实际，学完能直接上手。,2,normal,2026-01-24T10:48:13.294Z,
video,10666,2,video#10666 评论 4：讲师讲解很细，适合零基础。,3,normal,2026-01-28T10:48:13.294Z,
video,10667,3,video#10667 评论 1：实例讲解很实用，收藏了。,3,normal,2026-02-02T10:48:13.294Z,
video,10667,4,video#10667 评论 2：课程结构清晰，学习路线明了。,5,normal,2026-01-23T10:48:13.294Z,
video,10667,5,video#10667 评论 3：内容有深度但不晦涩，体验很好。,3,normal,2026-01-27T10:48:13.294Z,
video,10667,6,video#10667 评论 4：节奏刚好，建议再补充一点练习题。,6,normal,2026-01-31T10:48:13.294Z,
video,10668,1,video#10668 评论 1：讲师讲解很细，适合零基础。,7,normal,2026-01-23T10:48:13.294Z,
video,10668,2,video#10668 评论 2：如果能加配套资料就更好了。,3,normal,2026-01-25T10:48:13.294Z,
video,10668,3,video#10668 评论 3：讲师讲解很细，适合零基础。,0,normal,2026-01-28T10:48:13.294Z,
video,10668,4,video#10668 评论 4：实例讲解很实用，收藏了。,3,normal,2026-01-26T10:48:13.294Z,
video,10669,5,video#10669 评论 1：讲师讲解很细，适合零基础。,7,normal,2026-01-25T10:48:13.294Z,
video,10669,6,video#10669 评论 2：案例很贴近实际，学完能直接上手。,0,normal,2026-02-04T10:48:13.294Z,
video,10669,1,video#10669 评论 3：重点知识点总结得不错，复习方便。,7,normal,2026-01-29T10:48:13.294Z,
video,10669,2,video#10669 评论 4：实例讲解很实用，收藏了。,3,normal,2026-01-30T10:48:13.294Z,
video,10670,3,video#10670 评论 1：重点知识点总结得不错，复习方便。,7,normal,2026-02-02T10:48:13.294Z,
video,10670,4,video#10670 评论 2：案例很贴近实际，学完能直接上手。,1,normal,2026-01-27T10:48:13.294Z,
video,10670,5,video#10670 评论 3：如果能加配套资料就更好了。,3,normal,2026-01-24T10:48:13.294Z,
video,10670,6,video#10670 评论 4：节奏刚好，建议再补充一点练习题。,4,normal,2026-01-28T10:48:13.294Z,
video,10671,1,video#10671 评论 1：课程结构清晰，学习路线明了。,0,normal,2026-02-03T10:48:13.294Z,
video,10671,2,video#10671 评论 2：如果能加配套资料就更好了。,5,normal,2026-02-03T10:48:13.294Z,
video,10671,3,video#10671 评论 3：内容有深度但不晦涩，体验很好。,6,normal,2026-02-01T10:48:13.294Z,
video,10671,4,video#10671 评论 4：这节课讲得很清楚，重点很明确。,0,normal,2026-01-31T10:48:13.294Z,
video,10672,5,video#10672 评论 1：内容有深度但不晦涩，体验很好。,1,normal,2026-01-22T10:48:13.294Z,
video,10672,6,video#10672 评论 2：这节课讲得很清楚，重点很明确。,0,normal,2026-02-02T10:48:13.294Z,
video,10672,1,video#10672 评论 3：希望后续更新更多进阶内容。,6,normal,2026-02-01T10:48:13.294Z,
video,10672,2,video#10672 评论 4：案例很贴近实际，学完能直接上手。,7,normal,2026-01-29T10:48:13.294Z,
video,10673,3,video#10673 评论 1：这节课讲得很清楚，重点很明确。,4,normal,2026-01-26T10:48:13.294Z,
video,10673,4,video#10673 评论 2：讲师讲解很细，适合零基础。,3,normal,2026-01-29T10:48:13.294Z,
video,10673,5,video#10673 评论 3：这节课讲得很清楚，重点很明确。,0,normal,2026-01-28T10:48:13.294Z,
video,10673,6,video#10673 评论 4：内容有深度但不晦涩，体验很好。,5,normal,2026-01-23T10:48:13.294Z,
video,10674,1,video#10674 评论 1：希望后续更新更多进阶内容。,2,normal,2026-01-29T10:48:13.294Z,
video,10674,2,video#10674 评论 2：节奏刚好，建议再补充一点练习题。,7,normal,2026-02-03T10:48:13.294Z,
video,10674,3,video#10674 评论 3：案例很贴近实际，学完能直接上手。,6,normal,2026-01-29T10:48:13.294Z,
video,10674,4,video#10674 评论 4：重点知识点总结得不错，复习方便。,6,normal,2026-02-02T10:48:13.294Z,
video,10675,5,video#10675 评论 1：讲师讲解很细，适合零基础。,1,normal,2026-01-30T10:48:13.294Z,
video,10675,6,video#10675 评论 2：实例讲解很实用，收藏了。,5,normal,2026-01-22T10:48:13.294Z,
video,10675,1,video#10675 评论 3：课程结构清晰，学习路线明了。,5,normal,2026-02-01T10:48:13.294Z,
video,10675,2,video#10675 评论 4：内容有深度但不晦涩，体验很好。,2,normal,2026-01-24T10:48:13.294Z,
video,10676,3,video#10676 评论 1：讲师讲解很细，适合零基础。,5,normal,2026-01-29T10:48:13.294Z,
video,10676,4,video#10676 评论 2：课程结构清晰，学习路线明了。,2,normal,2026-02-03T10:48:13.294Z,
video,10676,5,video#10676 评论 3：希望后续更新更多进阶内容。,0,normal,2026-01-24T10:48:13.294Z,
video,10676,6,video#10676 评论 4：节奏刚好，建议再补充一点练习题。,7,normal,2026-01-28T10:48:13.294Z,
video,10677,1,video#10677 评论 1：重点知识点总结得不错，复习方便。,7,normal,2026-01-29T10:48:13.294Z,
video,10677,2,video#10677 评论 2：讲师讲解很细，适合零基础。,1,normal,2026-01-26T10:48:13.294Z,
video,10677,3,video#10677 评论 3：讲师讲解很细，适合零基础。,5,normal,2026-02-01T10:48:13.294Z,
video,10677,4,video#10677 评论 4：课程结构清晰，学习路线明了。,0,normal,2026-01-23T10:48:13.294Z,
video,10678,5,video#10678 评论 1：实例讲解很实用，收藏了。,6,normal,2026-02-03T10:48:13.294Z,
video,10678,6,video#10678 评论 2：希望后续更新更多进阶内容。,2,normal,2026-01-23T10:48:13.294Z,
video,10678,1,video#10678 评论 3：节奏刚好，建议再补充一点练习题。,1,normal,2026-01-31T10:48:13.294Z,
video,10678,2,video#10678 评论 4：如果能加配套资料就更好了。,2,normal,2026-01-22T10:48:13.294Z,
video,10679,3,video#10679 评论 1：如果能加配套资料就更好了。,1,normal,2026-01-26T10:48:13.294Z,
video,10679,4,video#10679 评论 2：课程结构清晰，学习路线明了。,0,normal,2026-02-03T10:48:13.294Z,
video,10679,5,video#10679 评论 3：希望后续更新更多进阶内容。,7,normal,2026-01-24T10:48:13.294Z,
video,10679,6,video#10679 评论 4：案例很贴近实际，学完能直接上手。,7,normal,2026-02-03T10:48:13.294Z,
video,10680,1,video#10680 评论 1：重点知识点总结得不错，复习方便。,7,normal,2026-01-25T10:48:13.294Z,
video,10680,2,video#10680 评论 2：节奏刚好，建议再补充一点练习题。,6,normal,2026-01-28T10:48:13.294Z,
video,10680,3,video#10680 评论 3：希望后续更新更多进阶内容。,7,normal,2026-02-04T10:48:13.294Z,
video,10680,4,video#10680 评论 4：内容有深度但不晦涩，体验很好。,6,normal,2026-01-31T10:48:13.294Z,
video,10681,5,video#10681 评论 1：希望后续更新更多进阶内容。,5,normal,2026-02-04T10:48:13.294Z,
video,10681,6,video#10681 评论 2：内容有深度但不晦涩，体验很好。,0,normal,2026-01-30T10:48:13.294Z,
video,10681,1,video#10681 评论 3：重点知识点总结得不错，复习方便。,3,normal,2026-01-27T10:48:13.294Z,
video,10681,2,video#10681 评论 4：课程结构清晰，学习路线明了。,6,normal,2026-01-30T10:48:13.294Z,
video,10682,3,video#10682 评论 1：讲师讲解很细，适合零基础。,4,normal,2026-02-03T10:48:13.294Z,
video,10682,4,video#10682 评论 2：实例讲解很实用，收藏了。,4,normal,2026-02-03T10:48:13.294Z,
video,10682,5,video#10682 评论 3：课程结构清晰，学习路线明了。,5,normal,2026-01-23T10:48:13.294Z,
video,10682,6,video#10682 评论 4：案例很贴近实际，学完能直接上手。,1,normal,2026-01-31T10:48:13.294Z,
video,10683,1,video#10683 评论 1：课程结构清晰，学习路线明了。,3,normal,2026-02-02T10:48:13.294Z,
video,10683,2,video#10683 评论 2：案例很贴近实际，学完能直接上手。,2,normal,2026-01-27T10:48:13.294Z,
video,10683,3,video#10683 评论 3：实例讲解很实用，收藏了。,7,normal,2026-01-24T10:48:13.294Z,
video,10683,4,video#10683 评论 4：内容有深度但不晦涩，体验很好。,2,normal,2026-01-30T10:48:13.294Z,
video,10684,5,video#10684 评论 1：如果能加配套资料就更好了。,5,normal,2026-02-04T10:48:13.294Z,
video,10684,6,video#10684 评论 2：实例讲解很实用，收藏了。,4,normal,2026-01-28T10:48:13.294Z,
video,10684,1,video#10684 评论 3：课程结构清晰，学习路线明了。,7,normal,2026-01-22T10:48:13.294Z,
video,10684,2,video#10684 评论 4：内容有深度但不晦涩，体验很好。,3,normal,2026-01-26T10:48:13.294Z,
video,10685,3,video#10685 评论 1：实例讲解很实用，收藏了。,5,normal,2026-01-23T10:48:13.294Z,
video,10685,4,video#10685 评论 2：希望后续更新更多进阶内容。,7,normal,2026-01-30T10:48:13.294Z,
video,10685,5,video#10685 评论 3：这节课讲得很清楚，重点很明确。,4,normal,2026-01-28T10:48:13.294Z,
video,10685,6,video#10685 评论 4：内容有深度但不晦涩，体验很好。,3,normal,2026-02-01T10:48:13.294Z,
video,10686,1,video#10686 评论 1：希望后续更新更多进阶内容。,1,normal,2026-01-28T10:48:13.294Z,
video,10686,2,video#10686 评论 2：如果能加配套资料就更好了。,0,normal,2026-01-23T10:48:13.294Z,
video,10686,3,video#10686 评论 3：重点知识点总结得不错，复习方便。,2,normal,2026-01-24T10:48:13.294Z,
video,10686,4,video#10686 评论 4：案例很贴近实际，学完能直接上手。,4,normal,2026-01-25T10:48:13.294Z,
video,10687,5,video#10687 评论 1：实例讲解很实用，收藏了。,6,normal,2026-02-02T10:48:13.294Z,
video,10687,6,video#10687 评论 2：如果能加配套资料就更好了。,6,normal,2026-01-24T10:48:13.294Z,
video,10687,1,video#10687 评论 3：节奏刚好，建议再补充一点练习题。,7,normal,2026-02-04T10:48:13.294Z,
video,10687,2,video#10687 评论 4：节奏刚好，建议再补充一点练习题。,5,normal,2026-01-28T10:48:13.294Z,
video,10688,3,video#10688 评论 1：重点知识点总结得不错，复习方便。,4,normal,2026-01-28T10:48:13.295Z,
video,10688,4,video#10688 评论 2：希望后续更新更多进阶内容。,5,normal,2026-01-31T10:48:13.295Z,
video,10688,5,video#10688 评论 3：内容有深度但不晦涩，体验很好。,0,normal,2026-01-28T10:48:13.295Z,
video,10688,6,video#10688 评论 4：节奏刚好，建议再补充一点练习题。,2,normal,2026-01-26T10:48:13.295Z,
video,10689,1,video#10689 评论 1：实例讲解很实用，收藏了。,3,normal,2026-01-22T10:48:13.295Z,
video,10689,2,video#10689 评论 2：重点知识点总结得不错，复习方便。,6,normal,2026-01-27T10:48:13.295Z,
video,10689,3,video#10689 评论 3：讲师讲解很细，适合零基础。,5,normal,2026-01-27T10:48:13.295Z,
video,10689,4,video#10689 评论 4：讲师讲解很细，适合零基础。,2,normal,2026-01-22T10:48:13.295Z,
video,10690,5,video#10690 评论 1：案例很贴近实际，学完能直接上手。,4,normal,2026-01-25T10:48:13.295Z,
video,10690,6,video#10690 评论 2：实例讲解很实用，收藏了。,7,normal,2026-01-28T10:48:13.295Z,
video,10690,1,video#10690 评论 3：内容有深度但不晦涩，体验很好。,5,normal,2026-01-26T10:48:13.295Z,
video,10690,2,video#10690 评论 4：案例很贴近实际，学完能直接上手。,1,normal,2026-01-24T10:48:13.295Z,
video,10691,3,video#10691 评论 1：重点知识点总结得不错，复习方便。,3,normal,2026-01-31T10:48:13.295Z,
video,10691,4,video#10691 评论 2：内容有深度但不晦涩，体验很好。,3,normal,2026-01-22T10:48:13.295Z,
video,10691,5,video#10691 评论 3：重点知识点总结得不错，复习方便。,6,normal,2026-01-23T10:48:13.295Z,
video,10691,6,video#10691 评论 4：实例讲解很实用，收藏了。,7,normal,2026-01-26T10:48:13.295Z,
video,10692,1,video#10692 评论 1：希望后续更新更多进阶内容。,0,normal,2026-01-31T10:48:13.295Z,
video,10692,2,video#10692 评论 2：课程结构清晰，学习路线明了。,7,normal,2026-01-29T10:48:13.295Z,
video,10692,3,video#10692 评论 3：内容有深度但不晦涩，体验很好。,2,normal,2026-01-29T10:48:13.295Z,
video,10692,4,video#10692 评论 4：讲师讲解很细，适合零基础。,6,normal,2026-01-24T10:48:13.295Z,
video,10693,5,video#10693 评论 1：如果能加配套资料就更好了。,7,normal,2026-02-02T10:48:13.295Z,
video,10693,6,video#10693 评论 2：希望后续更新更多进阶内容。,3,normal,2026-01-23T10:48:13.295Z,
video,10693,1,video#10693 评论 3：重点知识点总结得不错，复习方便。,0,normal,2026-01-30T10:48:13.295Z,
video,10693,2,video#10693 评论 4：如果能加配套资料就更好了。,0,normal,2026-02-02T10:48:13.295Z,
video,10694,3,video#10694 评论 1：希望后续更新更多进阶内容。,7,normal,2026-02-04T10:48:13.295Z,
video,10694,4,video#10694 评论 2：内容有深度但不晦涩，体验很好。,2,normal,2026-01-22T10:48:13.295Z,
video,10694,5,video#10694 评论 3：如果能加配套资料就更好了。,6,normal,2026-01-24T10:48:13.295Z,
video,10694,6,video#10694 评论 4：课程结构清晰，学习路线明了。,2,normal,2026-01-26T10:48:13.295Z,
video,10695,1,video#10695 评论 1：内容有深度但不晦涩，体验很好。,1,normal,2026-01-31T10:48:13.295Z,
video,10695,2,video#10695 评论 2：这节课讲得很清楚，重点很明确。,5,normal,2026-01-28T10:48:13.295Z,
video,10695,3,video#10695 评论 3：希望后续更新更多进阶内容。,1,normal,2026-02-03T10:48:13.295Z,
video,10695,4,video#10695 评论 4：实例讲解很实用，收藏了。,7,normal,2026-01-25T10:48:13.295Z,
video,10696,5,video#10696 评论 1：如果能加配套资料就更好了。,0,normal,2026-01-26T10:48:13.295Z,
video,10696,6,video#10696 评论 2：希望后续更新更多进阶内容。,1,normal,2026-02-02T10:48:13.295Z,
video,10696,1,video#10696 评论 3：如果能加配套资料就更好了。,7,normal,2026-01-27T10:48:13.295Z,
video,10696,2,video#10696 评论 4：课程结构清晰，学习路线明了。,3,normal,2026-01-23T10:48:13.295Z,
video,10697,3,video#10697 评论 1：这节课讲得很清楚，重点很明确。,5,normal,2026-01-31T10:48:13.295Z,
video,10697,4,video#10697 评论 2：如果能加配套资料就更好了。,5,normal,2026-02-02T10:48:13.295Z,
video,10697,5,video#10697 评论 3：课程结构清晰，学习路线明了。,7,normal,2026-02-03T10:48:13.295Z,
video,10697,6,video#10697 评论 4：希望后续更新更多进阶内容。,3,normal,2026-02-04T10:48:13.295Z,
video,10698,1,video#10698 评论 1：这节课讲得很清楚，重点很明确。,0,normal,2026-02-02T10:48:13.295Z,
video,10698,2,video#10698 评论 2：内容有深度但不晦涩，体验很好。,3,normal,2026-01-22T10:48:13.295Z,
video,10698,3,video#10698 评论 3：讲师讲解很细，适合零基础。,5,normal,2026-02-02T10:48:13.295Z,
video,10698,4,video#10698 评论 4：案例很贴近实际，学完能直接上手。,5,normal,2026-01-30T10:48:13.295Z,
video,10699,5,video#10699 评论 1：节奏刚好，建议再补充一点练习题。,0,normal,2026-01-22T10:48:13.295Z,
video,10699,6,video#10699 评论 2：如果能加配套资料就更好了。,3,normal,2026-02-01T10:48:13.295Z,
video,10699,1,video#10699 评论 3：如果能加配套资料就更好了。,6,normal,2026-01-27T10:48:13.295Z,
video,10699,2,video#10699 评论 4：节奏刚好，建议再补充一点练习题。,2,normal,2026-01-28T10:48:13.295Z,
video,10700,3,video#10700 评论 1：重点知识点总结得不错，复习方便。,6,normal,2026-02-03T10:48:13.295Z,
video,10700,4,video#10700 评论 2：实例讲解很实用，收藏了。,1,normal,2026-02-01T10:48:13.295Z,
video,10700,5,video#10700 评论 3：如果能加配套资料就更好了。,6,normal,2026-01-26T10:48:13.295Z,
video,10700,6,video#10700 评论 4：希望后续更新更多进阶内容。,1,normal,2026-02-01T10:48:13.295Z,
video,10701,1,video#10701 评论 1：希望后续更新更多进阶内容。,2,normal,2026-02-02T10:48:13.295Z,
video,10701,2,video#10701 评论 2：讲师讲解很细，适合零基础。,2,normal,2026-02-02T10:48:13.295Z,
video,10701,3,video#10701 评论 3：课程结构清晰，学习路线明了。,3,normal,2026-02-02T10:48:13.295Z,
video,10701,4,video#10701 评论 4：实例讲解很实用，收藏了。,3,normal,2026-01-23T10:48:13.295Z,
video,10702,5,video#10702 评论 1：案例很贴近实际，学完能直接上手。,5,normal,2026-01-28T10:48:13.295Z,
video,10702,6,video#10702 评论 2：实例讲解很实用，收藏了。,4,normal,2026-02-04T10:48:13.295Z,
video,10702,1,video#10702 评论 3：这节课讲得很清楚，重点很明确。,0,normal,2026-02-04T10:48:13.295Z,
video,10702,2,video#10702 评论 4：内容有深度但不晦涩，体验很好。,3,normal,2026-01-22T10:48:13.295Z,
video,10703,3,video#10703 评论 1：这节课讲得很清楚，重点很明确。,1,normal,2026-01-26T10:48:13.295Z,
video,10703,4,video#10703 评论 2：如果能加配套资料就更好了。,5,normal,2026-01-28T10:48:13.295Z,
video,10703,5,video#10703 评论 3：重点知识点总结得不错，复习方便。,3,normal,2026-01-29T10:48:13.295Z,
video,10703,6,video#10703 评论 4：如果能加配套资料就更好了。,6,normal,2026-02-03T10:48:13.295Z,
video,10704,1,video#10704 评论 1：如果能加配套资料就更好了。,0,normal,2026-01-29T10:48:13.295Z,
video,10704,2,video#10704 评论 2：课程结构清晰，学习路线明了。,7,normal,2026-01-25T10:48:13.295Z,
video,10704,3,video#10704 评论 3：课程结构清晰，学习路线明了。,3,normal,2026-01-29T10:48:13.295Z,
video,10704,4,video#10704 评论 4：重点知识点总结得不错，复习方便。,1,normal,2026-01-31T10:48:13.295Z,
video,10705,5,video#10705 评论 1：讲师讲解很细，适合零基础。,0,normal,2026-02-04T10:48:13.295Z,
video,10705,6,video#10705 评论 2：这节课讲得很清楚，重点很明确。,5,normal,2026-01-29T10:48:13.295Z,
video,10705,1,video#10705 评论 3：讲师讲解很细，适合零基础。,1,normal,2026-01-24T10:48:13.295Z,
video,10705,2,video#10705 评论 4：实例讲解很实用，收藏了。,5,normal,2026-01-24T10:48:13.295Z,
video,10706,3,video#10706 评论 1：重点知识点总结得不错，复习方便。,4,normal,2026-02-02T10:48:13.295Z,
video,10706,4,video#10706 评论 2：案例很贴近实际，学完能直接上手。,5,normal,2026-01-30T10:48:13.295Z,
video,10706,5,video#10706 评论 3：希望后续更新更多进阶内容。,0,normal,2026-02-03T10:48:13.295Z,
video,10706,6,video#10706 评论 4：节奏刚好，建议再补充一点练习题。,3,normal,2026-02-04T10:48:13.295Z,
video,10707,1,video#10707 评论 1：重点知识点总结得不错，复习方便。,3,normal,2026-01-26T10:48:13.295Z,
video,10707,2,video#10707 评论 2：讲师讲解很细，适合零基础。,4,normal,2026-02-02T10:48:13.295Z,
video,10707,3,video#10707 评论 3：案例很贴近实际，学完能直接上手。,3,normal,2026-01-31T10:48:13.295Z,
video,10707,4,video#10707 评论 4：重点知识点总结得不错，复习方便。,5,normal,2026-02-02T10:48:13.295Z,
video,10708,5,video#10708 评论 1：课程结构清晰，学习路线明了。,1,normal,2026-01-30T10:48:13.295Z,
video,10708,6,video#10708 评论 2：希望后续更新更多进阶内容。,4,normal,2026-01-25T10:48:13.295Z,
video,10708,1,video#10708 评论 3：内容有深度但不晦涩，体验很好。,1,normal,2026-01-29T10:48:13.295Z,
video,10708,2,video#10708 评论 4：重点知识点总结得不错，复习方便。,0,normal,2026-01-25T10:48:13.295Z,
video,10709,3,video#10709 评论 1：这节课讲得很清楚，重点很明确。,5,normal,2026-02-02T10:48:13.295Z,
video,10709,4,video#10709 评论 2：希望后续更新更多进阶内容。,1,normal,2026-01-31T10:48:13.295Z,
video,10709,5,video#10709 评论 3：案例很贴近实际，学完能直接上手。,6,normal,2026-01-24T10:48:13.295Z,
video,10709,6,video#10709 评论 4：这节课讲得很清楚，重点很明确。,2,normal,2026-01-27T10:48:13.295Z,
video,10710,1,video#10710 评论 1：节奏刚好，建议再补充一点练习题。,0,normal,2026-01-27T10:48:13.295Z,
video,10710,2,video#10710 评论 2：节奏刚好，建议再补充一点练习题。,4,normal,2026-01-30T10:48:13.295Z,
video,10710,3,video#10710 评论 3：节奏刚好，建议再补充一点练习题。,0,normal,2026-01-22T10:48:13.295Z,
video,10710,4,video#10710 评论 4：案例很贴近实际，学完能直接上手。,5,normal,2026-01-24T10:48:13.295Z,
video,10711,5,video#10711 评论 1：希望后续更新更多进阶内容。,1,normal,2026-02-01T10:48:13.295Z,
video,10711,6,video#10711 评论 2：如果能加配套资料就更好了。,5,normal,2026-01-30T10:48:13.295Z,
video,10711,1,video#10711 评论 3：实例讲解很实用，收藏了。,4,normal,2026-01-22T10:48:13.295Z,
video,10711,2,video#10711 评论 4：内容有深度但不晦涩，体验很好。,7,normal,2026-02-04T10:48:13.295Z,
video,10712,3,video#10712 评论 1：内容有深度但不晦涩，体验很好。,4,normal,2026-01-26T10:48:13.295Z,
video,10712,4,video#10712 评论 2：节奏刚好，建议再补充一点练习题。,1,normal,2026-01-29T10:48:13.295Z,
video,10712,5,video#10712 评论 3：内容有深度但不晦涩，体验很好。,5,normal,2026-01-30T10:48:13.295Z,
video,10712,6,video#10712 评论 4：希望后续更新更多进阶内容。,7,normal,2026-01-29T10:48:13.295Z,
video,10713,1,video#10713 评论 1：重点知识点总结得不错，复习方便。,7,normal,2026-01-30T10:48:13.295Z,
video,10713,2,video#10713 评论 2：节奏刚好，建议再补充一点练习题。,5,normal,2026-01-24T10:48:13.295Z,
video,10713,3,video#10713 评论 3：讲师讲解很细，适合零基础。,7,normal,2026-01-28T10:48:13.295Z,
video,10713,4,video#10713 评论 4：实例讲解很实用，收藏了。,6,normal,2026-02-02T10:48:13.295Z,
video,10714,5,video#10714 评论 1：如果能加配套资料就更好了。,6,normal,2026-02-04T10:48:13.295Z,
video,10714,6,video#10714 评论 2：节奏刚好，建议再补充一点练习题。,5,normal,2026-01-30T10:48:13.295Z,
video,10714,1,video#10714 评论 3：重点知识点总结得不错，复习方便。,0,normal,2026-01-28T10:48:13.295Z,
video,10714,2,video#10714 评论 4：内容有深度但不晦涩，体验很好。,5,normal,2026-01-22T10:48:13.295Z,
video,10715,3,video#10715 评论 1：实例讲解很实用，收藏了。,3,normal,2026-01-31T10:48:13.295Z,
video,10715,4,video#10715 评论 2：讲师讲解很细，适合零基础。,4,normal,2026-01-24T10:48:13.295Z,
video,10715,5,video#10715 评论 3：案例很贴近实际，学完能直接上手。,4,normal,2026-02-04T10:48:13.295Z,
video,10715,6,video#10715 评论 4：讲师讲解很细，适合零基础。,4,normal,2026-02-03T10:48:13.295Z,
video,10716,1,video#10716 评论 1：实例讲解很实用，收藏了。,2,normal,2026-01-28T10:48:13.295Z,
video,10716,2,video#10716 评论 2：节奏刚好，建议再补充一点练习题。,0,normal,2026-02-03T10:48:13.295Z,
video,10716,3,video#10716 评论 3：案例很贴近实际，学完能直接上手。,6,normal,2026-01-22T10:48:13.295Z,
video,10716,4,video#10716 评论 4：如果能加配套资料就更好了。,5,normal,2026-02-03T10:48:13.295Z,
video,10717,5,video#10717 评论 1：课程结构清晰，学习路线明了。,4,normal,2026-02-03T10:48:13.295Z,
video,10717,6,video#10717 评论 2：如果能加配套资料就更好了。,6,normal,2026-02-04T10:48:13.295Z,
video,10717,1,video#10717 评论 3：重点知识点总结得不错，复习方便。,7,normal,2026-02-03T10:48:13.295Z,
video,10717,2,video#10717 评论 4：讲师讲解很细，适合零基础。,1,normal,2026-01-27T10:48:13.295Z,
video,10718,3,video#10718 评论 1：重点知识点总结得不错，复习方便。,6,normal,2026-01-22T10:48:13.295Z,
video,10718,4,video#10718 评论 2：节奏刚好，建议再补充一点练习题。,7,normal,2026-01-22T10:48:13.295Z,
video,10718,5,video#10718 评论 3：重点知识点总结得不错，复习方便。,3,normal,2026-02-04T10:48:13.295Z,
video,10718,6,video#10718 评论 4：内容有深度但不晦涩，体验很好。,0,normal,2026-01-23T10:48:13.295Z,
video,10719,1,video#10719 评论 1：如果能加配套资料就更好了。,1,normal,2026-02-02T10:48:13.295Z,
video,10719,2,video#10719 评论 2：案例很贴近实际，学完能直接上手。,6,normal,2026-01-27T10:48:13.295Z,
video,10719,3,video#10719 评论 3：内容有深度但不晦涩，体验很好。,0,normal,2026-01-27T10:48:13.295Z,
video,10719,4,video#10719 评论 4：案例很贴近实际，学完能直接上手。,1,normal,2026-01-29T10:48:13.295Z,
video,10720,5,video#10720 评论 1：讲师讲解很细，适合零基础。,3,normal,2026-02-01T10:48:13.295Z,
video,10720,6,video#10720 评论 2：实例讲解很实用，收藏了。,3,normal,2026-01-24T10:48:13.295Z,
video,10720,1,video#10720 评论 3：希望后续更新更多进阶内容。,3,normal,2026-01-29T10:48:13.295Z,
video,10720,2,video#10720 评论 4：内容有深度但不晦涩，体验很好。,3,normal,2026-01-30T10:48:13.295Z,
video,10721,3,video#10721 评论 1：讲师讲解很细，适合零基础。,3,normal,2026-01-28T10:48:13.295Z,
video,10721,4,video#10721 评论 2：希望后续更新更多进阶内容。,6,normal,2026-01-25T10:48:13.295Z,
video,10721,5,video#10721 评论 3：希望后续更新更多进阶内容。,7,normal,2026-01-30T10:48:13.295Z,
video,10721,6,video#10721 评论 4：重点知识点总结得不错，复习方便。,7,normal,2026-01-23T10:48:13.295Z,
video,10722,1,video#10722 评论 1：课程结构清晰，学习路线明了。,0,normal,2026-02-03T10:48:13.295Z,
video,10722,2,video#10722 评论 2：内容有深度但不晦涩，体验很好。,1,normal,2026-01-29T10:48:13.295Z,
video,10722,3,video#10722 评论 3：如果能加配套资料就更好了。,2,normal,2026-01-28T10:48:13.295Z,
video,10722,4,video#10722 评论 4：重点知识点总结得不错，复习方便。,7,normal,2026-02-02T10:48:13.295Z,
video,10723,5,video#10723 评论 1：实例讲解很实用，收藏了。,7,normal,2026-01-23T10:48:13.295Z,
video,10723,6,video#10723 评论 2：如果能加配套资料就更好了。,6,normal,2026-02-03T10:48:13.295Z,
video,10723,1,video#10723 评论 3：如果能加配套资料就更好了。,3,normal,2026-01-28T10:48:13.295Z,
video,10723,2,video#10723 评论 4：节奏刚好，建议再补充一点练习题。,0,normal,2026-01-28T10:48:13.295Z,
video,10724,3,video#10724 评论 1：如果能加配套资料就更好了。,2,normal,2026-01-27T10:48:13.295Z,
video,10724,4,video#10724 评论 2：内容有深度但不晦涩，体验很好。,5,normal,2026-02-04T10:48:13.295Z,
video,10724,5,video#10724 评论 3：这节课讲得很清楚，重点很明确。,2,normal,2026-01-30T10:48:13.295Z,
video,10724,6,video#10724 评论 4：实例讲解很实用，收藏了。,0,normal,2026-01-24T10:48:13.295Z,
video,10725,1,video#10725 评论 1：实例讲解很实用，收藏了。,2,normal,2026-01-28T10:48:13.295Z,
video,10725,2,video#10725 评论 2：这节课讲得很清楚，重点很明确。,7,normal,2026-01-23T10:48:13.295Z,
video,10725,3,video#10725 评论 3：这节课讲得很清楚，重点很明确。,6,normal,2026-01-23T10:48:13.295Z,
video,10725,4,video#10725 评论 4：希望后续更新更多进阶内容。,4,normal,2026-01-22T10:48:13.295Z,
video,10726,5,video#10726 评论 1：案例很贴近实际，学完能直接上手。,4,normal,2026-01-26T10:48:13.295Z,
video,10726,6,video#10726 评论 2：案例很贴近实际，学完能直接上手。,4,normal,2026-01-26T10:48:13.295Z,
video,10726,1,video#10726 评论 3：节奏刚好，建议再补充一点练习题。,2,normal,2026-01-23T10:48:13.295Z,
video,10726,2,video#10726 评论 4：如果能加配套资料就更好了。,6,normal,2026-01-25T10:48:13.295Z,
video,10727,3,video#10727 评论 1：案例很贴近实际，学完能直接上手。,0,normal,2026-02-03T10:48:13.295Z,
video,10727,4,video#10727 评论 2：如果能加配套资料就更好了。,3,normal,2026-01-29T10:48:13.295Z,
video,10727,5,video#10727 评论 3：实例讲解很实用，收藏了。,1,normal,2026-01-25T10:48:13.295Z,
video,10727,6,video#10727 评论 4：实例讲解很实用，收藏了。,4,normal,2026-02-03T10:48:13.295Z,
video,10728,1,video#10728 评论 1：案例很贴近实际，学完能直接上手。,2,normal,2026-02-04T10:48:13.295Z,
video,10728,2,video#10728 评论 2：如果能加配套资料就更好了。,4,normal,2026-01-29T10:48:13.295Z,
video,10728,3,video#10728 评论 3：内容有深度但不晦涩，体验很好。,1,normal,2026-02-04T10:48:13.295Z,
video,10728,4,video#10728 评论 4：课程结构清晰，学习路线明了。,4,normal,2026-01-29T10:48:13.295Z,
video,10729,5,video#10729 评论 1：希望后续更新更多进阶内容。,7,normal,2026-02-04T10:48:13.295Z,
video,10729,6,video#10729 评论 2：课程结构清晰，学习路线明了。,6,normal,2026-01-27T10:48:13.295Z,
video,10729,1,video#10729 评论 3：案例很贴近实际，学完能直接上手。,3,normal,2026-02-02T10:48:13.295Z,
video,10729,2,video#10729 评论 4：课程结构清晰，学习路线明了。,3,normal,2026-02-04T10:48:13.295Z,
video,10730,3,video#10730 评论 1：内容有深度但不晦涩，体验很好。,1,normal,2026-01-24T10:48:13.295Z,
video,10730,4,video#10730 评论 2：讲师讲解很细，适合零基础。,5,normal,2026-02-02T10:48:13.295Z,
video,10730,5,video#10730 评论 3：课程结构清晰，学习路线明了。,3,normal,2026-02-01T10:48:13.295Z,
video,10730,6,video#10730 评论 4：这节课讲得很清楚，重点很明确。,6,normal,2026-02-01T10:48:13.295Z,
video,10731,1,video#10731 评论 1：内容有深度但不晦涩，体验很好。,4,normal,2026-01-27T10:48:13.295Z,
video,10731,2,video#10731 评论 2：这节课讲得很清楚，重点很明确。,7,normal,2026-01-24T10:48:13.295Z,
video,10731,3,video#10731 评论 3：内容有深度但不晦涩，体验很好。,4,normal,2026-01-29T10:48:13.295Z,
video,10731,4,video#10731 评论 4：重点知识点总结得不错，复习方便。,6,normal,2026-01-25T10:48:13.295Z,
video,10732,5,video#10732 评论 1：案例很贴近实际，学完能直接上手。,3,normal,2026-01-24T10:48:13.295Z,
video,10732,6,video#10732 评论 2：内容有深度但不晦涩，体验很好。,7,normal,2026-02-01T10:48:13.295Z,
video,10732,1,video#10732 评论 3：希望后续更新更多进阶内容。,4,normal,2026-02-04T10:48:13.295Z,
video,10732,2,video#10732 评论 4：讲师讲解很细，适合零基础。,6,normal,2026-01-30T10:48:13.295Z,
video,10733,3,video#10733 评论 1：节奏刚好，建议再补充一点练习题。,1,normal,2026-01-28T10:48:13.295Z,
video,10733,4,video#10733 评论 2：重点知识点总结得不错，复习方便。,5,normal,2026-01-28T10:48:13.295Z,
video,10733,5,video#10733 评论 3：如果能加配套资料就更好了。,3,normal,2026-02-01T10:48:13.295Z,
video,10733,6,video#10733 评论 4：课程结构清晰，学习路线明了。,4,normal,2026-01-25T10:48:13.295Z,
video,10734,1,video#10734 评论 1：节奏刚好，建议再补充一点练习题。,5,normal,2026-01-22T10:48:13.295Z,
video,10734,2,video#10734 评论 2：重点知识点总结得不错，复习方便。,5,normal,2026-02-01T10:48:13.295Z,
video,10734,3,video#10734 评论 3：讲师讲解很细，适合零基础。,2,normal,2026-01-22T10:48:13.295Z,
video,10734,4,video#10734 评论 4：希望后续更新更多进阶内容。,0,normal,2026-01-31T10:48:13.295Z,
video,10735,5,video#10735 评论 1：讲师讲解很细，适合零基础。,5,normal,2026-01-29T10:48:13.295Z,
video,10735,6,video#10735 评论 2：重点知识点总结得不错，复习方便。,6,normal,2026-01-29T10:48:13.295Z,
video,10735,1,video#10735 评论 3：内容有深度但不晦涩，体验很好。,6,normal,2026-01-29T10:48:13.295Z,
video,10735,2,video#10735 评论 4：这节课讲得很清楚，重点很明确。,7,normal,2026-01-31T10:48:13.295Z,
video,10736,3,video#10736 评论 1：节奏刚好，建议再补充一点练习题。,7,normal,2026-01-27T10:48:13.295Z,
video,10736,4,video#10736 评论 2：节奏刚好，建议再补充一点练习题。,2,normal,2026-01-31T10:48:13.295Z,
video,10736,5,video#10736 评论 3：内容有深度但不晦涩，体验很好。,1,normal,2026-02-04T10:48:13.295Z,
video,10736,6,video#10736 评论 4：节奏刚好，建议再补充一点练习题。,7,normal,2026-01-28T10:48:13.295Z,
video,10737,1,video#10737 评论 1：希望后续更新更多进阶内容。,1,normal,2026-01-30T10:48:13.295Z,
video,10737,2,video#10737 评论 2：案例很贴近实际，学完能直接上手。,0,normal,2026-02-03T10:48:13.295Z,
video,10737,3,video#10737 评论 3：讲师讲解很细，适合零基础。,6,normal,2026-01-26T10:48:13.295Z,
video,10737,4,video#10737 评论 4：如果能加配套资料就更好了。,6,normal,2026-02-01T10:48:13.295Z,
video,10738,5,video#10738 评论 1：这节课讲得很清楚，重点很明确。,2,normal,2026-01-27T10:48:13.295Z,
video,10738,6,video#10738 评论 2：节奏刚好，建议再补充一点练习题。,2,normal,2026-01-27T10:48:13.295Z,
video,10738,1,video#10738 评论 3：内容有深度但不晦涩，体验很好。,2,normal,2026-02-03T10:48:13.295Z,
video,10738,2,video#10738 评论 4：课程结构清晰，学习路线明了。,5,normal,2026-01-22T10:48:13.295Z,
video,10739,3,video#10739 评论 1：课程结构清晰，学习路线明了。,6,normal,2026-01-24T10:48:13.295Z,
video,10739,4,video#10739 评论 2：讲师讲解很细，适合零基础。,5,normal,2026-01-29T10:48:13.295Z,
video,10739,5,video#10739 评论 3：实例讲解很实用，收藏了。,1,normal,2026-02-03T10:48:13.295Z,
video,10739,6,video#10739 评论 4：课程结构清晰，学习路线明了。,3,normal,2026-02-03T10:48:13.295Z,
video,10740,1,video#10740 评论 1：案例很贴近实际，学完能直接上手。,1,normal,2026-01-23T10:48:13.295Z,
video,10740,2,video#10740 评论 2：这节课讲得很清楚，重点很明确。,0,normal,2026-01-29T10:48:13.295Z,
video,10740,3,video#10740 评论 3：课程结构清晰，学习路线明了。,1,normal,2026-01-25T10:48:13.295Z,
video,10740,4,video#10740 评论 4：实例讲解很实用，收藏了。,6,normal,2026-02-02T10:48:13.295Z,
video,10741,5,video#10741 评论 1：讲师讲解很细，适合零基础。,5,normal,2026-02-02T10:48:13.295Z,
video,10741,6,video#10741 评论 2：这节课讲得很清楚，重点很明确。,2,normal,2026-01-29T10:48:13.295Z,
video,10741,1,video#10741 评论 3：案例很贴近实际，学完能直接上手。,7,normal,2026-01-27T10:48:13.295Z,
video,10741,2,video#10741 评论 4：重点知识点总结得不错，复习方便。,2,normal,2026-01-29T10:48:13.295Z,
video,10742,3,video#10742 评论 1：讲师讲解很细，适合零基础。,1,normal,2026-02-03T10:48:13.295Z,
video,10742,4,video#10742 评论 2：案例很贴近实际，学完能直接上手。,0,normal,2026-01-29T10:48:13.295Z,
video,10742,5,video#10742 评论 3：重点知识点总结得不错，复习方便。,6,normal,2026-02-04T10:48:13.295Z,
video,10742,6,video#10742 评论 4：节奏刚好，建议再补充一点练习题。,2,normal,2026-02-02T10:48:13.295Z,
video,10743,1,video#10743 评论 1：内容有深度但不晦涩，体验很好。,4,normal,2026-02-02T10:48:13.295Z,
video,10743,2,video#10743 评论 2：这节课讲得很清楚，重点很明确。,3,normal,2026-01-28T10:48:13.295Z,
video,10743,3,video#10743 评论 3：这节课讲得很清楚，重点很明确。,6,normal,2026-01-31T10:48:13.295Z,
video,10743,4,video#10743 评论 4：如果能加配套资料就更好了。,3,normal,2026-01-29T10:48:13.295Z,
video,10744,5,video#10744 评论 1：案例很贴近实际，学完能直接上手。,0,normal,2026-01-25T10:48:13.295Z,
video,10744,6,video#10744 评论 2：内容有深度但不晦涩，体验很好。,6,normal,2026-01-30T10:48:13.295Z,
video,10744,1,video#10744 评论 3：课程结构清晰，学习路线明了。,0,normal,2026-01-28T10:48:13.295Z,
video,10744,2,video#10744 评论 4：内容有深度但不晦涩，体验很好。,4,normal,2026-01-23T10:48:13.295Z,
video,10745,3,video#10745 评论 1：这节课讲得很清楚，重点很明确。,5,normal,2026-02-04T10:48:13.295Z,
video,10745,4,video#10745 评论 2：课程结构清晰，学习路线明了。,7,normal,2026-01-25T10:48:13.295Z,
video,10745,5,video#10745 评论 3：内容有深度但不晦涩，体验很好。,5,normal,2026-01-30T10:48:13.295Z,
video,10745,6,video#10745 评论 4：案例很贴近实际，学完能直接上手。,6,normal,2026-01-24T10:48:13.295Z,
video,10746,1,video#10746 评论 1：重点知识点总结得不错，复习方便。,1,normal,2026-02-03T10:48:13.295Z,
video,10746,2,video#10746 评论 2：重点知识点总结得不错，复习方便。,1,normal,2026-01-28T10:48:13.295Z,
video,10746,3,video#10746 评论 3：如果能加配套资料就更好了。,1,normal,2026-01-28T10:48:13.295Z,
video,10746,4,video#10746 评论 4：实例讲解很实用，收藏了。,3,normal,2026-02-04T10:48:13.295Z,
video,10747,5,video#10747 评论 1：实例讲解很实用，收藏了。,6,normal,2026-01-23T10:48:13.295Z,
video,10747,6,video#10747 评论 2：这节课讲得很清楚，重点很明确。,4,normal,2026-01-24T10:48:13.295Z,
video,10747,1,video#10747 评论 3：内容有深度但不晦涩，体验很好。,2,normal,2026-01-27T10:48:13.295Z,
video,10747,2,video#10747 评论 4：如果能加配套资料就更好了。,1,normal,2026-01-27T10:48:13.295Z,
video,10748,3,video#10748 评论 1：这节课讲得很清楚，重点很明确。,1,normal,2026-01-23T10:48:13.295Z,
video,10748,4,video#10748 评论 2：课程结构清晰，学习路线明了。,2,normal,2026-02-04T10:48:13.295Z,
video,10748,5,video#10748 评论 3：讲师讲解很细，适合零基础。,2,normal,2026-01-27T10:48:13.295Z,
video,10748,6,video#10748 评论 4：内容有深度但不晦涩，体验很好。,6,normal,2026-01-28T10:48:13.295Z,
video,10749,1,video#10749 评论 1：节奏刚好，建议再补充一点练习题。,5,normal,2026-01-29T10:48:13.295Z,
video,10749,2,video#10749 评论 2：讲师讲解很细，适合零基础。,6,normal,2026-01-24T10:48:13.295Z,
video,10749,3,video#10749 评论 3：节奏刚好，建议再补充一点练习题。,6,normal,2026-02-03T10:48:13.295Z,
video,10749,4,video#10749 评论 4：案例很贴近实际，学完能直接上手。,3,normal,2026-02-01T10:48:13.295Z,
video,10750,5,video#10750 评论 1：课程结构清晰，学习路线明了。,5,normal,2026-02-03T10:48:13.295Z,
video,10750,6,video#10750 评论 2：节奏刚好，建议再补充一点练习题。,7,normal,2026-01-22T10:48:13.295Z,
video,10750,1,video#10750 评论 3：实例讲解很实用，收藏了。,5,normal,2026-01-31T10:48:13.295Z,
video,10750,2,video#10750 评论 4：希望后续更新更多进阶内容。,1,normal,2026-02-04T10:48:13.295Z,
video,10751,3,video#10751 评论 1：实例讲解很实用，收藏了。,5,normal,2026-01-28T10:48:13.295Z,
video,10751,4,video#10751 评论 2：实例讲解很实用，收藏了。,6,normal,2026-01-23T10:48:13.295Z,
video,10751,5,video#10751 评论 3：讲师讲解很细，适合零基础。,7,normal,2026-01-24T10:48:13.295Z,
video,10751,6,video#10751 评论 4：如果能加配套资料就更好了。,4,normal,2026-01-23T10:48:13.295Z,
video,10752,1,video#10752 评论 1：重点知识点总结得不错，复习方便。,1,normal,2026-01-25T10:48:13.295Z,
video,10752,2,video#10752 评论 2：课程结构清晰，学习路线明了。,7,normal,2026-01-28T10:48:13.295Z,
video,10752,3,video#10752 评论 3：案例很贴近实际，学完能直接上手。,0,normal,2026-02-04T10:48:13.295Z,
video,10752,4,video#10752 评论 4：讲师讲解很细，适合零基础。,5,normal,2026-01-31T10:48:13.295Z,
video,10753,5,video#10753 评论 1：案例很贴近实际，学完能直接上手。,1,normal,2026-02-03T10:48:13.295Z,
video,10753,6,video#10753 评论 2：希望后续更新更多进阶内容。,0,normal,2026-01-22T10:48:13.295Z,
video,10753,1,video#10753 评论 3：讲师讲解很细，适合零基础。,4,normal,2026-01-24T10:48:13.295Z,
video,10753,2,video#10753 评论 4：实例讲解很实用，收藏了。,1,normal,2026-02-03T10:48:13.295Z,
video,10754,3,video#10754 评论 1：希望后续更新更多进阶内容。,1,normal,2026-02-02T10:48:13.295Z,
video,10754,4,video#10754 评论 2：希望后续更新更多进阶内容。,0,normal,2026-02-04T10:48:13.295Z,
video,10754,5,video#10754 评论 3：节奏刚好，建议再补充一点练习题。,7,normal,2026-01-26T10:48:13.295Z,
video,10754,6,video#10754 评论 4：如果能加配套资料就更好了。,2,normal,2026-01-28T10:48:13.295Z,
video,10755,1,video#10755 评论 1：案例很贴近实际，学完能直接上手。,4,normal,2026-01-26T10:48:13.295Z,
video,10755,2,video#10755 评论 2：如果能加配套资料就更好了。,1,normal,2026-01-27T10:48:13.295Z,
video,10755,3,video#10755 评论 3：讲师讲解很细，适合零基础。,2,normal,2026-01-23T10:48:13.295Z,
video,10755,4,video#10755 评论 4：内容有深度但不晦涩，体验很好。,2,normal,2026-01-29T10:48:13.295Z,
video,10756,5,video#10756 评论 1：这节课讲得很清楚，重点很明确。,5,normal,2026-01-22T10:48:13.295Z,
video,10756,6,video#10756 评论 2：这节课讲得很清楚，重点很明确。,0,normal,2026-01-23T10:48:13.295Z,
video,10756,1,video#10756 评论 3：讲师讲解很细，适合零基础。,0,normal,2026-02-01T10:48:13.295Z,
video,10756,2,video#10756 评论 4：这节课讲得很清楚，重点很明确。,3,normal,2026-01-31T10:48:13.295Z,
video,10757,3,video#10757 评论 1：内容有深度但不晦涩，体验很好。,0,normal,2026-02-03T10:48:13.295Z,
video,10757,4,video#10757 评论 2：希望后续更新更多进阶内容。,1,normal,2026-02-03T10:48:13.295Z,
video,10757,5,video#10757 评论 3：课程结构清晰，学习路线明了。,0,normal,2026-01-26T10:48:13.295Z,
video,10757,6,video#10757 评论 4：重点知识点总结得不错，复习方便。,0,normal,2026-02-03T10:48:13.295Z,
video,10758,1,video#10758 评论 1：案例很贴近实际，学完能直接上手。,3,normal,2026-01-22T10:48:13.295Z,
video,10758,2,video#10758 评论 2：这节课讲得很清楚，重点很明确。,2,normal,2026-01-24T10:48:13.295Z,
video,10758,3,video#10758 评论 3：这节课讲得很清楚，重点很明确。,4,normal,2026-02-02T10:48:13.295Z,
video,10758,4,video#10758 评论 4：内容有深度但不晦涩，体验很好。,5,normal,2026-01-30T10:48:13.295Z,
video,10759,5,video#10759 评论 1：讲师讲解很细，适合零基础。,4,normal,2026-01-24T10:48:13.295Z,
video,10759,6,video#10759 评论 2：课程结构清晰，学习路线明了。,7,normal,2026-01-27T10:48:13.295Z,
video,10759,1,video#10759 评论 3：内容有深度但不晦涩，体验很好。,5,normal,2026-02-03T10:48:13.295Z,
video,10759,2,video#10759 评论 4：节奏刚好，建议再补充一点练习题。,4,normal,2026-01-30T10:48:13.295Z,
video,10760,3,video#10760 评论 1：课程结构清晰，学习路线明了。,1,normal,2026-01-28T10:48:13.295Z,
video,10760,4,video#10760 评论 2：重点知识点总结得不错，复习方便。,1,normal,2026-01-22T10:48:13.295Z,
video,10760,5,video#10760 评论 3：这节课讲得很清楚，重点很明确。,1,normal,2026-01-31T10:48:13.295Z,
video,10760,6,video#10760 评论 4：案例很贴近实际，学完能直接上手。,1,normal,2026-02-03T10:48:13.295Z,
video,10761,1,video#10761 评论 1：如果能加配套资料就更好了。,0,normal,2026-01-23T10:48:13.295Z,
video,10761,2,video#10761 评论 2：案例很贴近实际，学完能直接上手。,4,normal,2026-01-30T10:48:13.295Z,
video,10761,3,video#10761 评论 3：讲师讲解很细，适合零基础。,6,normal,2026-02-04T10:48:13.295Z,
video,10761,4,video#10761 评论 4：重点知识点总结得不错，复习方便。,0,normal,2026-01-31T10:48:13.295Z,
video,10762,5,video#10762 评论 1：希望后续更新更多进阶内容。,4,normal,2026-01-27T10:48:13.295Z,
video,10762,6,video#10762 评论 2：这节课讲得很清楚，重点很明确。,2,normal,2026-01-22T10:48:13.295Z,
video,10762,1,video#10762 评论 3：讲师讲解很细，适合零基础。,5,normal,2026-01-29T10:48:13.295Z,
video,10762,2,video#10762 评论 4：希望后续更新更多进阶内容。,6,normal,2026-01-23T10:48:13.295Z,
video,10763,3,video#10763 评论 1：如果能加配套资料就更好了。,0,normal,2026-01-24T10:48:13.295Z,
video,10763,4,video#10763 评论 2：如果能加配套资料就更好了。,1,normal,2026-01-29T10:48:13.295Z,
video,10763,5,video#10763 评论 3：这节课讲得很清楚，重点很明确。,2,normal,2026-01-29T10:48:13.295Z,
video,10763,6,video#10763 评论 4：内容有深度但不晦涩，体验很好。,5,normal,2026-01-25T10:48:13.295Z,
video,10764,1,video#10764 评论 1：实例讲解很实用，收藏了。,1,normal,2026-01-31T10:48:13.295Z,
video,10764,2,video#10764 评论 2：这节课讲得很清楚，重点很明确。,5,normal,2026-02-01T10:48:13.295Z,
video,10764,3,video#10764 评论 3：希望后续更新更多进阶内容。,1,normal,2026-01-22T10:48:13.295Z,
video,10764,4,video#10764 评论 4：如果能加配套资料就更好了。,0,normal,2026-02-02T10:48:13.295Z,
video,10765,5,video#10765 评论 1：这节课讲得很清楚，重点很明确。,2,normal,2026-02-03T10:48:13.295Z,
video,10765,6,video#10765 评论 2：这节课讲得很清楚，重点很明确。,4,normal,2026-02-03T10:48:13.295Z,
video,10765,1,video#10765 评论 3：案例很贴近实际，学完能直接上手。,0,normal,2026-01-27T10:48:13.295Z,
video,10765,2,video#10765 评论 4：内容有深度但不晦涩，体验很好。,6,normal,2026-01-23T10:48:13.295Z,
video,10766,3,video#10766 评论 1：如果能加配套资料就更好了。,4,normal,2026-02-03T10:48:13.295Z,
video,10766,4,video#10766 评论 2：如果能加配套资料就更好了。,4,normal,2026-02-01T10:48:13.295Z,
video,10766,5,video#10766 评论 3：这节课讲得很清楚，重点很明确。,5,normal,2026-01-31T10:48:13.295Z,
video,10766,6,video#10766 评论 4：讲师讲解很细，适合零基础。,0,normal,2026-01-31T10:48:13.295Z,
video,10767,1,video#10767 评论 1：讲师讲解很细，适合零基础。,5,normal,2026-02-03T10:48:13.295Z,
video,10767,2,video#10767 评论 2：实例讲解很实用，收藏了。,1,normal,2026-01-22T10:48:13.295Z,
video,10767,3,video#10767 评论 3：如果能加配套资料就更好了。,4,normal,2026-01-30T10:48:13.295Z,
video,10767,4,video#10767 评论 4：重点知识点总结得不错，复习方便。,2,normal,2026-01-22T10:48:13.295Z,
video,10768,5,video#10768 评论 1：如果能加配套资料就更好了。,1,normal,2026-01-25T10:48:13.295Z,
video,10768,6,video#10768 评论 2：实例讲解很实用，收藏了。,3,normal,2026-01-30T10:48:13.295Z,
video,10768,1,video#10768 评论 3：讲师讲解很细，适合零基础。,1,normal,2026-01-29T10:48:13.295Z,
video,10768,2,video#10768 评论 4：内容有深度但不晦涩，体验很好。,6,normal,2026-02-04T10:48:13.295Z,
video,10769,3,video#10769 评论 1：内容有深度但不晦涩，体验很好。,6,normal,2026-01-27T10:48:13.295Z,
video,10769,4,video#10769 评论 2：希望后续更新更多进阶内容。,5,normal,2026-01-26T10:48:13.295Z,
video,10769,5,video#10769 评论 3：如果能加配套资料就更好了。,3,normal,2026-02-01T10:48:13.295Z,
video,10769,6,video#10769 评论 4：节奏刚好，建议再补充一点练习题。,6,normal,2026-01-26T10:48:13.295Z,
video,10770,1,video#10770 评论 1：希望后续更新更多进阶内容。,2,normal,2026-01-27T10:48:13.295Z,
video,10770,2,video#10770 评论 2：讲师讲解很细，适合零基础。,5,normal,2026-02-04T10:48:13.295Z,
video,10770,3,video#10770 评论 3：节奏刚好，建议再补充一点练习题。,5,normal,2026-01-31T10:48:13.295Z,
video,10770,4,video#10770 评论 4：重点知识点总结得不错，复习方便。,6,normal,2026-01-31T10:48:13.295Z,
video,10771,5,video#10771 评论 1：节奏刚好，建议再补充一点练习题。,7,normal,2026-01-27T10:48:13.295Z,
video,10771,6,video#10771 评论 2：重点知识点总结得不错，复习方便。,3,normal,2026-01-31T10:48:13.295Z,
video,10771,1,video#10771 评论 3：课程结构清晰，学习路线明了。,3,normal,2026-01-27T10:48:13.295Z,
video,10771,2,video#10771 评论 4：重点知识点总结得不错，复习方便。,0,normal,2026-01-29T10:48:13.295Z,
video,10772,3,video#10772 评论 1：内容有深度但不晦涩，体验很好。,7,normal,2026-01-30T10:48:13.295Z,
video,10772,4,video#10772 评论 2：内容有深度但不晦涩，体验很好。,5,normal,2026-01-24T10:48:13.295Z,
video,10772,5,video#10772 评论 3：实例讲解很实用，收藏了。,0,normal,2026-01-28T10:48:13.295Z,
video,10772,6,video#10772 评论 4：讲师讲解很细，适合零基础。,0,normal,2026-01-25T10:48:13.295Z,
video,10773,1,video#10773 评论 1：重点知识点总结得不错，复习方便。,7,normal,2026-01-25T10:48:13.295Z,
video,10773,2,video#10773 评论 2：课程结构清晰，学习路线明了。,6,normal,2026-01-27T10:48:13.295Z,
video,10773,3,video#10773 评论 3：如果能加配套资料就更好了。,4,normal,2026-01-31T10:48:13.295Z,
video,10773,4,video#10773 评论 4：课程结构清晰，学习路线明了。,4,normal,2026-01-23T10:48:13.295Z,
video,10774,5,video#10774 评论 1：节奏刚好，建议再补充一点练习题。,0,normal,2026-01-25T10:48:13.295Z,
video,10774,6,video#10774 评论 2：内容有深度但不晦涩，体验很好。,3,normal,2026-01-31T10:48:13.295Z,
video,10774,1,video#10774 评论 3：这节课讲得很清楚，重点很明确。,2,normal,2026-01-30T10:48:13.295Z,
video,10774,2,video#10774 评论 4：讲师讲解很细，适合零基础。,1,normal,2026-01-23T10:48:13.295Z,
video,10775,3,video#10775 评论 1：讲师讲解很细，适合零基础。,6,normal,2026-02-01T10:48:13.295Z,
video,10775,4,video#10775 评论 2：实例讲解很实用，收藏了。,4,normal,2026-01-26T10:48:13.295Z,
video,10775,5,video#10775 评论 3：案例很贴近实际，学完能直接上手。,5,normal,2026-01-27T10:48:13.295Z,
video,10775,6,video#10775 评论 4：这节课讲得很清楚，重点很明确。,3,normal,2026-01-23T10:48:13.295Z,
video,10776,1,video#10776 评论 1：节奏刚好，建议再补充一点练习题。,0,normal,2026-02-03T10:48:13.295Z,
video,10776,2,video#10776 评论 2：内容有深度但不晦涩，体验很好。,4,normal,2026-01-31T10:48:13.295Z,
video,10776,3,video#10776 评论 3：希望后续更新更多进阶内容。,1,normal,2026-01-27T10:48:13.295Z,
video,10776,4,video#10776 评论 4：重点知识点总结得不错，复习方便。,3,normal,2026-01-25T10:48:13.295Z,
video,10777,5,video#10777 评论 1：希望后续更新更多进阶内容。,5,normal,2026-02-03T10:48:13.295Z,
video,10777,6,video#10777 评论 2：重点知识点总结得不错，复习方便。,1,normal,2026-01-31T10:48:13.295Z,
video,10777,1,video#10777 评论 3：讲师讲解很细，适合零基础。,5,normal,2026-02-04T10:48:13.295Z,
video,10777,2,video#10777 评论 4：内容有深度但不晦涩，体验很好。,0,normal,2026-01-23T10:48:13.295Z,
video,10778,3,video#10778 评论 1：案例很贴近实际，学完能直接上手。,3,normal,2026-01-24T10:48:13.295Z,
video,10778,4,video#10778 评论 2：课程结构清晰，学习路线明了。,0,normal,2026-02-04T10:48:13.295Z,
video,10778,5,video#10778 评论 3：这节课讲得很清楚，重点很明确。,0,normal,2026-02-03T10:48:13.295Z,
video,10778,6,video#10778 评论 4：讲师讲解很细，适合零基础。,1,normal,2026-02-03T10:48:13.295Z,
video,10779,1,video#10779 评论 1：这节课讲得很清楚，重点很明确。,0,normal,2026-01-30T10:48:13.295Z,
video,10779,2,video#10779 评论 2：课程结构清晰，学习路线明了。,6,normal,2026-01-25T10:48:13.295Z,
video,10779,3,video#10779 评论 3：节奏刚好，建议再补充一点练习题。,7,normal,2026-01-31T10:48:13.295Z,
video,10779,4,video#10779 评论 4：这节课讲得很清楚，重点很明确。,4,normal,2026-01-30T10:48:13.295Z,
video,10780,5,video#10780 评论 1：重点知识点总结得不错，复习方便。,5,normal,2026-02-01T10:48:13.295Z,
video,10780,6,video#10780 评论 2：这节课讲得很清楚，重点很明确。,0,normal,2026-02-01T10:48:13.295Z,
video,10780,1,video#10780 评论 3：课程结构清晰，学习路线明了。,5,normal,2026-02-04T10:48:13.295Z,
video,10780,2,video#10780 评论 4：希望后续更新更多进阶内容。,4,normal,2026-01-23T10:48:13.295Z,
video,10781,3,video#10781 评论 1：如果能加配套资料就更好了。,7,normal,2026-02-03T10:48:13.295Z,
video,10781,4,video#10781 评论 2：讲师讲解很细，适合零基础。,2,normal,2026-01-27T10:48:13.295Z,
video,10781,5,video#10781 评论 3：案例很贴近实际，学完能直接上手。,4,normal,2026-02-01T10:48:13.295Z,
video,10781,6,video#10781 评论 4：实例讲解很实用，收藏了。,1,normal,2026-01-24T10:48:13.295Z,
video,10782,1,video#10782 评论 1：讲师讲解很细，适合零基础。,0,normal,2026-01-29T10:48:13.295Z,
video,10782,2,video#10782 评论 2：这节课讲得很清楚，重点很明确。,4,normal,2026-02-01T10:48:13.295Z,
video,10782,3,video#10782 评论 3：节奏刚好，建议再补充一点练习题。,1,normal,2026-01-25T10:48:13.295Z,
video,10782,4,video#10782 评论 4：实例讲解很实用，收藏了。,1,normal,2026-01-26T10:48:13.295Z,
video,10783,5,video#10783 评论 1：希望后续更新更多进阶内容。,1,normal,2026-01-31T10:48:13.295Z,
video,10783,6,video#10783 评论 2：实例讲解很实用，收藏了。,1,normal,2026-01-28T10:48:13.295Z,
video,10783,1,video#10783 评论 3：希望后续更新更多进阶内容。,1,normal,2026-01-22T10:48:13.295Z,
video,10783,2,video#10783 评论 4：实例讲解很实用，收藏了。,1,normal,2026-02-01T10:48:13.295Z,
video,10784,3,video#10784 评论 1：课程结构清晰，学习路线明了。,5,normal,2026-01-26T10:48:13.295Z,
video,10784,4,video#10784 评论 2：案例很贴近实际，学完能直接上手。,7,normal,2026-02-01T10:48:13.295Z,
video,10784,5,video#10784 评论 3：这节课讲得很清楚，重点很明确。,4,normal,2026-02-03T10:48:13.295Z,
video,10784,6,video#10784 评论 4：内容有深度但不晦涩，体验很好。,7,normal,2026-02-02T10:48:13.295Z,
video,10785,1,video#10785 评论 1：实例讲解很实用，收藏了。,5,normal,2026-02-02T10:48:13.295Z,
video,10785,2,video#10785 评论 2：实例讲解很实用，收藏了。,3,normal,2026-01-24T10:48:13.295Z,
video,10785,3,video#10785 评论 3：案例很贴近实际，学完能直接上手。,5,normal,2026-01-28T10:48:13.295Z,
video,10785,4,video#10785 评论 4：节奏刚好，建议再补充一点练习题。,2,normal,2026-02-01T10:48:13.295Z,
video,10786,5,video#10786 评论 1：节奏刚好，建议再补充一点练习题。,2,normal,2026-02-04T10:48:13.295Z,
video,10786,6,video#10786 评论 2：如果能加配套资料就更好了。,4,normal,2026-01-22T10:48:13.295Z,
video,10786,1,video#10786 评论 3：重点知识点总结得不错，复习方便。,3,normal,2026-01-23T10:48:13.295Z,
video,10786,2,video#10786 评论 4：重点知识点总结得不错，复习方便。,4,normal,2026-01-31T10:48:13.295Z,
video,10787,3,video#10787 评论 1：实例讲解很实用，收藏了。,1,normal,2026-01-25T10:48:13.295Z,
video,10787,4,video#10787 评论 2：内容有深度但不晦涩，体验很好。,7,normal,2026-01-25T10:48:13.295Z,
video,10787,5,video#10787 评论 3：重点知识点总结得不错，复习方便。,7,normal,2026-01-27T10:48:13.295Z,
video,10787,6,video#10787 评论 4：重点知识点总结得不错，复习方便。,7,normal,2026-02-02T10:48:13.295Z,
video,10788,1,video#10788 评论 1：内容有深度但不晦涩，体验很好。,5,normal,2026-01-30T10:48:13.295Z,
video,10788,2,video#10788 评论 2：节奏刚好，建议再补充一点练习题。,1,normal,2026-02-01T10:48:13.295Z,
video,10788,3,video#10788 评论 3：课程结构清晰，学习路线明了。,7,normal,2026-01-26T10:48:13.295Z,
video,10788,4,video#10788 评论 4：重点知识点总结得不错，复习方便。,4,normal,2026-01-31T10:48:13.295Z,
video,10789,5,video#10789 评论 1：内容有深度但不晦涩，体验很好。,1,normal,2026-01-29T10:48:13.295Z,
video,10789,6,video#10789 评论 2：希望后续更新更多进阶内容。,1,normal,2026-01-25T10:48:13.295Z,
video,10789,1,video#10789 评论 3：希望后续更新更多进阶内容。,7,normal,2026-01-26T10:48:13.295Z,
video,10789,2,video#10789 评论 4：重点知识点总结得不错，复习方便。,2,normal,2026-01-26T10:48:13.295Z,
video,10790,3,video#10790 评论 1：如果能加配套资料就更好了。,3,normal,2026-01-30T10:48:13.295Z,
video,10790,4,video#10790 评论 2：节奏刚好，建议再补充一点练习题。,6,normal,2026-01-28T10:48:13.295Z,
video,10790,5,video#10790 评论 3：如果能加配套资料就更好了。,3,normal,2026-01-31T10:48:13.295Z,
video,10790,6,video#10790 评论 4：实例讲解很实用，收藏了。,3,normal,2026-01-24T10:48:13.295Z,
video,10791,1,video#10791 评论 1：课程结构清晰，学习路线明了。,7,normal,2026-01-27T10:48:13.295Z,
video,10791,2,video#10791 评论 2：重点知识点总结得不错，复习方便。,7,normal,2026-01-27T10:48:13.295Z,
video,10791,3,video#10791 评论 3：这节课讲得很清楚，重点很明确。,6,normal,2026-01-29T10:48:13.295Z,
video,10791,4,video#10791 评论 4：讲师讲解很细，适合零基础。,2,normal,2026-01-24T10:48:13.295Z,
video,10792,5,video#10792 评论 1：内容有深度但不晦涩，体验很好。,7,normal,2026-01-25T10:48:13.295Z,
video,10792,6,video#10792 评论 2：内容有深度但不晦涩，体验很好。,7,normal,2026-01-22T10:48:13.295Z,
video,10792,1,video#10792 评论 3：案例很贴近实际，学完能直接上手。,0,normal,2026-01-25T10:48:13.295Z,
video,10792,2,video#10792 评论 4：节奏刚好，建议再补充一点练习题。,5,normal,2026-02-04T10:48:13.295Z,
video,10793,3,video#10793 评论 1：案例很贴近实际，学完能直接上手。,4,normal,2026-01-22T10:48:13.295Z,
video,10793,4,video#10793 评论 2：希望后续更新更多进阶内容。,1,normal,2026-01-28T10:48:13.295Z,
video,10793,5,video#10793 评论 3：案例很贴近实际，学完能直接上手。,0,normal,2026-01-29T10:48:13.295Z,
video,10793,6,video#10793 评论 4：内容有深度但不晦涩，体验很好。,4,normal,2026-02-02T10:48:13.295Z,
video,10794,1,video#10794 评论 1：节奏刚好，建议再补充一点练习题。,6,normal,2026-01-26T10:48:13.295Z,
video,10794,2,video#10794 评论 2：如果能加配套资料就更好了。,6,normal,2026-01-30T10:48:13.295Z,
video,10794,3,video#10794 评论 3：如果能加配套资料就更好了。,6,normal,2026-01-31T10:48:13.295Z,
video,10794,4,video#10794 评论 4：讲师讲解很细，适合零基础。,7,normal,2026-02-01T10:48:13.295Z,
video,10795,5,video#10795 评论 1：希望后续更新更多进阶内容。,0,normal,2026-01-22T10:48:13.295Z,
video,10795,6,video#10795 评论 2：课程结构清晰，学习路线明了。,1,normal,2026-01-28T10:48:13.295Z,
video,10795,1,video#10795 评论 3：节奏刚好，建议再补充一点练习题。,1,normal,2026-01-28T10:48:13.295Z,
video,10795,2,video#10795 评论 4：节奏刚好，建议再补充一点练习题。,1,normal,2026-01-24T10:48:13.295Z,
video,10796,3,video#10796 评论 1：节奏刚好，建议再补充一点练习题。,1,normal,2026-01-26T10:48:13.295Z,
video,10796,4,video#10796 评论 2：讲师讲解很细，适合零基础。,6,normal,2026-01-22T10:48:13.295Z,
video,10796,5,video#10796 评论 3：节奏刚好，建议再补充一点练习题。,3,normal,2026-02-01T10:48:13.295Z,
video,10796,6,video#10796 评论 4：希望后续更新更多进阶内容。,1,normal,2026-02-03T10:48:13.295Z,
video,10797,1,video#10797 评论 1：重点知识点总结得不错，复习方便。,4,normal,2026-01-31T10:48:13.295Z,
video,10797,2,video#10797 评论 2：如果能加配套资料就更好了。,0,normal,2026-01-29T10:48:13.295Z,
video,10797,3,video#10797 评论 3：讲师讲解很细，适合零基础。,1,normal,2026-02-02T10:48:13.295Z,
video,10797,4,video#10797 评论 4：希望后续更新更多进阶内容。,6,normal,2026-01-31T10:48:13.295Z,
video,10798,5,video#10798 评论 1：这节课讲得很清楚，重点很明确。,1,normal,2026-01-25T10:48:13.295Z,
video,10798,6,video#10798 评论 2：如果能加配套资料就更好了。,4,normal,2026-02-04T10:48:13.295Z,
video,10798,1,video#10798 评论 3：如果能加配套资料就更好了。,2,normal,2026-01-31T10:48:13.295Z,
video,10798,2,video#10798 评论 4：节奏刚好，建议再补充一点练习题。,5,normal,2026-02-04T10:48:13.295Z,
video,10799,3,video#10799 评论 1：课程结构清晰，学习路线明了。,3,normal,2026-02-03T10:48:13.295Z,
video,10799,4,video#10799 评论 2：讲师讲解很细，适合零基础。,0,normal,2026-02-04T10:48:13.295Z,
video,10799,5,video#10799 评论 3：希望后续更新更多进阶内容。,3,normal,2026-01-30T10:48:13.295Z,
video,10799,6,video#10799 评论 4：讲师讲解很细，适合零基础。,6,normal,2026-02-02T10:48:13.295Z,
video,10800,1,video#10800 评论 1：实例讲解很实用，收藏了。,7,normal,2026-02-03T10:48:13.295Z,
video,10800,2,video#10800 评论 2：这节课讲得很清楚，重点很明确。,3,normal,2026-02-03T10:48:13.295Z,
video,10800,3,video#10800 评论 3：节奏刚好，建议再补充一点练习题。,5,normal,2026-01-27T10:48:13.295Z,
video,10800,4,video#10800 评论 4：内容有深度但不晦涩，体验很好。,1,normal,2026-02-02T10:48:13.295Z,
video,10801,5,video#10801 评论 1：重点知识点总结得不错，复习方便。,7,normal,2026-01-26T10:48:13.295Z,
video,10801,6,video#10801 评论 2：这节课讲得很清楚，重点很明确。,3,normal,2026-01-24T10:48:13.295Z,
video,10801,1,video#10801 评论 3：内容有深度但不晦涩，体验很好。,7,normal,2026-02-04T10:48:13.295Z,
video,10801,2,video#10801 评论 4：课程结构清晰，学习路线明了。,7,normal,2026-01-23T10:48:13.295Z,
video,10802,3,video#10802 评论 1：案例很贴近实际，学完能直接上手。,2,normal,2026-01-28T10:48:13.295Z,
video,10802,4,video#10802 评论 2：案例很贴近实际，学完能直接上手。,5,normal,2026-01-24T10:48:13.295Z,
video,10802,5,video#10802 评论 3：实例讲解很实用，收藏了。,1,normal,2026-01-28T10:48:13.295Z,
video,10802,6,video#10802 评论 4：内容有深度但不晦涩，体验很好。,1,normal,2026-01-27T10:48:13.295Z,
video,10803,1,video#10803 评论 1：重点知识点总结得不错，复习方便。,6,normal,2026-01-26T10:48:13.295Z,
video,10803,2,video#10803 评论 2：内容有深度但不晦涩，体验很好。,7,normal,2026-01-24T10:48:13.295Z,
video,10803,3,video#10803 评论 3：这节课讲得很清楚，重点很明确。,6,normal,2026-02-04T10:48:13.295Z,
video,10803,4,video#10803 评论 4：节奏刚好，建议再补充一点练习题。,1,normal,2026-02-03T10:48:13.295Z,
video,10804,5,video#10804 评论 1：案例很贴近实际，学完能直接上手。,6,normal,2026-01-29T10:48:13.295Z,
video,10804,6,video#10804 评论 2：课程结构清晰，学习路线明了。,6,normal,2026-01-31T10:48:13.295Z,
video,10804,1,video#10804 评论 3：如果能加配套资料就更好了。,7,normal,2026-02-02T10:48:13.295Z,
video,10804,2,video#10804 评论 4：节奏刚好，建议再补充一点练习题。,0,normal,2026-02-02T10:48:13.295Z,
video,10805,3,video#10805 评论 1：讲师讲解很细，适合零基础。,7,normal,2026-01-27T10:48:13.295Z,
video,10805,4,video#10805 评论 2：这节课讲得很清楚，重点很明确。,7,normal,2026-01-24T10:48:13.295Z,
video,10805,5,video#10805 评论 3：实例讲解很实用，收藏了。,2,normal,2026-01-31T10:48:13.295Z,
video,10805,6,video#10805 评论 4：实例讲解很实用，收藏了。,1,normal,2026-02-01T10:48:13.295Z,
video,10806,1,video#10806 评论 1：案例很贴近实际，学完能直接上手。,3,normal,2026-02-04T10:48:13.295Z,
video,10806,2,video#10806 评论 2：案例很贴近实际，学完能直接上手。,0,normal,2026-01-23T10:48:13.295Z,
video,10806,3,video#10806 评论 3：实例讲解很实用，收藏了。,1,normal,2026-01-28T10:48:13.295Z,
video,10806,4,video#10806 评论 4：希望后续更新更多进阶内容。,0,normal,2026-01-26T10:48:13.295Z,
video,10807,5,video#10807 评论 1：讲师讲解很细，适合零基础。,6,normal,2026-02-03T10:48:13.295Z,
video,10807,6,video#10807 评论 2：内容有深度但不晦涩，体验很好。,2,normal,2026-01-26T10:48:13.295Z,
video,10807,1,video#10807 评论 3：这节课讲得很清楚，重点很明确。,1,normal,2026-02-01T10:48:13.295Z,
video,10807,2,video#10807 评论 4：内容有深度但不晦涩，体验很好。,4,normal,2026-02-01T10:48:13.295Z,
video,10808,3,video#10808 评论 1：内容有深度但不晦涩，体验很好。,1,normal,2026-01-29T10:48:13.295Z,
video,10808,4,video#10808 评论 2：希望后续更新更多进阶内容。,1,normal,2026-01-25T10:48:13.295Z,
video,10808,5,video#10808 评论 3：课程结构清晰，学习路线明了。,0,normal,2026-02-01T10:48:13.295Z,
video,10808,6,video#10808 评论 4：节奏刚好，建议再补充一点练习题。,2,normal,2026-02-01T10:48:13.295Z,
video,10809,1,video#10809 评论 1：节奏刚好，建议再补充一点练习题。,7,normal,2026-01-28T10:48:13.295Z,
video,10809,2,video#10809 评论 2：案例很贴近实际，学完能直接上手。,3,normal,2026-01-29T10:48:13.295Z,
video,10809,3,video#10809 评论 3：如果能加配套资料就更好了。,6,normal,2026-01-30T10:48:13.295Z,
video,10809,4,video#10809 评论 4：节奏刚好，建议再补充一点练习题。,6,normal,2026-01-27T10:48:13.295Z,
video,10810,5,video#10810 评论 1：讲师讲解很细，适合零基础。,3,normal,2026-02-03T10:48:13.295Z,
video,10810,6,video#10810 评论 2：如果能加配套资料就更好了。,1,normal,2026-01-26T10:48:13.295Z,
video,10810,1,video#10810 评论 3：如果能加配套资料就更好了。,7,normal,2026-01-28T10:48:13.295Z,
video,10810,2,video#10810 评论 4：这节课讲得很清楚，重点很明确。,1,normal,2026-01-30T10:48:13.295Z,
video,10811,3,video#10811 评论 1：这节课讲得很清楚，重点很明确。,5,normal,2026-01-22T10:48:13.295Z,
video,10811,4,video#10811 评论 2：案例很贴近实际，学完能直接上手。,4,normal,2026-01-31T10:48:13.295Z,
video,10811,5,video#10811 评论 3：案例很贴近实际，学完能直接上手。,5,normal,2026-02-03T10:48:13.295Z,
video,10811,6,video#10811 评论 4：节奏刚好，建议再补充一点练习题。,7,normal,2026-01-27T10:48:13.295Z,
video,10812,1,video#10812 评论 1：案例很贴近实际，学完能直接上手。,2,normal,2026-01-27T10:48:13.295Z,
video,10812,2,video#10812 评论 2：实例讲解很实用，收藏了。,0,normal,2026-02-03T10:48:13.295Z,
video,10812,3,video#10812 评论 3：如果能加配套资料就更好了。,7,normal,2026-02-04T10:48:13.295Z,
video,10812,4,video#10812 评论 4：这节课讲得很清楚，重点很明确。,3,normal,2026-01-27T10:48:13.295Z,
video,10813,5,video#10813 评论 1：如果能加配套资料就更好了。,1,normal,2026-01-24T10:48:13.295Z,
video,10813,6,video#10813 评论 2：讲师讲解很细，适合零基础。,3,normal,2026-01-26T10:48:13.295Z,
video,10813,1,video#10813 评论 3：希望后续更新更多进阶内容。,0,normal,2026-01-30T10:48:13.295Z,
video,10813,2,video#10813 评论 4：这节课讲得很清楚，重点很明确。,3,normal,2026-02-03T10:48:13.295Z,
video,10814,3,video#10814 评论 1：内容有深度但不晦涩，体验很好。,6,normal,2026-01-29T10:48:13.295Z,
video,10814,4,video#10814 评论 2：如果能加配套资料就更好了。,5,normal,2026-01-23T10:48:13.295Z,
video,10814,5,video#10814 评论 3：这节课讲得很清楚，重点很明确。,3,normal,2026-01-30T10:48:13.295Z,
video,10814,6,video#10814 评论 4：内容有深度但不晦涩，体验很好。,5,normal,2026-01-29T10:48:13.295Z,
video,10815,1,video#10815 评论 1：实例讲解很实用，收藏了。,2,normal,2026-01-30T10:48:13.295Z,
video,10815,2,video#10815 评论 2：内容有深度但不晦涩，体验很好。,6,normal,2026-02-03T10:48:13.295Z,
video,10815,3,video#10815 评论 3：希望后续更新更多进阶内容。,2,normal,2026-01-23T10:48:13.295Z,
video,10815,4,video#10815 评论 4：节奏刚好，建议再补充一点练习题。,6,normal,2026-01-29T10:48:13.295Z,
video,10816,5,video#10816 评论 1：重点知识点总结得不错，复习方便。,7,normal,2026-01-22T10:48:13.295Z,
video,10816,6,video#10816 评论 2：如果能加配套资料就更好了。,7,normal,2026-02-03T10:48:13.295Z,
video,10816,1,video#10816 评论 3：如果能加配套资料就更好了。,7,normal,2026-01-27T10:48:13.295Z,
video,10816,2,video#10816 评论 4：讲师讲解很细，适合零基础。,4,normal,2026-01-31T10:48:13.295Z,
video,10817,3,video#10817 评论 1：重点知识点总结得不错，复习方便。,5,normal,2026-02-03T10:48:13.295Z,
video,10817,4,video#10817 评论 2：节奏刚好，建议再补充一点练习题。,1,normal,2026-02-04T10:48:13.295Z,
video,10817,5,video#10817 评论 3：实例讲解很实用，收藏了。,4,normal,2026-02-04T10:48:13.295Z,
video,10817,6,video#10817 评论 4：课程结构清晰，学习路线明了。,0,normal,2026-01-29T10:48:13.295Z,
video,10818,1,video#10818 评论 1：节奏刚好，建议再补充一点练习题。,4,normal,2026-01-26T10:48:13.295Z,
video,10818,2,video#10818 评论 2：讲师讲解很细，适合零基础。,2,normal,2026-01-26T10:48:13.295Z,
video,10818,3,video#10818 评论 3：案例很贴近实际，学完能直接上手。,3,normal,2026-02-01T10:48:13.295Z,
video,10818,4,video#10818 评论 4：如果能加配套资料就更好了。,0,normal,2026-01-28T10:48:13.295Z,
video,10819,5,video#10819 评论 1：重点知识点总结得不错，复习方便。,5,normal,2026-01-27T10:48:13.295Z,
video,10819,6,video#10819 评论 2：实例讲解很实用，收藏了。,0,normal,2026-01-31T10:48:13.295Z,
video,10819,1,video#10819 评论 3：节奏刚好，建议再补充一点练习题。,2,normal,2026-01-26T10:48:13.295Z,
video,10819,2,video#10819 评论 4：希望后续更新更多进阶内容。,1,normal,2026-02-03T10:48:13.295Z,
video,10820,3,video#10820 评论 1：实例讲解很实用，收藏了。,3,normal,2026-01-23T10:48:13.295Z,
video,10820,4,video#10820 评论 2：课程结构清晰，学习路线明了。,1,normal,2026-01-30T10:48:13.295Z,
video,10820,5,video#10820 评论 3：这节课讲得很清楚，重点很明确。,7,normal,2026-01-26T10:48:13.295Z,
video,10820,6,video#10820 评论 4：讲师讲解很细，适合零基础。,0,normal,2026-02-03T10:48:13.295Z,
video,10821,1,video#10821 评论 1：内容有深度但不晦涩，体验很好。,3,normal,2026-01-31T10:48:13.295Z,
video,10821,2,video#10821 评论 2：如果能加配套资料就更好了。,4,normal,2026-01-26T10:48:13.295Z,
video,10821,3,video#10821 评论 3：实例讲解很实用，收藏了。,2,normal,2026-01-23T10:48:13.295Z,
video,10821,4,video#10821 评论 4：课程结构清晰，学习路线明了。,4,normal,2026-01-28T10:48:13.295Z,
video,10822,5,video#10822 评论 1：实例讲解很实用，收藏了。,1,normal,2026-01-25T10:48:13.295Z,
video,10822,6,video#10822 评论 2：这节课讲得很清楚，重点很明确。,7,normal,2026-01-29T10:48:13.295Z,
video,10822,1,video#10822 评论 3：重点知识点总结得不错，复习方便。,1,normal,2026-01-26T10:48:13.295Z,
video,10822,2,video#10822 评论 4：这节课讲得很清楚，重点很明确。,7,normal,2026-01-30T10:48:13.295Z,
video,10823,3,video#10823 评论 1：节奏刚好，建议再补充一点练习题。,5,normal,2026-01-28T10:48:13.295Z,
video,10823,4,video#10823 评论 2：希望后续更新更多进阶内容。,6,normal,2026-01-30T10:48:13.295Z,
video,10823,5,video#10823 评论 3：课程结构清晰，学习路线明了。,3,normal,2026-01-25T10:48:13.295Z,
video,10823,6,video#10823 评论 4：如果能加配套资料就更好了。,2,normal,2026-01-23T10:48:13.295Z,
video,10824,1,video#10824 评论 1：讲师讲解很细，适合零基础。,1,normal,2026-02-02T10:48:13.295Z,
video,10824,2,video#10824 评论 2：重点知识点总结得不错，复习方便。,7,normal,2026-01-26T10:48:13.295Z,
video,10824,3,video#10824 评论 3：讲师讲解很细，适合零基础。,3,normal,2026-02-03T10:48:13.295Z,
video,10824,4,video#10824 评论 4：节奏刚好，建议再补充一点练习题。,3,normal,2026-01-29T10:48:13.295Z,
video,10825,5,video#10825 评论 1：内容有深度但不晦涩，体验很好。,2,normal,2026-01-29T10:48:13.295Z,
video,10825,6,video#10825 评论 2：课程结构清晰，学习路线明了。,2,normal,2026-02-01T10:48:13.295Z,
video,10825,1,video#10825 评论 3：实例讲解很实用，收藏了。,4,normal,2026-01-24T10:48:13.295Z,
video,10825,2,video#10825 评论 4：重点知识点总结得不错，复习方便。,5,normal,2026-01-30T10:48:13.295Z,
video,10826,3,video#10826 评论 1：案例很贴近实际，学完能直接上手。,6,normal,2026-02-02T10:48:13.295Z,
video,10826,4,video#10826 评论 2：如果能加配套资料就更好了。,3,normal,2026-02-03T10:48:13.295Z,
video,10826,5,video#10826 评论 3：案例很贴近实际，学完能直接上手。,0,normal,2026-01-24T10:48:13.295Z,
video,10826,6,video#10826 评论 4：课程结构清晰，学习路线明了。,4,normal,2026-01-28T10:48:13.295Z,
video,10827,1,video#10827 评论 1：内容有深度但不晦涩，体验很好。,7,normal,2026-01-24T10:48:13.295Z,
video,10827,2,video#10827 评论 2：节奏刚好，建议再补充一点练习题。,2,normal,2026-01-28T10:48:13.295Z,
video,10827,3,video#10827 评论 3：节奏刚好，建议再补充一点练习题。,2,normal,2026-02-01T10:48:13.295Z,
video,10827,4,video#10827 评论 4：如果能加配套资料就更好了。,1,normal,2026-01-25T10:48:13.295Z,
video,10828,5,video#10828 评论 1：内容有深度但不晦涩，体验很好。,2,normal,2026-02-01T10:48:13.295Z,
video,10828,6,video#10828 评论 2：案例很贴近实际，学完能直接上手。,3,normal,2026-01-23T10:48:13.295Z,
video,10828,1,video#10828 评论 3：实例讲解很实用，收藏了。,3,normal,2026-01-22T10:48:13.295Z,
video,10828,2,video#10828 评论 4：希望后续更新更多进阶内容。,7,normal,2026-01-27T10:48:13.295Z,
video,10829,3,video#10829 评论 1：案例很贴近实际，学完能直接上手。,3,normal,2026-02-01T10:48:13.295Z,
video,10829,4,video#10829 评论 2：案例很贴近实际，学完能直接上手。,7,normal,2026-02-03T10:48:13.295Z,
video,10829,5,video#10829 评论 3：实例讲解很实用，收藏了。,5,normal,2026-01-26T10:48:13.295Z,
video,10829,6,video#10829 评论 4：节奏刚好，建议再补充一点练习题。,7,normal,2026-01-28T10:48:13.295Z,
video,10830,1,video#10830 评论 1：节奏刚好，建议再补充一点练习题。,7,normal,2026-01-28T10:48:13.295Z,
video,10830,2,video#10830 评论 2：希望后续更新更多进阶内容。,1,normal,2026-02-03T10:48:13.295Z,
video,10830,3,video#10830 评论 3：希望后续更新更多进阶内容。,5,normal,2026-01-27T10:48:13.295Z,
video,10830,4,video#10830 评论 4：内容有深度但不晦涩，体验很好。,0,normal,2026-01-29T10:48:13.295Z,
video,10831,5,video#10831 评论 1：课程结构清晰，学习路线明了。,7,normal,2026-01-22T10:48:13.295Z,
video,10831,6,video#10831 评论 2：如果能加配套资料就更好了。,5,normal,2026-01-31T10:48:13.295Z,
video,10831,1,video#10831 评论 3：案例很贴近实际，学完能直接上手。,3,normal,2026-02-02T10:48:13.295Z,
video,10831,2,video#10831 评论 4：实例讲解很实用，收藏了。,7,normal,2026-01-26T10:48:13.295Z,
video,10832,3,video#10832 评论 1：希望后续更新更多进阶内容。,0,normal,2026-01-23T10:48:13.295Z,
video,10832,4,video#10832 评论 2：节奏刚好，建议再补充一点练习题。,4,normal,2026-02-02T10:48:13.295Z,
video,10832,5,video#10832 评论 3：案例很贴近实际，学完能直接上手。,1,normal,2026-02-01T10:48:13.295Z,
video,10832,6,video#10832 评论 4：如果能加配套资料就更好了。,1,normal,2026-01-24T10:48:13.295Z,
video,10833,1,video#10833 评论 1：案例很贴近实际，学完能直接上手。,2,normal,2026-01-24T10:48:13.295Z,
video,10833,2,video#10833 评论 2：这节课讲得很清楚，重点很明确。,5,normal,2026-01-22T10:48:13.295Z,
video,10833,3,video#10833 评论 3：这节课讲得很清楚，重点很明确。,2,normal,2026-01-31T10:48:13.295Z,
video,10833,4,video#10833 评论 4：节奏刚好，建议再补充一点练习题。,6,normal,2026-02-03T10:48:13.295Z,
video,10834,5,video#10834 评论 1：这节课讲得很清楚，重点很明确。,7,normal,2026-01-24T10:48:13.295Z,
video,10834,6,video#10834 评论 2：节奏刚好，建议再补充一点练习题。,1,normal,2026-02-01T10:48:13.295Z,
video,10834,1,video#10834 评论 3：内容有深度但不晦涩，体验很好。,6,normal,2026-01-27T10:48:13.295Z,
video,10834,2,video#10834 评论 4：课程结构清晰，学习路线明了。,1,normal,2026-01-25T10:48:13.295Z,
video,10835,3,video#10835 评论 1：如果能加配套资料就更好了。,7,normal,2026-02-03T10:48:13.295Z,
video,10835,4,video#10835 评论 2：重点知识点总结得不错，复习方便。,4,normal,2026-01-26T10:48:13.295Z,
video,10835,5,video#10835 评论 3：希望后续更新更多进阶内容。,0,normal,2026-01-30T10:48:13.295Z,
video,10835,6,video#10835 评论 4：内容有深度但不晦涩，体验很好。,7,normal,2026-02-02T10:48:13.295Z,
video,10836,1,video#10836 评论 1：实例讲解很实用，收藏了。,7,normal,2026-01-28T10:48:13.295Z,
video,10836,2,video#10836 评论 2：这节课讲得很清楚，重点很明确。,3,normal,2026-01-24T10:48:13.295Z,
video,10836,3,video#10836 评论 3：案例很贴近实际，学完能直接上手。,6,normal,2026-01-24T10:48:13.295Z,
video,10836,4,video#10836 评论 4：重点知识点总结得不错，复习方便。,3,normal,2026-01-23T10:48:13.295Z,
video,10837,5,video#10837 评论 1：希望后续更新更多进阶内容。,6,normal,2026-01-25T10:48:13.295Z,
video,10837,6,video#10837 评论 2：重点知识点总结得不错，复习方便。,1,normal,2026-01-30T10:48:13.295Z,
video,10837,1,video#10837 评论 3：内容有深度但不晦涩，体验很好。,4,normal,2026-02-04T10:48:13.295Z,
video,10837,2,video#10837 评论 4：实例讲解很实用，收藏了。,5,normal,2026-01-30T10:48:13.295Z,
video,10838,3,video#10838 评论 1：实例讲解很实用，收藏了。,0,normal,2026-02-02T10:48:13.295Z,
video,10838,4,video#10838 评论 2：案例很贴近实际，学完能直接上手。,3,normal,2026-01-28T10:48:13.295Z,
video,10838,5,video#10838 评论 3：如果能加配套资料就更好了。,0,normal,2026-01-24T10:48:13.295Z,
video,10838,6,video#10838 评论 4：实例讲解很实用，收藏了。,5,normal,2026-01-22T10:48:13.295Z,
video,10839,1,video#10839 评论 1：重点知识点总结得不错，复习方便。,3,normal,2026-01-31T10:48:13.295Z,
video,10839,2,video#10839 评论 2：实例讲解很实用，收藏了。,7,normal,2026-01-26T10:48:13.295Z,
video,10839,3,video#10839 评论 3：实例讲解很实用，收藏了。,0,normal,2026-01-28T10:48:13.295Z,
video,10839,4,video#10839 评论 4：讲师讲解很细，适合零基础。,5,normal,2026-01-29T10:48:13.295Z,
video,10840,5,video#10840 评论 1：重点知识点总结得不错，复习方便。,5,normal,2026-01-29T10:48:13.295Z,
video,10840,6,video#10840 评论 2：内容有深度但不晦涩，体验很好。,6,normal,2026-01-22T10:48:13.295Z,
video,10840,1,video#10840 评论 3：课程结构清晰，学习路线明了。,5,normal,2026-01-26T10:48:13.295Z,
video,10840,2,video#10840 评论 4：这节课讲得很清楚，重点很明确。,7,normal,2026-01-23T10:48:13.295Z,
video,10841,3,video#10841 评论 1：重点知识点总结得不错，复习方便。,0,normal,2026-01-27T10:48:13.295Z,
video,10841,4,video#10841 评论 2：案例很贴近实际，学完能直接上手。,6,normal,2026-01-29T10:48:13.295Z,
video,10841,5,video#10841 评论 3：节奏刚好，建议再补充一点练习题。,1,normal,2026-02-03T10:48:13.295Z,
video,10841,6,video#10841 评论 4：实例讲解很实用，收藏了。,0,normal,2026-02-02T10:48:13.295Z,
video,10842,1,video#10842 评论 1：节奏刚好，建议再补充一点练习题。,7,normal,2026-01-25T10:48:13.295Z,
video,10842,2,video#10842 评论 2：课程结构清晰，学习路线明了。,1,normal,2026-01-27T10:48:13.295Z,
video,10842,3,video#10842 评论 3：节奏刚好，建议再补充一点练习题。,4,normal,2026-02-01T10:48:13.295Z,
video,10842,4,video#10842 评论 4：这节课讲得很清楚，重点很明确。,1,normal,2026-01-29T10:48:13.295Z,
video,10843,5,video#10843 评论 1：希望后续更新更多进阶内容。,6,normal,2026-02-02T10:48:13.295Z,
video,10843,6,video#10843 评论 2：如果能加配套资料就更好了。,0,normal,2026-01-28T10:48:13.295Z,
video,10843,1,video#10843 评论 3：节奏刚好，建议再补充一点练习题。,3,normal,2026-02-03T10:48:13.295Z,
video,10843,2,video#10843 评论 4：希望后续更新更多进阶内容。,6,normal,2026-01-23T10:48:13.295Z,
video,10844,3,video#10844 评论 1：内容有深度但不晦涩，体验很好。,4,normal,2026-02-04T10:48:13.295Z,
video,10844,4,video#10844 评论 2：希望后续更新更多进阶内容。,0,normal,2026-02-03T10:48:13.295Z,
video,10844,5,video#10844 评论 3：实例讲解很实用，收藏了。,1,normal,2026-02-01T10:48:13.295Z,
video,10844,6,video#10844 评论 4：案例很贴近实际，学完能直接上手。,7,normal,2026-01-22T10:48:13.295Z,
video,10845,1,video#10845 评论 1：讲师讲解很细，适合零基础。,6,normal,2026-02-01T10:48:13.295Z,
video,10845,2,video#10845 评论 2：如果能加配套资料就更好了。,5,normal,2026-01-28T10:48:13.295Z,
video,10845,3,video#10845 评论 3：节奏刚好，建议再补充一点练习题。,7,normal,2026-01-29T10:48:13.295Z,
video,10845,4,video#10845 评论 4：重点知识点总结得不错，复习方便。,5,normal,2026-01-26T10:48:13.295Z,
video,10846,5,video#10846 评论 1：节奏刚好，建议再补充一点练习题。,0,normal,2026-01-25T10:48:13.295Z,
video,10846,6,video#10846 评论 2：实例讲解很实用，收藏了。,6,normal,2026-01-30T10:48:13.295Z,
video,10846,1,video#10846 评论 3：这节课讲得很清楚，重点很明确。,7,normal,2026-01-31T10:48:13.295Z,
video,10846,2,video#10846 评论 4：课程结构清晰，学习路线明了。,2,normal,2026-01-27T10:48:13.295Z,
video,10847,3,video#10847 评论 1：节奏刚好，建议再补充一点练习题。,6,normal,2026-01-22T10:48:13.295Z,
video,10847,4,video#10847 评论 2：重点知识点总结得不错，复习方便。,6,normal,2026-01-28T10:48:13.295Z,
video,10847,5,video#10847 评论 3：内容有深度但不晦涩，体验很好。,3,normal,2026-01-22T10:48:13.295Z,
video,10847,6,video#10847 评论 4：案例很贴近实际，学完能直接上手。,3,normal,2026-01-25T10:48:13.295Z,
video,10848,1,video#10848 评论 1：希望后续更新更多进阶内容。,1,normal,2026-01-29T10:48:13.295Z,
video,10848,2,video#10848 评论 2：节奏刚好，建议再补充一点练习题。,5,normal,2026-01-25T10:48:13.295Z,
video,10848,3,video#10848 评论 3：这节课讲得很清楚，重点很明确。,5,normal,2026-02-03T10:48:13.295Z,
video,10848,4,video#10848 评论 4：案例很贴近实际，学完能直接上手。,3,normal,2026-01-30T10:48:13.295Z,
video,10849,5,video#10849 评论 1：实例讲解很实用，收藏了。,2,normal,2026-01-24T10:48:13.295Z,
video,10849,6,video#10849 评论 2：实例讲解很实用，收藏了。,7,normal,2026-01-31T10:48:13.295Z,
video,10849,1,video#10849 评论 3：案例很贴近实际，学完能直接上手。,0,normal,2026-01-24T10:48:13.295Z,
video,10849,2,video#10849 评论 4：希望后续更新更多进阶内容。,3,normal,2026-01-29T10:48:13.295Z,
video,10850,3,video#10850 评论 1：案例很贴近实际，学完能直接上手。,1,normal,2026-01-28T10:48:13.295Z,
video,10850,4,video#10850 评论 2：内容有深度但不晦涩，体验很好。,7,normal,2026-01-30T10:48:13.295Z,
video,10850,5,video#10850 评论 3：课程结构清晰，学习路线明了。,3,normal,2026-02-02T10:48:13.295Z,
video,10850,6,video#10850 评论 4：希望后续更新更多进阶内容。,6,normal,2026-02-04T10:48:13.295Z,
video,10851,1,video#10851 评论 1：这节课讲得很清楚，重点很明确。,0,normal,2026-01-27T10:48:13.295Z,
video,10851,2,video#10851 评论 2：讲师讲解很细，适合零基础。,7,normal,2026-01-24T10:48:13.295Z,
video,10851,3,video#10851 评论 3：内容有深度但不晦涩，体验很好。,2,normal,2026-01-27T10:48:13.295Z,
video,10851,4,video#10851 评论 4：节奏刚好，建议再补充一点练习题。,1,normal,2026-01-24T10:48:13.295Z,
video,10852,5,video#10852 评论 1：课程结构清晰，学习路线明了。,2,normal,2026-02-03T10:48:13.295Z,
video,10852,6,video#10852 评论 2：希望后续更新更多进阶内容。,5,normal,2026-01-23T10:48:13.295Z,
video,10852,1,video#10852 评论 3：如果能加配套资料就更好了。,4,normal,2026-01-30T10:48:13.295Z,
video,10852,2,video#10852 评论 4：这节课讲得很清楚，重点很明确。,2,normal,2026-01-24T10:48:13.295Z,
video,10853,3,video#10853 评论 1：讲师讲解很细，适合零基础。,4,normal,2026-01-27T10:48:13.295Z,
video,10853,4,video#10853 评论 2：实例讲解很实用，收藏了。,7,normal,2026-01-26T10:48:13.295Z,
video,10853,5,video#10853 评论 3：这节课讲得很清楚，重点很明确。,4,normal,2026-01-30T10:48:13.295Z,
video,10853,6,video#10853 评论 4：讲师讲解很细，适合零基础。,4,normal,2026-02-01T10:48:13.295Z,
video,10854,1,video#10854 评论 1：实例讲解很实用，收藏了。,7,normal,2026-01-25T10:48:13.295Z,
video,10854,2,video#10854 评论 2：内容有深度但不晦涩，体验很好。,6,normal,2026-01-25T10:48:13.295Z,
video,10854,3,video#10854 评论 3：节奏刚好，建议再补充一点练习题。,7,normal,2026-01-26T10:48:13.295Z,
video,10854,4,video#10854 评论 4：如果能加配套资料就更好了。,0,normal,2026-01-24T10:48:13.295Z,
video,10855,5,video#10855 评论 1：课程结构清晰，学习路线明了。,1,normal,2026-01-24T10:48:13.295Z,
video,10855,6,video#10855 评论 2：节奏刚好，建议再补充一点练习题。,4,normal,2026-01-26T10:48:13.295Z,
video,10855,1,video#10855 评论 3：希望后续更新更多进阶内容。,2,normal,2026-02-01T10:48:13.295Z,
video,10855,2,video#10855 评论 4：内容有深度但不晦涩，体验很好。,6,normal,2026-02-02T10:48:13.295Z,
video,10856,3,video#10856 评论 1：重点知识点总结得不错，复习方便。,4,normal,2026-01-29T10:48:13.295Z,
video,10856,4,video#10856 评论 2：内容有深度但不晦涩，体验很好。,6,normal,2026-01-30T10:48:13.295Z,
video,10856,5,video#10856 评论 3：如果能加配套资料就更好了。,3,normal,2026-01-22T10:48:13.295Z,
video,10856,6,video#10856 评论 4：案例很贴近实际，学完能直接上手。,5,normal,2026-01-25T10:48:13.295Z,
video,10857,1,video#10857 评论 1：案例很贴近实际，学完能直接上手。,5,normal,2026-02-04T10:48:13.295Z,
video,10857,2,video#10857 评论 2：课程结构清晰，学习路线明了。,5,normal,2026-02-01T10:48:13.295Z,
video,10857,3,video#10857 评论 3：重点知识点总结得不错，复习方便。,3,normal,2026-02-03T10:48:13.295Z,
video,10857,4,video#10857 评论 4：希望后续更新更多进阶内容。,0,normal,2026-01-26T10:48:13.295Z,
video,10858,5,video#10858 评论 1：内容有深度但不晦涩，体验很好。,5,normal,2026-01-28T10:48:13.295Z,
video,10858,6,video#10858 评论 2：重点知识点总结得不错，复习方便。,5,normal,2026-02-02T10:48:13.295Z,
video,10858,1,video#10858 评论 3：内容有深度但不晦涩，体验很好。,5,normal,2026-01-29T10:48:13.295Z,
video,10858,2,video#10858 评论 4：希望后续更新更多进阶内容。,6,normal,2026-02-01T10:48:13.295Z,
video,10859,3,video#10859 评论 1：希望后续更新更多进阶内容。,2,normal,2026-01-28T10:48:13.295Z,
video,10859,4,video#10859 评论 2：节奏刚好，建议再补充一点练习题。,6,normal,2026-01-26T10:48:13.295Z,
video,10859,5,video#10859 评论 3：重点知识点总结得不错，复习方便。,3,normal,2026-01-25T10:48:13.295Z,
video,10859,6,video#10859 评论 4：实例讲解很实用，收藏了。,4,normal,2026-02-02T10:48:13.295Z,
video,10860,1,video#10860 评论 1：实例讲解很实用，收藏了。,3,normal,2026-02-04T10:48:13.295Z,
video,10860,2,video#10860 评论 2：课程结构清晰，学习路线明了。,7,normal,2026-01-24T10:48:13.295Z,
video,10860,3,video#10860 评论 3：案例很贴近实际，学完能直接上手。,2,normal,2026-01-22T10:48:13.295Z,
video,10860,4,video#10860 评论 4：如果能加配套资料就更好了。,5,normal,2026-01-25T10:48:13.295Z,
video,10861,5,video#10861 评论 1：案例很贴近实际，学完能直接上手。,4,normal,2026-02-02T10:48:13.295Z,
video,10861,6,video#10861 评论 2：课程结构清晰，学习路线明了。,3,normal,2026-01-31T10:48:13.295Z,
video,10861,1,video#10861 评论 3：希望后续更新更多进阶内容。,7,normal,2026-01-30T10:48:13.295Z,
video,10861,2,video#10861 评论 4：希望后续更新更多进阶内容。,6,normal,2026-02-02T10:48:13.295Z,
video,10862,3,video#10862 评论 1：案例很贴近实际，学完能直接上手。,3,normal,2026-01-31T10:48:13.295Z,
video,10862,4,video#10862 评论 2：希望后续更新更多进阶内容。,5,normal,2026-01-26T10:48:13.295Z,
video,10862,5,video#10862 评论 3：内容有深度但不晦涩，体验很好。,2,normal,2026-01-24T10:48:13.295Z,
video,10862,6,video#10862 评论 4：节奏刚好，建议再补充一点练习题。,4,normal,2026-02-02T10:48:13.295Z,
video,10863,1,video#10863 评论 1：如果能加配套资料就更好了。,1,normal,2026-01-24T10:48:13.295Z,
video,10863,2,video#10863 评论 2：如果能加配套资料就更好了。,4,normal,2026-02-03T10:48:13.295Z,
video,10863,3,video#10863 评论 3：这节课讲得很清楚，重点很明确。,4,normal,2026-01-30T10:48:13.295Z,
video,10863,4,video#10863 评论 4：实例讲解很实用，收藏了。,5,normal,2026-01-27T10:48:13.295Z,
video,10864,5,video#10864 评论 1：实例讲解很实用，收藏了。,5,normal,2026-01-28T10:48:13.295Z,
video,10864,6,video#10864 评论 2：实例讲解很实用，收藏了。,0,normal,2026-01-26T10:48:13.295Z,
video,10864,1,video#10864 评论 3：课程结构清晰，学习路线明了。,6,normal,2026-01-24T10:48:13.295Z,
video,10864,2,video#10864 评论 4：内容有深度但不晦涩，体验很好。,7,normal,2026-01-27T10:48:13.295Z,
video,10865,3,video#10865 评论 1：节奏刚好，建议再补充一点练习题。,6,normal,2026-01-28T10:48:13.295Z,
video,10865,4,video#10865 评论 2：节奏刚好，建议再补充一点练习题。,1,normal,2026-01-30T10:48:13.295Z,
video,10865,5,video#10865 评论 3：内容有深度但不晦涩，体验很好。,1,normal,2026-01-26T10:48:13.295Z,
video,10865,6,video#10865 评论 4：如果能加配套资料就更好了。,6,normal,2026-02-04T10:48:13.295Z,
video,10866,1,video#10866 评论 1：案例很贴近实际，学完能直接上手。,4,normal,2026-01-25T10:48:13.295Z,
video,10866,2,video#10866 评论 2：课程结构清晰，学习路线明了。,4,normal,2026-01-23T10:48:13.295Z,
video,10866,3,video#10866 评论 3：内容有深度但不晦涩，体验很好。,6,normal,2026-01-24T10:48:13.295Z,
video,10866,4,video#10866 评论 4：内容有深度但不晦涩，体验很好。,0,normal,2026-01-28T10:48:13.295Z,
video,10867,5,video#10867 评论 1：讲师讲解很细，适合零基础。,2,normal,2026-01-24T10:48:13.295Z,
video,10867,6,video#10867 评论 2：案例很贴近实际，学完能直接上手。,0,normal,2026-01-29T10:48:13.295Z,
video,10867,1,video#10867 评论 3：内容有深度但不晦涩，体验很好。,1,normal,2026-02-03T10:48:13.295Z,
video,10867,2,video#10867 评论 4：讲师讲解很细，适合零基础。,3,normal,2026-02-04T10:48:13.295Z,
video,10868,3,video#10868 评论 1：如果能加配套资料就更好了。,4,normal,2026-01-26T10:48:13.295Z,
video,10868,4,video#10868 评论 2：课程结构清晰，学习路线明了。,4,normal,2026-01-27T10:48:13.295Z,
video,10868,5,video#10868 评论 3：如果能加配套资料就更好了。,0,normal,2026-01-29T10:48:13.295Z,
video,10868,6,video#10868 评论 4：实例讲解很实用，收藏了。,7,normal,2026-02-03T10:48:13.295Z,
video,10869,1,video#10869 评论 1：实例讲解很实用，收藏了。,5,normal,2026-02-02T10:48:13.295Z,
video,10869,2,video#10869 评论 2：重点知识点总结得不错，复习方便。,0,normal,2026-01-26T10:48:13.295Z,
video,10869,3,video#10869 评论 3：案例很贴近实际，学完能直接上手。,0,normal,2026-01-29T10:48:13.295Z,
video,10869,4,video#10869 评论 4：实例讲解很实用，收藏了。,2,normal,2026-02-04T10:48:13.295Z,
video,10870,5,video#10870 评论 1：实例讲解很实用，收藏了。,5,normal,2026-01-24T10:48:13.295Z,
video,10870,6,video#10870 评论 2：这节课讲得很清楚，重点很明确。,1,normal,2026-01-27T10:48:13.295Z,
video,10870,1,video#10870 评论 3：内容有深度但不晦涩，体验很好。,5,normal,2026-01-22T10:48:13.295Z,
video,10870,2,video#10870 评论 4：讲师讲解很细，适合零基础。,0,normal,2026-01-25T10:48:13.295Z,
video,10871,3,video#10871 评论 1：讲师讲解很细，适合零基础。,4,normal,2026-01-25T10:48:13.295Z,
video,10871,4,video#10871 评论 2：内容有深度但不晦涩，体验很好。,3,normal,2026-02-02T10:48:13.295Z,
video,10871,5,video#10871 评论 3：内容有深度但不晦涩，体验很好。,1,normal,2026-02-01T10:48:13.295Z,
video,10871,6,video#10871 评论 4：如果能加配套资料就更好了。,1,normal,2026-01-30T10:48:13.295Z,
video,10872,1,video#10872 评论 1：节奏刚好，建议再补充一点练习题。,4,normal,2026-01-25T10:48:13.295Z,
video,10872,2,video#10872 评论 2：案例很贴近实际，学完能直接上手。,7,normal,2026-01-30T10:48:13.295Z,
video,10872,3,video#10872 评论 3：如果能加配套资料就更好了。,2,normal,2026-01-22T10:48:13.295Z,
video,10872,4,video#10872 评论 4：如果能加配套资料就更好了。,1,normal,2026-01-22T10:48:13.295Z,
video,10873,5,video#10873 评论 1：如果能加配套资料就更好了。,3,normal,2026-01-24T10:48:13.295Z,
video,10873,6,video#10873 评论 2：这节课讲得很清楚，重点很明确。,7,normal,2026-02-01T10:48:13.295Z,
video,10873,1,video#10873 评论 3：这节课讲得很清楚，重点很明确。,2,normal,2026-02-03T10:48:13.295Z,
video,10873,2,video#10873 评论 4：希望后续更新更多进阶内容。,5,normal,2026-01-22T10:48:13.295Z,
video,10874,3,video#10874 评论 1：如果能加配套资料就更好了。,4,normal,2026-02-04T10:48:13.295Z,
video,10874,4,video#10874 评论 2：这节课讲得很清楚，重点很明确。,7,normal,2026-01-30T10:48:13.295Z,
video,10874,5,video#10874 评论 3：如果能加配套资料就更好了。,5,normal,2026-02-03T10:48:13.295Z,
video,10874,6,video#10874 评论 4：案例很贴近实际，学完能直接上手。,3,normal,2026-02-02T10:48:13.295Z,
video,10875,1,video#10875 评论 1：节奏刚好，建议再补充一点练习题。,1,normal,2026-02-01T10:48:13.295Z,
video,10875,2,video#10875 评论 2：实例讲解很实用，收藏了。,3,normal,2026-01-23T10:48:13.295Z,
video,10875,3,video#10875 评论 3：讲师讲解很细，适合零基础。,3,normal,2026-01-27T10:48:13.295Z,
video,10875,4,video#10875 评论 4：重点知识点总结得不错，复习方便。,1,normal,2026-01-24T10:48:13.295Z,
video,10876,5,video#10876 评论 1：内容有深度但不晦涩，体验很好。,6,normal,2026-02-02T10:48:13.295Z,
video,10876,6,video#10876 评论 2：重点知识点总结得不错，复习方便。,7,normal,2026-01-30T10:48:13.295Z,
video,10876,1,video#10876 评论 3：重点知识点总结得不错，复习方便。,5,normal,2026-01-23T10:48:13.295Z,
video,10876,2,video#10876 评论 4：希望后续更新更多进阶内容。,4,normal,2026-01-30T10:48:13.295Z,
video,10877,3,video#10877 评论 1：内容有深度但不晦涩，体验很好。,4,normal,2026-01-26T10:48:13.295Z,
video,10877,4,video#10877 评论 2：这节课讲得很清楚，重点很明确。,2,normal,2026-01-25T10:48:13.295Z,
video,10877,5,video#10877 评论 3：希望后续更新更多进阶内容。,5,normal,2026-01-27T10:48:13.295Z,
video,10877,6,video#10877 评论 4：重点知识点总结得不错，复习方便。,0,normal,2026-01-22T10:48:13.295Z,
video,10878,1,video#10878 评论 1：内容有深度但不晦涩，体验很好。,2,normal,2026-01-27T10:48:13.295Z,
video,10878,2,video#10878 评论 2：节奏刚好，建议再补充一点练习题。,3,normal,2026-01-25T10:48:13.295Z,
video,10878,3,video#10878 评论 3：这节课讲得很清楚，重点很明确。,6,normal,2026-02-03T10:48:13.295Z,
video,10878,4,video#10878 评论 4：如果能加配套资料就更好了。,6,normal,2026-01-24T10:48:13.295Z,
video,10879,5,video#10879 评论 1：讲师讲解很细，适合零基础。,0,normal,2026-01-24T10:48:13.295Z,
video,10879,6,video#10879 评论 2：节奏刚好，建议再补充一点练习题。,0,normal,2026-01-27T10:48:13.295Z,
video,10879,1,video#10879 评论 3：希望后续更新更多进阶内容。,3,normal,2026-01-27T10:48:13.295Z,
video,10879,2,video#10879 评论 4：重点知识点总结得不错，复习方便。,2,normal,2026-02-01T10:48:13.295Z,
video,10880,3,video#10880 评论 1：内容有深度但不晦涩，体验很好。,5,normal,2026-01-22T10:48:13.295Z,
video,10880,4,video#10880 评论 2：这节课讲得很清楚，重点很明确。,6,normal,2026-01-31T10:48:13.295Z,
video,10880,5,video#10880 评论 3：课程结构清晰，学习路线明了。,6,normal,2026-02-02T10:48:13.295Z,
video,10880,6,video#10880 评论 4：节奏刚好，建议再补充一点练习题。,7,normal,2026-02-03T10:48:13.295Z,
video,10881,1,video#10881 评论 1：课程结构清晰，学习路线明了。,2,normal,2026-01-23T10:48:13.295Z,
video,10881,2,video#10881 评论 2：案例很贴近实际，学完能直接上手。,3,normal,2026-02-04T10:48:13.295Z,
video,10881,3,video#10881 评论 3：节奏刚好，建议再补充一点练习题。,5,normal,2026-01-26T10:48:13.295Z,
video,10881,4,video#10881 评论 4：讲师讲解很细，适合零基础。,4,normal,2026-01-31T10:48:13.295Z,
video,10882,5,video#10882 评论 1：实例讲解很实用，收藏了。,3,normal,2026-01-25T10:48:13.295Z,
video,10882,6,video#10882 评论 2：希望后续更新更多进阶内容。,7,normal,2026-02-04T10:48:13.295Z,
video,10882,1,video#10882 评论 3：实例讲解很实用，收藏了。,4,normal,2026-02-04T10:48:13.295Z,
video,10882,2,video#10882 评论 4：如果能加配套资料就更好了。,7,normal,2026-01-25T10:48:13.295Z,
video,10883,3,video#10883 评论 1：案例很贴近实际，学完能直接上手。,0,normal,2026-02-04T10:48:13.295Z,
video,10883,4,video#10883 评论 2：这节课讲得很清楚，重点很明确。,4,normal,2026-01-26T10:48:13.295Z,
video,10883,5,video#10883 评论 3：希望后续更新更多进阶内容。,3,normal,2026-01-25T10:48:13.295Z,
video,10883,6,video#10883 评论 4：实例讲解很实用，收藏了。,7,normal,2026-02-03T10:48:13.295Z,
video,10884,1,video#10884 评论 1：希望后续更新更多进阶内容。,7,normal,2026-01-25T10:48:13.295Z,
video,10884,2,video#10884 评论 2：课程结构清晰，学习路线明了。,4,normal,2026-01-26T10:48:13.295Z,
video,10884,3,video#10884 评论 3：课程结构清晰，学习路线明了。,7,normal,2026-01-31T10:48:13.295Z,
video,10884,4,video#10884 评论 4：实例讲解很实用，收藏了。,4,normal,2026-01-27T10:48:13.295Z,
video,10885,5,video#10885 评论 1：希望后续更新更多进阶内容。,0,normal,2026-02-04T10:48:13.295Z,
video,10885,6,video#10885 评论 2：内容有深度但不晦涩，体验很好。,3,normal,2026-01-25T10:48:13.295Z,
video,10885,1,video#10885 评论 3：节奏刚好，建议再补充一点练习题。,1,normal,2026-02-02T10:48:13.295Z,
video,10885,2,video#10885 评论 4：如果能加配套资料就更好了。,4,normal,2026-01-28T10:48:13.295Z,
video,10886,3,video#10886 评论 1：案例很贴近实际，学完能直接上手。,1,normal,2026-01-31T10:48:13.295Z,
video,10886,4,video#10886 评论 2：讲师讲解很细，适合零基础。,7,normal,2026-02-03T10:48:13.295Z,
video,10886,5,video#10886 评论 3：讲师讲解很细，适合零基础。,2,normal,2026-02-02T10:48:13.295Z,
video,10886,6,video#10886 评论 4：希望后续更新更多进阶内容。,6,normal,2026-01-23T10:48:13.295Z,
video,10887,1,video#10887 评论 1：案例很贴近实际，学完能直接上手。,7,normal,2026-01-24T10:48:13.295Z,
video,10887,2,video#10887 评论 2：希望后续更新更多进阶内容。,3,normal,2026-02-04T10:48:13.295Z,
video,10887,3,video#10887 评论 3：课程结构清晰，学习路线明了。,5,normal,2026-01-25T10:48:13.295Z,
video,10887,4,video#10887 评论 4：实例讲解很实用，收藏了。,1,normal,2026-02-02T10:48:13.295Z,
video,10888,5,video#10888 评论 1：重点知识点总结得不错，复习方便。,2,normal,2026-02-01T10:48:13.295Z,
video,10888,6,video#10888 评论 2：希望后续更新更多进阶内容。,3,normal,2026-02-04T10:48:13.295Z,
video,10888,1,video#10888 评论 3：内容有深度但不晦涩，体验很好。,6,normal,2026-01-31T10:48:13.295Z,
video,10888,2,video#10888 评论 4：节奏刚好，建议再补充一点练习题。,7,normal,2026-01-25T10:48:13.295Z,
video,10889,3,video#10889 评论 1：案例很贴近实际，学完能直接上手。,5,normal,2026-02-01T10:48:13.295Z,
video,10889,4,video#10889 评论 2：内容有深度但不晦涩，体验很好。,2,normal,2026-01-25T10:48:13.295Z,
video,10889,5,video#10889 评论 3：这节课讲得很清楚，重点很明确。,4,normal,2026-01-24T10:48:13.295Z,
video,10889,6,video#10889 评论 4：如果能加配套资料就更好了。,5,normal,2026-02-04T10:48:13.295Z,
video,10890,1,video#10890 评论 1：讲师讲解很细，适合零基础。,5,normal,2026-01-28T10:48:13.295Z,
video,10890,2,video#10890 评论 2：这节课讲得很清楚，重点很明确。,1,normal,2026-02-04T10:48:13.295Z,
video,10890,3,video#10890 评论 3：实例讲解很实用，收藏了。,6,normal,2026-01-29T10:48:13.295Z,
video,10890,4,video#10890 评论 4：这节课讲得很清楚，重点很明确。,7,normal,2026-01-30T10:48:13.295Z,
video,10891,5,video#10891 评论 1：实例讲解很实用，收藏了。,1,normal,2026-01-23T10:48:13.295Z,
video,10891,6,video#10891 评论 2：讲师讲解很细，适合零基础。,5,normal,2026-01-23T10:48:13.295Z,
video,10891,1,video#10891 评论 3：如果能加配套资料就更好了。,1,normal,2026-01-27T10:48:13.295Z,
video,10891,2,video#10891 评论 4：内容有深度但不晦涩，体验很好。,6,normal,2026-02-03T10:48:13.295Z,
video,10892,3,video#10892 评论 1：如果能加配套资料就更好了。,7,normal,2026-01-31T10:48:13.295Z,
video,10892,4,video#10892 评论 2：案例很贴近实际，学完能直接上手。,5,normal,2026-01-26T10:48:13.295Z,
video,10892,5,video#10892 评论 3：案例很贴近实际，学完能直接上手。,7,normal,2026-02-03T10:48:13.295Z,
video,10892,6,video#10892 评论 4：实例讲解很实用，收藏了。,5,normal,2026-02-04T10:48:13.295Z,
video,10893,1,video#10893 评论 1：重点知识点总结得不错，复习方便。,0,normal,2026-02-04T10:48:13.295Z,
video,10893,2,video#10893 评论 2：如果能加配套资料就更好了。,3,normal,2026-02-04T10:48:13.295Z,
video,10893,3,video#10893 评论 3：节奏刚好，建议再补充一点练习题。,3,normal,2026-01-25T10:48:13.295Z,
video,10893,4,video#10893 评论 4：节奏刚好，建议再补充一点练习题。,1,normal,2026-02-01T10:48:13.295Z,
video,10894,5,video#10894 评论 1：讲师讲解很细，适合零基础。,6,normal,2026-01-23T10:48:13.295Z,
video,10894,6,video#10894 评论 2：希望后续更新更多进阶内容。,6,normal,2026-01-25T10:48:13.295Z,
video,10894,1,video#10894 评论 3：如果能加配套资料就更好了。,6,normal,2026-02-03T10:48:13.295Z,
video,10894,2,video#10894 评论 4：重点知识点总结得不错，复习方便。,1,normal,2026-01-27T10:48:13.295Z,
video,10895,3,video#10895 评论 1：这节课讲得很清楚，重点很明确。,3,normal,2026-01-29T10:48:13.295Z,
video,10895,4,video#10895 评论 2：讲师讲解很细，适合零基础。,7,normal,2026-01-25T10:48:13.295Z,
video,10895,5,video#10895 评论 3：讲师讲解很细，适合零基础。,6,normal,2026-01-31T10:48:13.295Z,
video,10895,6,video#10895 评论 4：案例很贴近实际，学完能直接上手。,3,normal,2026-01-23T10:48:13.295Z,
video,10896,1,video#10896 评论 1：实例讲解很实用，收藏了。,4,normal,2026-01-29T10:48:13.295Z,
video,10896,2,video#10896 评论 2：讲师讲解很细，适合零基础。,2,normal,2026-01-26T10:48:13.295Z,
video,10896,3,video#10896 评论 3：希望后续更新更多进阶内容。,2,normal,2026-01-27T10:48:13.295Z,
video,10896,4,video#10896 评论 4：希望后续更新更多进阶内容。,2,normal,2026-01-25T10:48:13.295Z,
video,10897,5,video#10897 评论 1：案例很贴近实际，学完能直接上手。,1,normal,2026-02-04T10:48:13.295Z,
video,10897,6,video#10897 评论 2：案例很贴近实际，学完能直接上手。,4,normal,2026-01-28T10:48:13.295Z,
video,10897,1,video#10897 评论 3：讲师讲解很细，适合零基础。,2,normal,2026-01-29T10:48:13.295Z,
video,10897,2,video#10897 评论 4：这节课讲得很清楚，重点很明确。,0,normal,2026-02-04T10:48:13.295Z,
video,10898,3,video#10898 评论 1：实例讲解很实用，收藏了。,0,normal,2026-01-29T10:48:13.295Z,
video,10898,4,video#10898 评论 2：节奏刚好，建议再补充一点练习题。,7,normal,2026-01-24T10:48:13.295Z,
video,10898,5,video#10898 评论 3：案例很贴近实际，学完能直接上手。,1,normal,2026-02-01T10:48:13.295Z,
video,10898,6,video#10898 评论 4：节奏刚好，建议再补充一点练习题。,0,normal,2026-01-24T10:48:13.295Z,
video,10899,1,video#10899 评论 1：课程结构清晰，学习路线明了。,3,normal,2026-01-24T10:48:13.295Z,
video,10899,2,video#10899 评论 2：讲师讲解很细，适合零基础。,4,normal,2026-01-23T10:48:13.295Z,
video,10899,3,video#10899 评论 3：案例很贴近实际，学完能直接上手。,1,normal,2026-01-25T10:48:13.295Z,
video,10899,4,video#10899 评论 4：如果能加配套资料就更好了。,4,normal,2026-01-27T10:48:13.295Z,
video,10900,5,video#10900 评论 1：希望后续更新更多进阶内容。,7,normal,2026-02-01T10:48:13.295Z,
video,10900,6,video#10900 评论 2：实例讲解很实用，收藏了。,6,normal,2026-01-28T10:48:13.295Z,
video,10900,1,video#10900 评论 3：希望后续更新更多进阶内容。,3,normal,2026-01-27T10:48:13.295Z,
video,10900,2,video#10900 评论 4：重点知识点总结得不错，复习方便。,7,normal,2026-02-01T10:48:13.295Z,
video,10901,3,video#10901 评论 1：内容有深度但不晦涩，体验很好。,5,normal,2026-01-27T10:48:13.295Z,
video,10901,4,video#10901 评论 2：实例讲解很实用，收藏了。,7,normal,2026-01-22T10:48:13.295Z,
video,10901,5,video#10901 评论 3：案例很贴近实际，学完能直接上手。,4,normal,2026-01-31T10:48:13.295Z,
video,10901,6,video#10901 评论 4：案例很贴近实际，学完能直接上手。,6,normal,2026-01-31T10:48:13.295Z,
video,10902,1,video#10902 评论 1：课程结构清晰，学习路线明了。,7,normal,2026-02-03T10:48:13.295Z,
video,10902,2,video#10902 评论 2：讲师讲解很细，适合零基础。,1,normal,2026-01-27T10:48:13.295Z,
video,10902,3,video#10902 评论 3：如果能加配套资料就更好了。,0,normal,2026-02-03T10:48:13.295Z,
video,10902,4,video#10902 评论 4：重点知识点总结得不错，复习方便。,2,normal,2026-01-26T10:48:13.295Z,
video,10903,5,video#10903 评论 1：节奏刚好，建议再补充一点练习题。,2,normal,2026-01-22T10:48:13.295Z,
video,10903,6,video#10903 评论 2：内容有深度但不晦涩，体验很好。,6,normal,2026-01-22T10:48:13.295Z,
video,10903,1,video#10903 评论 3：内容有深度但不晦涩，体验很好。,1,normal,2026-01-29T10:48:13.295Z,
video,10903,2,video#10903 评论 4：实例讲解很实用，收藏了。,3,normal,2026-01-30T10:48:13.295Z,
video,10904,3,video#10904 评论 1：如果能加配套资料就更好了。,7,normal,2026-01-30T10:48:13.295Z,
video,10904,4,video#10904 评论 2：实例讲解很实用，收藏了。,5,normal,2026-01-25T10:48:13.295Z,
video,10904,5,video#10904 评论 3：如果能加配套资料就更好了。,5,normal,2026-01-26T10:48:13.295Z,
video,10904,6,video#10904 评论 4：课程结构清晰，学习路线明了。,7,normal,2026-01-25T10:48:13.295Z,
video,10905,1,video#10905 评论 1：希望后续更新更多进阶内容。,1,normal,2026-01-26T10:48:13.295Z,
video,10905,2,video#10905 评论 2：案例很贴近实际，学完能直接上手。,3,normal,2026-01-24T10:48:13.295Z,
video,10905,3,video#10905 评论 3：节奏刚好，建议再补充一点练习题。,0,normal,2026-02-03T10:48:13.295Z,
video,10905,4,video#10905 评论 4：如果能加配套资料就更好了。,1,normal,2026-01-26T10:48:13.295Z,
video,10906,5,video#10906 评论 1：案例很贴近实际，学完能直接上手。,7,normal,2026-01-23T10:48:13.295Z,
video,10906,6,video#10906 评论 2：这节课讲得很清楚，重点很明确。,0,normal,2026-01-23T10:48:13.295Z,
video,10906,1,video#10906 评论 3：讲师讲解很细，适合零基础。,2,normal,2026-01-31T10:48:13.295Z,
video,10906,2,video#10906 评论 4：这节课讲得很清楚，重点很明确。,0,normal,2026-01-25T10:48:13.296Z,
video,10907,3,video#10907 评论 1：重点知识点总结得不错，复习方便。,7,normal,2026-02-02T10:48:13.296Z,
video,10907,4,video#10907 评论 2：节奏刚好，建议再补充一点练习题。,7,normal,2026-01-25T10:48:13.296Z,
video,10907,5,video#10907 评论 3：实例讲解很实用，收藏了。,4,normal,2026-01-27T10:48:13.296Z,
video,10907,6,video#10907 评论 4：案例很贴近实际，学完能直接上手。,0,normal,2026-01-26T10:48:13.296Z,
video,10908,1,video#10908 评论 1：讲师讲解很细，适合零基础。,1,normal,2026-01-25T10:48:13.296Z,
video,10908,2,video#10908 评论 2：课程结构清晰，学习路线明了。,4,normal,2026-02-04T10:48:13.296Z,
video,10908,3,video#10908 评论 3：课程结构清晰，学习路线明了。,6,normal,2026-01-23T10:48:13.296Z,
video,10908,4,video#10908 评论 4：案例很贴近实际，学完能直接上手。,5,normal,2026-01-27T10:48:13.296Z,
video,10909,5,video#10909 评论 1：重点知识点总结得不错，复习方便。,4,normal,2026-01-27T10:48:13.296Z,
video,10909,6,video#10909 评论 2：讲师讲解很细，适合零基础。,0,normal,2026-02-02T10:48:13.296Z,
video,10909,1,video#10909 评论 3：课程结构清晰，学习路线明了。,2,normal,2026-02-02T10:48:13.296Z,
video,10909,2,video#10909 评论 4：讲师讲解很细，适合零基础。,6,normal,2026-01-23T10:48:13.296Z,
video,10910,3,video#10910 评论 1：内容有深度但不晦涩，体验很好。,1,normal,2026-01-22T10:48:13.296Z,
video,10910,4,video#10910 评论 2：课程结构清晰，学习路线明了。,5,normal,2026-01-29T10:48:13.296Z,
video,10910,5,video#10910 评论 3：讲师讲解很细，适合零基础。,7,normal,2026-01-28T10:48:13.296Z,
video,10910,6,video#10910 评论 4：这节课讲得很清楚，重点很明确。,0,normal,2026-01-31T10:48:13.296Z,
video,10911,1,video#10911 评论 1：课程结构清晰，学习路线明了。,3,normal,2026-01-30T10:48:13.296Z,
video,10911,2,video#10911 评论 2：内容有深度但不晦涩，体验很好。,0,normal,2026-01-24T10:48:13.296Z,
video,10911,3,video#10911 评论 3：如果能加配套资料就更好了。,2,normal,2026-02-01T10:48:13.296Z,
video,10911,4,video#10911 评论 4：这节课讲得很清楚，重点很明确。,6,normal,2026-02-02T10:48:13.296Z,
video,10912,5,video#10912 评论 1：讲师讲解很细，适合零基础。,1,normal,2026-02-04T10:48:13.296Z,
video,10912,6,video#10912 评论 2：这节课讲得很清楚，重点很明确。,1,normal,2026-01-27T10:48:13.296Z,
video,10912,1,video#10912 评论 3：如果能加配套资料就更好了。,3,normal,2026-01-31T10:48:13.296Z,
video,10912,2,video#10912 评论 4：节奏刚好，建议再补充一点练习题。,3,normal,2026-01-22T10:48:13.296Z,
video,10913,3,video#10913 评论 1：希望后续更新更多进阶内容。,3,normal,2026-01-26T10:48:13.296Z,
video,10913,4,video#10913 评论 2：这节课讲得很清楚，重点很明确。,1,normal,2026-01-24T10:48:13.296Z,
video,10913,5,video#10913 评论 3：内容有深度但不晦涩，体验很好。,7,normal,2026-01-23T10:48:13.296Z,
video,10913,6,video#10913 评论 4：实例讲解很实用，收藏了。,4,normal,2026-01-27T10:48:13.296Z,
video,10914,1,video#10914 评论 1：这节课讲得很清楚，重点很明确。,5,normal,2026-02-02T10:48:13.296Z,
video,10914,2,video#10914 评论 2：讲师讲解很细，适合零基础。,7,normal,2026-01-22T10:48:13.296Z,
video,10914,3,video#10914 评论 3：内容有深度但不晦涩，体验很好。,7,normal,2026-02-03T10:48:13.296Z,
video,10914,4,video#10914 评论 4：希望后续更新更多进阶内容。,2,normal,2026-01-24T10:48:13.296Z,
video,10915,5,video#10915 评论 1：如果能加配套资料就更好了。,2,normal,2026-01-23T10:48:13.296Z,
video,10915,6,video#10915 评论 2：讲师讲解很细，适合零基础。,7,normal,2026-01-28T10:48:13.296Z,
video,10915,1,video#10915 评论 3：希望后续更新更多进阶内容。,4,normal,2026-02-03T10:48:13.296Z,
video,10915,2,video#10915 评论 4：内容有深度但不晦涩，体验很好。,3,normal,2026-01-22T10:48:13.296Z,
video,10916,3,video#10916 评论 1：这节课讲得很清楚，重点很明确。,3,normal,2026-01-31T10:48:13.296Z,
video,10916,4,video#10916 评论 2：希望后续更新更多进阶内容。,2,normal,2026-01-26T10:48:13.296Z,
video,10916,5,video#10916 评论 3：如果能加配套资料就更好了。,5,normal,2026-01-27T10:48:13.296Z,
video,10916,6,video#10916 评论 4：内容有深度但不晦涩，体验很好。,1,normal,2026-01-26T10:48:13.296Z,
video,10917,1,video#10917 评论 1：课程结构清晰，学习路线明了。,5,normal,2026-01-27T10:48:13.296Z,
video,10917,2,video#10917 评论 2：希望后续更新更多进阶内容。,4,normal,2026-01-29T10:48:13.296Z,
video,10917,3,video#10917 评论 3：重点知识点总结得不错，复习方便。,3,normal,2026-01-22T10:48:13.296Z,
video,10917,4,video#10917 评论 4：重点知识点总结得不错，复习方便。,0,normal,2026-01-27T10:48:13.296Z,
video,10918,5,video#10918 评论 1：讲师讲解很细，适合零基础。,0,normal,2026-01-28T10:48:13.296Z,
video,10918,6,video#10918 评论 2：课程结构清晰，学习路线明了。,3,normal,2026-01-28T10:48:13.296Z,
video,10918,1,video#10918 评论 3：这节课讲得很清楚，重点很明确。,7,normal,2026-01-28T10:48:13.296Z,
video,10918,2,video#10918 评论 4：课程结构清晰，学习路线明了。,5,normal,2026-01-30T10:48:13.296Z,
video,10919,3,video#10919 评论 1：重点知识点总结得不错，复习方便。,3,normal,2026-02-04T10:48:13.296Z,
video,10919,4,video#10919 评论 2：节奏刚好，建议再补充一点练习题。,1,normal,2026-01-24T10:48:13.296Z,
video,10919,5,video#10919 评论 3：案例很贴近实际，学完能直接上手。,0,normal,2026-02-03T10:48:13.296Z,
video,10919,6,video#10919 评论 4：节奏刚好，建议再补充一点练习题。,3,normal,2026-02-04T10:48:13.296Z,
video,10920,1,video#10920 评论 1：这节课讲得很清楚，重点很明确。,3,normal,2026-01-26T10:48:13.296Z,
video,10920,2,video#10920 评论 2：讲师讲解很细，适合零基础。,1,normal,2026-02-01T10:48:13.296Z,
video,10920,3,video#10920 评论 3：希望后续更新更多进阶内容。,0,normal,2026-01-31T10:48:13.296Z,
video,10920,4,video#10920 评论 4：实例讲解很实用，收藏了。,4,normal,2026-01-30T10:48:13.296Z,
video,10921,5,video#10921 评论 1：讲师讲解很细，适合零基础。,7,normal,2026-01-27T10:48:13.296Z,
video,10921,6,video#10921 评论 2：案例很贴近实际，学完能直接上手。,2,normal,2026-01-25T10:48:13.296Z,
video,10921,1,video#10921 评论 3：讲师讲解很细，适合零基础。,1,normal,2026-01-24T10:48:13.296Z,
video,10921,2,video#10921 评论 4：这节课讲得很清楚，重点很明确。,7,normal,2026-01-26T10:48:13.296Z,
video,10922,3,video#10922 评论 1：重点知识点总结得不错，复习方便。,7,normal,2026-02-02T10:48:13.296Z,
video,10922,4,video#10922 评论 2：节奏刚好，建议再补充一点练习题。,4,normal,2026-02-01T10:48:13.296Z,
video,10922,5,video#10922 评论 3：案例很贴近实际，学完能直接上手。,5,normal,2026-02-01T10:48:13.296Z,
video,10922,6,video#10922 评论 4：这节课讲得很清楚，重点很明确。,1,normal,2026-01-28T10:48:13.296Z,
video,10923,1,video#10923 评论 1：希望后续更新更多进阶内容。,5,normal,2026-01-26T10:48:13.296Z,
video,10923,2,video#10923 评论 2：内容有深度但不晦涩，体验很好。,1,normal,2026-02-01T10:48:13.296Z,
video,10923,3,video#10923 评论 3：内容有深度但不晦涩，体验很好。,5,normal,2026-01-24T10:48:13.296Z,
video,10923,4,video#10923 评论 4：这节课讲得很清楚，重点很明确。,2,normal,2026-01-22T10:48:13.296Z,
video,10924,5,video#10924 评论 1：如果能加配套资料就更好了。,5,normal,2026-01-26T10:48:13.296Z,
video,10924,6,video#10924 评论 2：案例很贴近实际，学完能直接上手。,0,normal,2026-01-29T10:48:13.296Z,
video,10924,1,video#10924 评论 3：课程结构清晰，学习路线明了。,6,normal,2026-01-23T10:48:13.296Z,
video,10924,2,video#10924 评论 4：课程结构清晰，学习路线明了。,3,normal,2026-01-26T10:48:13.296Z,
video,10925,3,video#10925 评论 1：节奏刚好，建议再补充一点练习题。,6,normal,2026-01-26T10:48:13.296Z,
video,10925,4,video#10925 评论 2：重点知识点总结得不错，复习方便。,5,normal,2026-01-26T10:48:13.296Z,
video,10925,5,video#10925 评论 3：希望后续更新更多进阶内容。,6,normal,2026-02-02T10:48:13.296Z,
video,10925,6,video#10925 评论 4：重点知识点总结得不错，复习方便。,4,normal,2026-01-23T10:48:13.296Z,
video,10926,1,video#10926 评论 1：节奏刚好，建议再补充一点练习题。,4,normal,2026-02-02T10:48:13.296Z,
video,10926,2,video#10926 评论 2：重点知识点总结得不错，复习方便。,0,normal,2026-01-26T10:48:13.296Z,
video,10926,3,video#10926 评论 3：内容有深度但不晦涩，体验很好。,1,normal,2026-01-28T10:48:13.296Z,
video,10926,4,video#10926 评论 4：内容有深度但不晦涩，体验很好。,6,normal,2026-01-24T10:48:13.296Z,
video,10927,5,video#10927 评论 1：希望后续更新更多进阶内容。,7,normal,2026-01-24T10:48:13.296Z,
video,10927,6,video#10927 评论 2：希望后续更新更多进阶内容。,4,normal,2026-01-27T10:48:13.296Z,
video,10927,1,video#10927 评论 3：案例很贴近实际，学完能直接上手。,0,normal,2026-01-28T10:48:13.296Z,
video,10927,2,video#10927 评论 4：希望后续更新更多进阶内容。,7,normal,2026-01-31T10:48:13.296Z,
video,10928,3,video#10928 评论 1：课程结构清晰，学习路线明了。,1,normal,2026-01-25T10:48:13.296Z,
video,10928,4,video#10928 评论 2：重点知识点总结得不错，复习方便。,2,normal,2026-01-28T10:48:13.296Z,
video,10928,5,video#10928 评论 3：内容有深度但不晦涩，体验很好。,4,normal,2026-02-01T10:48:13.296Z,
video,10928,6,video#10928 评论 4：课程结构清晰，学习路线明了。,4,normal,2026-01-23T10:48:13.296Z,
video,10929,1,video#10929 评论 1：实例讲解很实用，收藏了。,5,normal,2026-01-22T10:48:13.296Z,
video,10929,2,video#10929 评论 2：课程结构清晰，学习路线明了。,5,normal,2026-01-30T10:48:13.296Z,
video,10929,3,video#10929 评论 3：这节课讲得很清楚，重点很明确。,1,normal,2026-01-28T10:48:13.296Z,
video,10929,4,video#10929 评论 4：案例很贴近实际，学完能直接上手。,0,normal,2026-01-24T10:48:13.296Z,
video,10930,5,video#10930 评论 1：节奏刚好，建议再补充一点练习题。,4,normal,2026-02-03T10:48:13.296Z,
video,10930,6,video#10930 评论 2：内容有深度但不晦涩，体验很好。,5,normal,2026-01-27T10:48:13.296Z,
video,10930,1,video#10930 评论 3：希望后续更新更多进阶内容。,6,normal,2026-02-01T10:48:13.296Z,
video,10930,2,video#10930 评论 4：讲师讲解很细，适合零基础。,4,normal,2026-01-30T10:48:13.296Z,
video,10931,3,video#10931 评论 1：如果能加配套资料就更好了。,1,normal,2026-01-30T10:48:13.296Z,
video,10931,4,video#10931 评论 2：讲师讲解很细，适合零基础。,7,normal,2026-02-03T10:48:13.296Z,
video,10931,5,video#10931 评论 3：这节课讲得很清楚，重点很明确。,4,normal,2026-02-02T10:48:13.296Z,
video,10931,6,video#10931 评论 4：实例讲解很实用，收藏了。,5,normal,2026-01-26T10:48:13.296Z,
video,10932,1,video#10932 评论 1：实例讲解很实用，收藏了。,6,normal,2026-02-01T10:48:13.296Z,
video,10932,2,video#10932 评论 2：实例讲解很实用，收藏了。,3,normal,2026-01-22T10:48:13.296Z,
video,10932,3,video#10932 评论 3：内容有深度但不晦涩，体验很好。,4,normal,2026-02-01T10:48:13.296Z,
video,10932,4,video#10932 评论 4：案例很贴近实际，学完能直接上手。,2,normal,2026-02-04T10:48:13.296Z,
video,10933,5,video#10933 评论 1：实例讲解很实用，收藏了。,0,normal,2026-02-04T10:48:13.296Z,
video,10933,6,video#10933 评论 2：重点知识点总结得不错，复习方便。,0,normal,2026-02-01T10:48:13.296Z,
video,10933,1,video#10933 评论 3：重点知识点总结得不错，复习方便。,1,normal,2026-01-30T10:48:13.296Z,
video,10933,2,video#10933 评论 4：这节课讲得很清楚，重点很明确。,0,normal,2026-02-04T10:48:13.296Z,
video,10934,3,video#10934 评论 1：讲师讲解很细，适合零基础。,7,normal,2026-01-25T10:48:13.296Z,
video,10934,4,video#10934 评论 2：讲师讲解很细，适合零基础。,3,normal,2026-01-23T10:48:13.296Z,
video,10934,5,video#10934 评论 3：讲师讲解很细，适合零基础。,7,normal,2026-01-27T10:48:13.296Z,
video,10934,6,video#10934 评论 4：实例讲解很实用，收藏了。,2,normal,2026-01-22T10:48:13.296Z,
video,10935,1,video#10935 评论 1：希望后续更新更多进阶内容。,5,normal,2026-02-02T10:48:13.296Z,
video,10935,2,video#10935 评论 2：内容有深度但不晦涩，体验很好。,6,normal,2026-01-27T10:48:13.296Z,
video,10935,3,video#10935 评论 3：案例很贴近实际，学完能直接上手。,7,normal,2026-02-04T10:48:13.296Z,
video,10935,4,video#10935 评论 4：实例讲解很实用，收藏了。,0,normal,2026-01-31T10:48:13.296Z,
video,10936,5,video#10936 评论 1：讲师讲解很细，适合零基础。,4,normal,2026-02-04T10:48:13.296Z,
video,10936,6,video#10936 评论 2：课程结构清晰，学习路线明了。,6,normal,2026-01-30T10:48:13.296Z,
video,10936,1,video#10936 评论 3：实例讲解很实用，收藏了。,5,normal,2026-01-27T10:48:13.296Z,
video,10936,2,video#10936 评论 4：希望后续更新更多进阶内容。,7,normal,2026-02-04T10:48:13.296Z,
video,10937,3,video#10937 评论 1：内容有深度但不晦涩，体验很好。,6,normal,2026-01-28T10:48:13.296Z,
video,10937,4,video#10937 评论 2：这节课讲得很清楚，重点很明确。,6,normal,2026-01-29T10:48:13.296Z,
video,10937,5,video#10937 评论 3：这节课讲得很清楚，重点很明确。,0,normal,2026-02-02T10:48:13.296Z,
video,10937,6,video#10937 评论 4：实例讲解很实用，收藏了。,3,normal,2026-01-27T10:48:13.296Z,
video,10938,1,video#10938 评论 1：案例很贴近实际，学完能直接上手。,1,normal,2026-01-30T10:48:13.296Z,
video,10938,2,video#10938 评论 2：这节课讲得很清楚，重点很明确。,0,normal,2026-01-26T10:48:13.296Z,
video,10938,3,video#10938 评论 3：案例很贴近实际，学完能直接上手。,3,normal,2026-01-25T10:48:13.296Z,
video,10938,4,video#10938 评论 4：节奏刚好，建议再补充一点练习题。,3,normal,2026-01-25T10:48:13.296Z,
video,10939,5,video#10939 评论 1：实例讲解很实用，收藏了。,1,normal,2026-01-25T10:48:13.296Z,
video,10939,6,video#10939 评论 2：如果能加配套资料就更好了。,3,normal,2026-01-29T10:48:13.296Z,
video,10939,1,video#10939 评论 3：讲师讲解很细，适合零基础。,3,normal,2026-01-31T10:48:13.296Z,
video,10939,2,video#10939 评论 4：希望后续更新更多进阶内容。,0,normal,2026-01-28T10:48:13.296Z,
video,10940,3,video#10940 评论 1：重点知识点总结得不错，复习方便。,7,normal,2026-01-30T10:48:13.296Z,
video,10940,4,video#10940 评论 2：如果能加配套资料就更好了。,4,normal,2026-01-24T10:48:13.296Z,
video,10940,5,video#10940 评论 3：实例讲解很实用，收藏了。,3,normal,2026-01-28T10:48:13.296Z,
video,10940,6,video#10940 评论 4：如果能加配套资料就更好了。,5,normal,2026-01-26T10:48:13.296Z,
video,10941,1,video#10941 评论 1：如果能加配套资料就更好了。,7,normal,2026-01-29T10:48:13.296Z,
video,10941,2,video#10941 评论 2：课程结构清晰，学习路线明了。,4,normal,2026-01-27T10:48:13.296Z,
video,10941,3,video#10941 评论 3：这节课讲得很清楚，重点很明确。,4,normal,2026-02-03T10:48:13.296Z,
video,10941,4,video#10941 评论 4：课程结构清晰，学习路线明了。,7,normal,2026-01-28T10:48:13.296Z,
video,10942,5,video#10942 评论 1：课程结构清晰，学习路线明了。,1,normal,2026-02-04T10:48:13.296Z,
video,10942,6,video#10942 评论 2：重点知识点总结得不错，复习方便。,3,normal,2026-01-31T10:48:13.296Z,
video,10942,1,video#10942 评论 3：这节课讲得很清楚，重点很明确。,6,normal,2026-01-27T10:48:13.296Z,
video,10942,2,video#10942 评论 4：内容有深度但不晦涩，体验很好。,1,normal,2026-01-29T10:48:13.296Z,
video,10943,3,video#10943 评论 1：节奏刚好，建议再补充一点练习题。,7,normal,2026-02-02T10:48:13.296Z,
video,10943,4,video#10943 评论 2：案例很贴近实际，学完能直接上手。,7,normal,2026-01-30T10:48:13.296Z,
video,10943,5,video#10943 评论 3：讲师讲解很细，适合零基础。,6,normal,2026-01-30T10:48:13.296Z,
video,10943,6,video#10943 评论 4：这节课讲得很清楚，重点很明确。,2,normal,2026-01-26T10:48:13.296Z,
video,10944,1,video#10944 评论 1：如果能加配套资料就更好了。,3,normal,2026-02-04T10:48:13.296Z,
video,10944,2,video#10944 评论 2：内容有深度但不晦涩，体验很好。,5,normal,2026-02-01T10:48:13.296Z,
video,10944,3,video#10944 评论 3：课程结构清晰，学习路线明了。,4,normal,2026-01-27T10:48:13.296Z,
video,10944,4,video#10944 评论 4：案例很贴近实际，学完能直接上手。,0,normal,2026-01-29T10:48:13.296Z,
video,10945,5,video#10945 评论 1：如果能加配套资料就更好了。,2,normal,2026-01-23T10:48:13.296Z,
video,10945,6,video#10945 评论 2：内容有深度但不晦涩，体验很好。,5,normal,2026-01-29T10:48:13.296Z,
video,10945,1,video#10945 评论 3：内容有深度但不晦涩，体验很好。,6,normal,2026-01-29T10:48:13.296Z,
video,10945,2,video#10945 评论 4：实例讲解很实用，收藏了。,5,normal,2026-01-24T10:48:13.296Z,
video,10946,3,video#10946 评论 1：希望后续更新更多进阶内容。,7,normal,2026-01-26T10:48:13.296Z,
video,10946,4,video#10946 评论 2：希望后续更新更多进阶内容。,1,normal,2026-02-03T10:48:13.296Z,
video,10946,5,video#10946 评论 3：内容有深度但不晦涩，体验很好。,5,normal,2026-01-29T10:48:13.296Z,
video,10946,6,video#10946 评论 4：内容有深度但不晦涩，体验很好。,2,normal,2026-01-22T10:48:13.296Z,
video,10947,1,video#10947 评论 1：实例讲解很实用，收藏了。,4,normal,2026-01-28T10:48:13.296Z,
video,10947,2,video#10947 评论 2：课程结构清晰，学习路线明了。,3,normal,2026-01-22T10:48:13.296Z,
video,10947,3,video#10947 评论 3：讲师讲解很细，适合零基础。,5,normal,2026-02-04T10:48:13.296Z,
video,10947,4,video#10947 评论 4：这节课讲得很清楚，重点很明确。,7,normal,2026-01-27T10:48:13.296Z,
video,10948,5,video#10948 评论 1：讲师讲解很细，适合零基础。,2,normal,2026-02-02T10:48:13.296Z,
video,10948,6,video#10948 评论 2：案例很贴近实际，学完能直接上手。,1,normal,2026-01-30T10:48:13.296Z,
video,10948,1,video#10948 评论 3：课程结构清晰，学习路线明了。,6,normal,2026-02-01T10:48:13.296Z,
video,10948,2,video#10948 评论 4：如果能加配套资料就更好了。,5,normal,2026-02-02T10:48:13.296Z,
video,10949,3,video#10949 评论 1：希望后续更新更多进阶内容。,4,normal,2026-01-24T10:48:13.296Z,
video,10949,4,video#10949 评论 2：课程结构清晰，学习路线明了。,0,normal,2026-02-04T10:48:13.296Z,
video,10949,5,video#10949 评论 3：重点知识点总结得不错，复习方便。,2,normal,2026-01-27T10:48:13.296Z,
video,10949,6,video#10949 评论 4：课程结构清晰，学习路线明了。,1,normal,2026-01-28T10:48:13.296Z,
video,10950,1,video#10950 评论 1：节奏刚好，建议再补充一点练习题。,0,normal,2026-01-27T10:48:13.296Z,
video,10950,2,video#10950 评论 2：实例讲解很实用，收藏了。,5,normal,2026-01-27T10:48:13.296Z,
video,10950,3,video#10950 评论 3：课程结构清晰，学习路线明了。,3,normal,2026-01-27T10:48:13.296Z,
video,10950,4,video#10950 评论 4：节奏刚好，建议再补充一点练习题。,5,normal,2026-01-23T10:48:13.296Z,
video,10951,5,video#10951 评论 1：重点知识点总结得不错，复习方便。,7,normal,2026-01-29T10:48:13.296Z,
video,10951,6,video#10951 评论 2：重点知识点总结得不错，复习方便。,1,normal,2026-02-04T10:48:13.296Z,
video,10951,1,video#10951 评论 3：如果能加配套资料就更好了。,5,normal,2026-01-31T10:48:13.296Z,
video,10951,2,video#10951 评论 4：课程结构清晰，学习路线明了。,1,normal,2026-01-26T10:48:13.296Z,
video,10952,3,video#10952 评论 1：课程结构清晰，学习路线明了。,1,normal,2026-02-01T10:48:13.296Z,
video,10952,4,video#10952 评论 2：案例很贴近实际，学完能直接上手。,3,normal,2026-01-31T10:48:13.296Z,
video,10952,5,video#10952 评论 3：课程结构清晰，学习路线明了。,0,normal,2026-01-30T10:48:13.296Z,
video,10952,6,video#10952 评论 4：这节课讲得很清楚，重点很明确。,0,normal,2026-02-03T10:48:13.296Z,
video,10953,1,video#10953 评论 1：重点知识点总结得不错，复习方便。,2,normal,2026-02-03T10:48:13.296Z,
video,10953,2,video#10953 评论 2：课程结构清晰，学习路线明了。,7,normal,2026-01-24T10:48:13.296Z,
video,10953,3,video#10953 评论 3：课程结构清晰，学习路线明了。,2,normal,2026-01-25T10:48:13.296Z,
video,10953,4,video#10953 评论 4：这节课讲得很清楚，重点很明确。,2,normal,2026-02-02T10:48:13.296Z,
video,10954,5,video#10954 评论 1：案例很贴近实际，学完能直接上手。,1,normal,2026-01-26T10:48:13.296Z,
video,10954,6,video#10954 评论 2：讲师讲解很细，适合零基础。,2,normal,2026-02-04T10:48:13.296Z,
video,10954,1,video#10954 评论 3：如果能加配套资料就更好了。,7,normal,2026-01-24T10:48:13.296Z,
video,10954,2,video#10954 评论 4：这节课讲得很清楚，重点很明确。,5,normal,2026-02-03T10:48:13.296Z,
video,10955,3,video#10955 评论 1：希望后续更新更多进阶内容。,4,normal,2026-01-23T10:48:13.296Z,
video,10955,4,video#10955 评论 2：实例讲解很实用，收藏了。,5,normal,2026-01-23T10:48:13.296Z,
video,10955,5,video#10955 评论 3：如果能加配套资料就更好了。,6,normal,2026-02-04T10:48:13.296Z,
video,10955,6,video#10955 评论 4：重点知识点总结得不错，复习方便。,7,normal,2026-01-26T10:48:13.296Z,
video,10956,1,video#10956 评论 1：希望后续更新更多进阶内容。,4,normal,2026-02-04T10:48:13.296Z,
video,10956,2,video#10956 评论 2：这节课讲得很清楚，重点很明确。,5,normal,2026-01-25T10:48:13.296Z,
video,10956,3,video#10956 评论 3：讲师讲解很细，适合零基础。,5,normal,2026-01-23T10:48:13.296Z,
video,10956,4,video#10956 评论 4：案例很贴近实际，学完能直接上手。,7,normal,2026-01-22T10:48:13.296Z,
video,10957,5,video#10957 评论 1：节奏刚好，建议再补充一点练习题。,5,normal,2026-01-27T10:48:13.296Z,
video,10957,6,video#10957 评论 2：课程结构清晰，学习路线明了。,3,normal,2026-01-25T10:48:13.296Z,
video,10957,1,video#10957 评论 3：重点知识点总结得不错，复习方便。,1,normal,2026-01-26T10:48:13.296Z,
video,10957,2,video#10957 评论 4：课程结构清晰，学习路线明了。,3,normal,2026-01-27T10:48:13.296Z,
video,10958,3,video#10958 评论 1：实例讲解很实用，收藏了。,7,normal,2026-01-22T10:48:13.296Z,
video,10958,4,video#10958 评论 2：实例讲解很实用，收藏了。,4,normal,2026-01-28T10:48:13.296Z,
video,10958,5,video#10958 评论 3：讲师讲解很细，适合零基础。,4,normal,2026-01-28T10:48:13.296Z,
video,10958,6,video#10958 评论 4：内容有深度但不晦涩，体验很好。,7,normal,2026-01-24T10:48:13.296Z,
video,10959,1,video#10959 评论 1：节奏刚好，建议再补充一点练习题。,1,normal,2026-01-28T10:48:13.296Z,
video,10959,2,video#10959 评论 2：课程结构清晰，学习路线明了。,7,normal,2026-01-29T10:48:13.296Z,
video,10959,3,video#10959 评论 3：讲师讲解很细，适合零基础。,6,normal,2026-01-25T10:48:13.296Z,
video,10959,4,video#10959 评论 4：实例讲解很实用，收藏了。,4,normal,2026-02-01T10:48:13.296Z,
video,10960,5,video#10960 评论 1：重点知识点总结得不错，复习方便。,4,normal,2026-01-27T10:48:13.296Z,
video,10960,6,video#10960 评论 2：这节课讲得很清楚，重点很明确。,3,normal,2026-02-01T10:48:13.296Z,
video,10960,1,video#10960 评论 3：实例讲解很实用，收藏了。,1,normal,2026-01-24T10:48:13.296Z,
video,10960,2,video#10960 评论 4：如果能加配套资料就更好了。,5,normal,2026-01-30T10:48:13.296Z,
video,10961,3,video#10961 评论 1：课程结构清晰，学习路线明了。,5,normal,2026-01-29T10:48:13.296Z,
video,10961,4,video#10961 评论 2：希望后续更新更多进阶内容。,4,normal,2026-01-27T10:48:13.296Z,
video,10961,5,video#10961 评论 3：讲师讲解很细，适合零基础。,5,normal,2026-01-22T10:48:13.296Z,
video,10961,6,video#10961 评论 4：节奏刚好，建议再补充一点练习题。,1,normal,2026-01-24T10:48:13.296Z,
video,10962,1,video#10962 评论 1：讲师讲解很细，适合零基础。,0,normal,2026-01-24T10:48:13.296Z,
video,10962,2,video#10962 评论 2：如果能加配套资料就更好了。,6,normal,2026-02-01T10:48:13.296Z,
video,10962,3,video#10962 评论 3：课程结构清晰，学习路线明了。,4,normal,2026-02-01T10:48:13.296Z,
video,10962,4,video#10962 评论 4：内容有深度但不晦涩，体验很好。,0,normal,2026-02-03T10:48:13.296Z,
video,10963,5,video#10963 评论 1：课程结构清晰，学习路线明了。,6,normal,2026-01-22T10:48:13.296Z,
video,10963,6,video#10963 评论 2：这节课讲得很清楚，重点很明确。,6,normal,2026-01-26T10:48:13.296Z,
video,10963,1,video#10963 评论 3：案例很贴近实际，学完能直接上手。,1,normal,2026-01-30T10:48:13.296Z,
video,10963,2,video#10963 评论 4：实例讲解很实用，收藏了。,3,normal,2026-01-23T10:48:13.296Z,
video,10964,3,video#10964 评论 1：内容有深度但不晦涩，体验很好。,7,normal,2026-01-24T10:48:13.296Z,
video,10964,4,video#10964 评论 2：希望后续更新更多进阶内容。,1,normal,2026-01-28T10:48:13.296Z,
video,10964,5,video#10964 评论 3：实例讲解很实用，收藏了。,2,normal,2026-01-28T10:48:13.296Z,
video,10964,6,video#10964 评论 4：讲师讲解很细，适合零基础。,5,normal,2026-01-31T10:48:13.296Z,
video,10965,1,video#10965 评论 1：内容有深度但不晦涩，体验很好。,7,normal,2026-01-27T10:48:13.296Z,
video,10965,2,video#10965 评论 2：实例讲解很实用，收藏了。,3,normal,2026-01-24T10:48:13.296Z,
video,10965,3,video#10965 评论 3：讲师讲解很细，适合零基础。,2,normal,2026-02-04T10:48:13.296Z,
video,10965,4,video#10965 评论 4：希望后续更新更多进阶内容。,1,normal,2026-01-29T10:48:13.296Z,
video,10966,5,video#10966 评论 1：讲师讲解很细，适合零基础。,0,normal,2026-01-31T10:48:13.296Z,
video,10966,6,video#10966 评论 2：这节课讲得很清楚，重点很明确。,7,normal,2026-01-22T10:48:13.296Z,
video,10966,1,video#10966 评论 3：案例很贴近实际，学完能直接上手。,0,normal,2026-01-30T10:48:13.296Z,
video,10966,2,video#10966 评论 4：内容有深度但不晦涩，体验很好。,1,normal,2026-01-28T10:48:13.296Z,
video,10967,3,video#10967 评论 1：重点知识点总结得不错，复习方便。,0,normal,2026-01-31T10:48:13.296Z,
video,10967,4,video#10967 评论 2：讲师讲解很细，适合零基础。,6,normal,2026-02-03T10:48:13.296Z,
video,10967,5,video#10967 评论 3：如果能加配套资料就更好了。,6,normal,2026-01-31T10:48:13.296Z,
video,10967,6,video#10967 评论 4：希望后续更新更多进阶内容。,7,normal,2026-02-03T10:48:13.296Z,
video,10968,1,video#10968 评论 1：这节课讲得很清楚，重点很明确。,0,normal,2026-01-26T10:48:13.296Z,
video,10968,2,video#10968 评论 2：实例讲解很实用，收藏了。,2,normal,2026-02-04T10:48:13.296Z,
video,10968,3,video#10968 评论 3：实例讲解很实用，收藏了。,4,normal,2026-01-22T10:48:13.296Z,
video,10968,4,video#10968 评论 4：实例讲解很实用，收藏了。,7,normal,2026-02-04T10:48:13.296Z,
video,10969,5,video#10969 评论 1：课程结构清晰，学习路线明了。,0,normal,2026-01-28T10:48:13.296Z,
video,10969,6,video#10969 评论 2：课程结构清晰，学习路线明了。,2,normal,2026-01-28T10:48:13.296Z,
video,10969,1,video#10969 评论 3：讲师讲解很细，适合零基础。,1,normal,2026-02-04T10:48:13.296Z,
video,10969,2,video#10969 评论 4：重点知识点总结得不错，复习方便。,6,normal,2026-01-23T10:48:13.296Z,
video,10970,3,video#10970 评论 1：重点知识点总结得不错，复习方便。,0,normal,2026-02-01T10:48:13.296Z,
video,10970,4,video#10970 评论 2：讲师讲解很细，适合零基础。,3,normal,2026-01-29T10:48:13.296Z,
video,10970,5,video#10970 评论 3：讲师讲解很细，适合零基础。,4,normal,2026-01-29T10:48:13.296Z,
video,10970,6,video#10970 评论 4：重点知识点总结得不错，复习方便。,3,normal,2026-01-27T10:48:13.296Z,
video,10971,1,video#10971 评论 1：重点知识点总结得不错，复习方便。,3,normal,2026-01-23T10:48:13.296Z,
video,10971,2,video#10971 评论 2：重点知识点总结得不错，复习方便。,0,normal,2026-01-26T10:48:13.296Z,
video,10971,3,video#10971 评论 3：如果能加配套资料就更好了。,4,normal,2026-01-30T10:48:13.296Z,
video,10971,4,video#10971 评论 4：讲师讲解很细，适合零基础。,5,normal,2026-01-30T10:48:13.296Z,
video,10972,5,video#10972 评论 1：节奏刚好，建议再补充一点练习题。,2,normal,2026-01-24T10:48:13.296Z,
video,10972,6,video#10972 评论 2：这节课讲得很清楚，重点很明确。,7,normal,2026-01-25T10:48:13.296Z,
video,10972,1,video#10972 评论 3：实例讲解很实用，收藏了。,1,normal,2026-01-22T10:48:13.296Z,
video,10972,2,video#10972 评论 4：如果能加配套资料就更好了。,0,normal,2026-01-27T10:48:13.296Z,
video,10973,3,video#10973 评论 1：节奏刚好，建议再补充一点练习题。,7,normal,2026-01-30T10:48:13.296Z,
video,10973,4,video#10973 评论 2：重点知识点总结得不错，复习方便。,3,normal,2026-01-30T10:48:13.296Z,
video,10973,5,video#10973 评论 3：实例讲解很实用，收藏了。,3,normal,2026-01-27T10:48:13.296Z,
video,10973,6,video#10973 评论 4：内容有深度但不晦涩，体验很好。,0,normal,2026-01-30T10:48:13.296Z,
video,10974,1,video#10974 评论 1：如果能加配套资料就更好了。,5,normal,2026-01-29T10:48:13.296Z,
video,10974,2,video#10974 评论 2：希望后续更新更多进阶内容。,2,normal,2026-01-25T10:48:13.296Z,
video,10974,3,video#10974 评论 3：案例很贴近实际，学完能直接上手。,3,normal,2026-02-03T10:48:13.296Z,
video,10974,4,video#10974 评论 4：希望后续更新更多进阶内容。,2,normal,2026-01-24T10:48:13.296Z,
video,10975,5,video#10975 评论 1：重点知识点总结得不错，复习方便。,3,normal,2026-01-27T10:48:13.296Z,
video,10975,6,video#10975 评论 2：这节课讲得很清楚，重点很明确。,1,normal,2026-02-02T10:48:13.296Z,
video,10975,1,video#10975 评论 3：节奏刚好，建议再补充一点练习题。,1,normal,2026-02-04T10:48:13.296Z,
video,10975,2,video#10975 评论 4：案例很贴近实际，学完能直接上手。,1,normal,2026-01-31T10:48:13.296Z,
video,10976,3,video#10976 评论 1：重点知识点总结得不错，复习方便。,7,normal,2026-01-29T10:48:13.296Z,
video,10976,4,video#10976 评论 2：这节课讲得很清楚，重点很明确。,7,normal,2026-02-01T10:48:13.296Z,
video,10976,5,video#10976 评论 3：这节课讲得很清楚，重点很明确。,0,normal,2026-01-27T10:48:13.296Z,
video,10976,6,video#10976 评论 4：案例很贴近实际，学完能直接上手。,4,normal,2026-02-04T10:48:13.296Z,
video,10977,1,video#10977 评论 1：内容有深度但不晦涩，体验很好。,0,normal,2026-01-28T10:48:13.296Z,
video,10977,2,video#10977 评论 2：这节课讲得很清楚，重点很明确。,7,normal,2026-01-22T10:48:13.296Z,
video,10977,3,video#10977 评论 3：这节课讲得很清楚，重点很明确。,1,normal,2026-01-24T10:48:13.296Z,
video,10977,4,video#10977 评论 4：这节课讲得很清楚，重点很明确。,0,normal,2026-01-28T10:48:13.296Z,
video,10978,5,video#10978 评论 1：重点知识点总结得不错，复习方便。,7,normal,2026-01-28T10:48:13.296Z,
video,10978,6,video#10978 评论 2：内容有深度但不晦涩，体验很好。,2,normal,2026-01-28T10:48:13.296Z,
video,10978,1,video#10978 评论 3：案例很贴近实际，学完能直接上手。,7,normal,2026-01-30T10:48:13.296Z,
video,10978,2,video#10978 评论 4：如果能加配套资料就更好了。,0,normal,2026-01-27T10:48:13.296Z,
video,10979,3,video#10979 评论 1：希望后续更新更多进阶内容。,5,normal,2026-02-01T10:48:13.296Z,
video,10979,4,video#10979 评论 2：重点知识点总结得不错，复习方便。,0,normal,2026-01-25T10:48:13.296Z,
video,10979,5,video#10979 评论 3：内容有深度但不晦涩，体验很好。,2,normal,2026-01-22T10:48:13.296Z,
video,10979,6,video#10979 评论 4：重点知识点总结得不错，复习方便。,6,normal,2026-01-30T10:48:13.296Z,
video,10980,1,video#10980 评论 1：重点知识点总结得不错，复习方便。,1,normal,2026-01-22T10:48:13.296Z,
video,10980,2,video#10980 评论 2：实例讲解很实用，收藏了。,7,normal,2026-01-26T10:48:13.296Z,
video,10980,3,video#10980 评论 3：节奏刚好，建议再补充一点练习题。,1,normal,2026-02-02T10:48:13.296Z,
video,10980,4,video#10980 评论 4：希望后续更新更多进阶内容。,7,normal,2026-01-29T10:48:13.296Z,
video,10981,5,video#10981 评论 1：课程结构清晰，学习路线明了。,4,normal,2026-01-23T10:48:13.296Z,
video,10981,6,video#10981 评论 2：讲师讲解很细，适合零基础。,6,normal,2026-02-04T10:48:13.296Z,
video,10981,1,video#10981 评论 3：节奏刚好，建议再补充一点练习题。,7,normal,2026-01-27T10:48:13.296Z,
video,10981,2,video#10981 评论 4：节奏刚好，建议再补充一点练习题。,1,normal,2026-01-22T10:48:13.296Z,
video,10982,3,video#10982 评论 1：案例很贴近实际，学完能直接上手。,2,normal,2026-01-31T10:48:13.296Z,
video,10982,4,video#10982 评论 2：案例很贴近实际，学完能直接上手。,6,normal,2026-01-25T10:48:13.296Z,
video,10982,5,video#10982 评论 3：内容有深度但不晦涩，体验很好。,3,normal,2026-02-03T10:48:13.296Z,
video,10982,6,video#10982 评论 4：案例很贴近实际，学完能直接上手。,7,normal,2026-01-31T10:48:13.296Z,
video,10983,1,video#10983 评论 1：如果能加配套资料就更好了。,4,normal,2026-01-31T10:48:13.296Z,
video,10983,2,video#10983 评论 2：重点知识点总结得不错，复习方便。,1,normal,2026-01-25T10:48:13.296Z,
video,10983,3,video#10983 评论 3：希望后续更新更多进阶内容。,3,normal,2026-02-04T10:48:13.296Z,
video,10983,4,video#10983 评论 4：重点知识点总结得不错，复习方便。,4,normal,2026-01-27T10:48:13.296Z,
video,10984,5,video#10984 评论 1：希望后续更新更多进阶内容。,0,normal,2026-01-28T10:48:13.296Z,
video,10984,6,video#10984 评论 2：实例讲解很实用，收藏了。,2,normal,2026-01-28T10:48:13.296Z,
video,10984,1,video#10984 评论 3：重点知识点总结得不错，复习方便。,0,normal,2026-01-31T10:48:13.296Z,
video,10984,2,video#10984 评论 4：内容有深度但不晦涩，体验很好。,4,normal,2026-02-04T10:48:13.296Z,
video,10985,3,video#10985 评论 1：实例讲解很实用，收藏了。,4,normal,2026-01-28T10:48:13.296Z,
video,10985,4,video#10985 评论 2：希望后续更新更多进阶内容。,1,normal,2026-01-31T10:48:13.296Z,
video,10985,5,video#10985 评论 3：讲师讲解很细，适合零基础。,3,normal,2026-01-25T10:48:13.296Z,
video,10985,6,video#10985 评论 4：重点知识点总结得不错，复习方便。,4,normal,2026-01-30T10:48:13.296Z,
video,10986,1,video#10986 评论 1：重点知识点总结得不错，复习方便。,7,normal,2026-01-26T10:48:13.296Z,
video,10986,2,video#10986 评论 2：如果能加配套资料就更好了。,5,normal,2026-01-27T10:48:13.296Z,
video,10986,3,video#10986 评论 3：内容有深度但不晦涩，体验很好。,4,normal,2026-01-30T10:48:13.296Z,
video,10986,4,video#10986 评论 4：课程结构清晰，学习路线明了。,6,normal,2026-01-30T10:48:13.296Z,
video,10987,5,video#10987 评论 1：讲师讲解很细，适合零基础。,2,normal,2026-01-26T10:48:13.296Z,
video,10987,6,video#10987 评论 2：讲师讲解很细，适合零基础。,0,normal,2026-02-01T10:48:13.296Z,
video,10987,1,video#10987 评论 3：案例很贴近实际，学完能直接上手。,2,normal,2026-01-26T10:48:13.296Z,
video,10987,2,video#10987 评论 4：实例讲解很实用，收藏了。,4,normal,2026-02-02T10:48:13.296Z,
video,10988,3,video#10988 评论 1：重点知识点总结得不错，复习方便。,2,normal,2026-01-28T10:48:13.296Z,
video,10988,4,video#10988 评论 2：希望后续更新更多进阶内容。,0,normal,2026-02-02T10:48:13.296Z,
video,10988,5,video#10988 评论 3：重点知识点总结得不错，复习方便。,1,normal,2026-01-26T10:48:13.296Z,
video,10988,6,video#10988 评论 4：重点知识点总结得不错，复习方便。,5,normal,2026-01-29T10:48:13.296Z,
video,10989,1,video#10989 评论 1：如果能加配套资料就更好了。,3,normal,2026-01-31T10:48:13.296Z,
video,10989,2,video#10989 评论 2：案例很贴近实际，学完能直接上手。,3,normal,2026-01-31T10:48:13.296Z,
video,10989,3,video#10989 评论 3：如果能加配套资料就更好了。,3,normal,2026-01-22T10:48:13.296Z,
video,10989,4,video#10989 评论 4：讲师讲解很细，适合零基础。,6,normal,2026-02-03T10:48:13.296Z,
video,10990,5,video#10990 评论 1：如果能加配套资料就更好了。,0,normal,2026-01-27T10:48:13.296Z,
video,10990,6,video#10990 评论 2：案例很贴近实际，学完能直接上手。,0,normal,2026-01-27T10:48:13.296Z,
video,10990,1,video#10990 评论 3：节奏刚好，建议再补充一点练习题。,2,normal,2026-01-26T10:48:13.296Z,
video,10990,2,video#10990 评论 4：讲师讲解很细，适合零基础。,3,normal,2026-01-30T10:48:13.296Z,
video,10991,3,video#10991 评论 1：内容有深度但不晦涩，体验很好。,4,normal,2026-01-27T10:48:13.296Z,
video,10991,4,video#10991 评论 2：节奏刚好，建议再补充一点练习题。,5,normal,2026-01-30T10:48:13.296Z,
video,10991,5,video#10991 评论 3：希望后续更新更多进阶内容。,1,normal,2026-02-02T10:48:13.296Z,
video,10991,6,video#10991 评论 4：课程结构清晰，学习路线明了。,0,normal,2026-01-26T10:48:13.296Z,
video,10992,1,video#10992 评论 1：内容有深度但不晦涩，体验很好。,4,normal,2026-02-01T10:48:13.296Z,
video,10992,2,video#10992 评论 2：课程结构清晰，学习路线明了。,7,normal,2026-01-24T10:48:13.296Z,
video,10992,3,video#10992 评论 3：重点知识点总结得不错，复习方便。,4,normal,2026-02-04T10:48:13.296Z,
video,10992,4,video#10992 评论 4：案例很贴近实际，学完能直接上手。,2,normal,2026-01-23T10:48:13.296Z,
video,10993,5,video#10993 评论 1：案例很贴近实际，学完能直接上手。,1,normal,2026-01-26T10:48:13.296Z,
video,10993,6,video#10993 评论 2：希望后续更新更多进阶内容。,6,normal,2026-01-25T10:48:13.296Z,
video,10993,1,video#10993 评论 3：讲师讲解很细，适合零基础。,3,normal,2026-01-25T10:48:13.296Z,
video,10993,2,video#10993 评论 4：如果能加配套资料就更好了。,2,normal,2026-01-23T10:48:13.296Z,
video,10994,3,video#10994 评论 1：如果能加配套资料就更好了。,7,normal,2026-01-24T10:48:13.296Z,
video,10994,4,video#10994 评论 2：重点知识点总结得不错，复习方便。,6,normal,2026-01-23T10:48:13.296Z,
video,10994,5,video#10994 评论 3：实例讲解很实用，收藏了。,7,normal,2026-01-26T10:48:13.296Z,
video,10994,6,video#10994 评论 4：这节课讲得很清楚，重点很明确。,2,normal,2026-01-26T10:48:13.296Z,
video,10995,1,video#10995 评论 1：如果能加配套资料就更好了。,7,normal,2026-01-28T10:48:13.296Z,
video,10995,2,video#10995 评论 2：节奏刚好，建议再补充一点练习题。,2,normal,2026-02-04T10:48:13.296Z,
video,10995,3,video#10995 评论 3：内容有深度但不晦涩，体验很好。,6,normal,2026-02-02T10:48:13.296Z,
video,10995,4,video#10995 评论 4：内容有深度但不晦涩，体验很好。,4,normal,2026-02-03T10:48:13.296Z,